id,id_index,kode_provinsi,nama_provinsi,periode_update,kab_kota,nama_ruas_jalan,kategori,jumlah,satuan,tahun
427,4261,35,JAWA TIMUR,2025,KABUPATEN PACITAN,BTS. KAB. PONOROGO - BTS. KOTA   PACITAN,BANGUNAN PELENGKAP,0.0,KM,2025
427,4262,35,JAWA TIMUR,2025,KABUPATEN PACITAN,BTS. KAB. PONOROGO - BTS. KOTA   PACITAN,KELANDAIAN MEMENUHI,0.0,KM,2025
427,4263,35,JAWA TIMUR,2025,KABUPATEN PACITAN,BTS. KAB. PONOROGO - BTS. KOTA   PACITAN,KELANDAIAN TIDAK MEMENUHI,0.0,KM,2025
427,4264,35,JAWA TIMUR,2025,KABUPATEN PACITAN,BTS. KAB. PONOROGO - BTS. KOTA   PACITAN,LEBAR BAHU KANAN MEMENUHI,44.9,KM,2025
427,4265,35,JAWA TIMUR,2025,KABUPATEN PACITAN,BTS. KAB. PONOROGO - BTS. KOTA   PACITAN,LEBAR BAHU KANAN TIDAK MEMENUHI,0.0,KM,2025
427,4266,35,JAWA TIMUR,2025,KABUPATEN PACITAN,BTS. KAB. PONOROGO - BTS. KOTA   PACITAN,LEBAR BAHU KIRI MEMENUHI,44.9,KM,2025
427,4267,35,JAWA TIMUR,2025,KABUPATEN PACITAN,BTS. KAB. PONOROGO - BTS. KOTA   PACITAN,LEBAR BAHU KIRI TIDAK MEMENUHI,0.0,KM,2025
427,4268,35,JAWA TIMUR,2025,KABUPATEN PACITAN,BTS. KAB. PONOROGO - BTS. KOTA   PACITAN,LEBAR JALAN MEMENUHI,44.9,KM,2025
427,4269,35,JAWA TIMUR,2025,KABUPATEN PACITAN,BTS. KAB. PONOROGO - BTS. KOTA   PACITAN,LEBAR JALAN TIDAK MEMENUHI,0.0,KM,2025
427,4270,35,JAWA TIMUR,2025,KABUPATEN PACITAN,BTS. KAB. PONOROGO - BTS. KOTA   PACITAN,PANJANG JALAN,44.9,KM,2025
428,4271,35,JAWA TIMUR,2025,KABUPATEN PACITAN,JLN. TENTARA PELAJAR,BANGUNAN PELENGKAP,0.0,KM,2025
428,4272,35,JAWA TIMUR,2025,KABUPATEN PACITAN,JLN. TENTARA PELAJAR,KELANDAIAN MEMENUHI,0.0,KM,2025
428,4273,35,JAWA TIMUR,2025,KABUPATEN PACITAN,JLN. TENTARA PELAJAR,KELANDAIAN TIDAK MEMENUHI,0.0,KM,2025
428,4274,35,JAWA TIMUR,2025,KABUPATEN PACITAN,JLN. TENTARA PELAJAR,LEBAR BAHU KANAN MEMENUHI,0.0,KM,2025
428,4275,35,JAWA TIMUR,2025,KABUPATEN PACITAN,JLN. TENTARA PELAJAR,LEBAR BAHU KANAN TIDAK MEMENUHI,0.25,KM,2025
428,4276,35,JAWA TIMUR,2025,KABUPATEN PACITAN,JLN. TENTARA PELAJAR,LEBAR BAHU KIRI MEMENUHI,0.0,KM,2025
428,4277,35,JAWA TIMUR,2025,KABUPATEN PACITAN,JLN. TENTARA PELAJAR,LEBAR BAHU KIRI TIDAK MEMENUHI,2.53,KM,2025
428,4278,35,JAWA TIMUR,2025,KABUPATEN PACITAN,JLN. TENTARA PELAJAR,LEBAR JALAN MEMENUHI,2.43,KM,2025
428,4279,35,JAWA TIMUR,2025,KABUPATEN PACITAN,JLN. TENTARA PELAJAR,LEBAR JALAN TIDAK MEMENUHI,0.1,KM,2025
428,4280,35,JAWA TIMUR,2025,KABUPATEN PACITAN,JLN. TENTARA PELAJAR,PANJANG JALAN,2.53,KM,2025
429,4281,35,JAWA TIMUR,2025,KABUPATEN PACITAN,JLN. BASUKI RACMAD,BANGUNAN PELENGKAP,0.0,KM,2025
429,4282,35,JAWA TIMUR,2025,KABUPATEN PACITAN,JLN. BASUKI RACMAD,KELANDAIAN MEMENUHI,0.0,KM,2025
429,4283,35,JAWA TIMUR,2025,KABUPATEN PACITAN,JLN. BASUKI RACMAD,KELANDAIAN TIDAK MEMENUHI,0.0,KM,2025
429,4284,35,JAWA TIMUR,2025,KABUPATEN PACITAN,JLN. BASUKI RACMAD,LEBAR BAHU KANAN MEMENUHI,0.0,KM,2025
429,4285,35,JAWA TIMUR,2025,KABUPATEN PACITAN,JLN. BASUKI RACMAD,LEBAR BAHU KANAN TIDAK MEMENUHI,0.59,KM,2025
429,4286,35,JAWA TIMUR,2025,KABUPATEN PACITAN,JLN. BASUKI RACMAD,LEBAR BAHU KIRI MEMENUHI,0.0,KM,2025
429,4287,35,JAWA TIMUR,2025,KABUPATEN PACITAN,JLN. BASUKI RACMAD,LEBAR BAHU KIRI TIDAK MEMENUHI,0.59,KM,2025
429,4288,35,JAWA TIMUR,2025,KABUPATEN PACITAN,JLN. BASUKI RACMAD,LEBAR JALAN MEMENUHI,0.59,KM,2025
429,4289,35,JAWA TIMUR,2025,KABUPATEN PACITAN,JLN. BASUKI RACMAD,LEBAR JALAN TIDAK MEMENUHI,0.0,KM,2025
429,4290,35,JAWA TIMUR,2025,KABUPATEN PACITAN,JLN. BASUKI RACMAD,PANJANG JALAN,0.59,KM,2025
430,4291,35,JAWA TIMUR,2025,KABUPATEN PACITAN,ARJOSARI - PURWANTORO (BTS. PROV. JATENG),BANGUNAN PELENGKAP,0.0,KM,2025
430,4292,35,JAWA TIMUR,2025,KABUPATEN PACITAN,ARJOSARI - PURWANTORO (BTS. PROV. JATENG),KELANDAIAN MEMENUHI,0.0,KM,2025
430,4293,35,JAWA TIMUR,2025,KABUPATEN PACITAN,ARJOSARI - PURWANTORO (BTS. PROV. JATENG),KELANDAIAN TIDAK MEMENUHI,0.0,KM,2025
430,4294,35,JAWA TIMUR,2025,KABUPATEN PACITAN,ARJOSARI - PURWANTORO (BTS. PROV. JATENG),LEBAR BAHU KANAN MEMENUHI,0.0,KM,2025
430,4295,35,JAWA TIMUR,2025,KABUPATEN PACITAN,ARJOSARI - PURWANTORO (BTS. PROV. JATENG),LEBAR BAHU KANAN TIDAK MEMENUHI,46.31,KM,2025
430,4296,35,JAWA TIMUR,2025,KABUPATEN PACITAN,ARJOSARI - PURWANTORO (BTS. PROV. JATENG),LEBAR BAHU KIRI MEMENUHI,0.0,KM,2025
430,4297,35,JAWA TIMUR,2025,KABUPATEN PACITAN,ARJOSARI - PURWANTORO (BTS. PROV. JATENG),LEBAR BAHU KIRI TIDAK MEMENUHI,46.31,KM,2025
430,4298,35,JAWA TIMUR,2025,KABUPATEN PACITAN,ARJOSARI - PURWANTORO (BTS. PROV. JATENG),LEBAR JALAN MEMENUHI,0.1,KM,2025
430,4299,35,JAWA TIMUR,2025,KABUPATEN PACITAN,ARJOSARI - PURWANTORO (BTS. PROV. JATENG),LEBAR JALAN TIDAK MEMENUHI,46.21,KM,2025
430,4300,35,JAWA TIMUR,2025,KABUPATEN PACITAN,ARJOSARI - PURWANTORO (BTS. PROV. JATENG),PANJANG JALAN,46.31,KM,2025
431,4301,35,JAWA TIMUR,2025,KABUPATEN PACITAN,WARENG - MUKUS (BTS. PROV. JATENG),BANGUNAN PELENGKAP,0.0,KM,2025
431,4302,35,JAWA TIMUR,2025,KABUPATEN PACITAN,WARENG - MUKUS (BTS. PROV. JATENG),KELANDAIAN MEMENUHI,0.0,KM,2025
431,4303,35,JAWA TIMUR,2025,KABUPATEN PACITAN,WARENG - MUKUS (BTS. PROV. JATENG),KELANDAIAN TIDAK MEMENUHI,0.0,KM,2025
431,4304,35,JAWA TIMUR,2025,KABUPATEN PACITAN,WARENG - MUKUS (BTS. PROV. JATENG),LEBAR BAHU KANAN MEMENUHI,8.26,KM,2025
431,4305,35,JAWA TIMUR,2025,KABUPATEN PACITAN,WARENG - MUKUS (BTS. PROV. JATENG),LEBAR BAHU KANAN TIDAK MEMENUHI,0.0,KM,2025
431,4306,35,JAWA TIMUR,2025,KABUPATEN PACITAN,WARENG - MUKUS (BTS. PROV. JATENG),LEBAR BAHU KIRI MEMENUHI,8.26,KM,2025
431,4307,35,JAWA TIMUR,2025,KABUPATEN PACITAN,WARENG - MUKUS (BTS. PROV. JATENG),LEBAR BAHU KIRI TIDAK MEMENUHI,0.0,KM,2025
431,4308,35,JAWA TIMUR,2025,KABUPATEN PACITAN,WARENG - MUKUS (BTS. PROV. JATENG),LEBAR JALAN MEMENUHI,8.26,KM,2025
431,4309,35,JAWA TIMUR,2025,KABUPATEN PACITAN,WARENG - MUKUS (BTS. PROV. JATENG),LEBAR JALAN TIDAK MEMENUHI,0.0,KM,2025
431,4310,35,JAWA TIMUR,2025,KABUPATEN PACITAN,WARENG - MUKUS (BTS. PROV. JATENG),PANJANG JALAN,8.26,KM,2025
432,4311,35,JAWA TIMUR,2025,KABUPATEN PONOROGO,DENGOK - BTS. KAB. PACITAN,BANGUNAN PELENGKAP,0.0,KM,2025
432,4312,35,JAWA TIMUR,2025,KABUPATEN PONOROGO,DENGOK - BTS. KAB. PACITAN,KELANDAIAN MEMENUHI,0.0,KM,2025
432,4313,35,JAWA TIMUR,2025,KABUPATEN PONOROGO,DENGOK - BTS. KAB. PACITAN,KELANDAIAN TIDAK MEMENUHI,0.0,KM,2025
432,4314,35,JAWA TIMUR,2025,KABUPATEN PONOROGO,DENGOK - BTS. KAB. PACITAN,LEBAR BAHU KANAN MEMENUHI,24.07,KM,2025
432,4315,35,JAWA TIMUR,2025,KABUPATEN PONOROGO,DENGOK - BTS. KAB. PACITAN,LEBAR BAHU KANAN TIDAK MEMENUHI,0.0,KM,2025
432,4316,35,JAWA TIMUR,2025,KABUPATEN PONOROGO,DENGOK - BTS. KAB. PACITAN,LEBAR BAHU KIRI MEMENUHI,24.07,KM,2025
432,4317,35,JAWA TIMUR,2025,KABUPATEN PONOROGO,DENGOK - BTS. KAB. PACITAN,LEBAR BAHU KIRI TIDAK MEMENUHI,0.0,KM,2025
432,4318,35,JAWA TIMUR,2025,KABUPATEN PONOROGO,DENGOK - BTS. KAB. PACITAN,LEBAR JALAN MEMENUHI,24.07,KM,2025
432,4319,35,JAWA TIMUR,2025,KABUPATEN PONOROGO,DENGOK - BTS. KAB. PACITAN,LEBAR JALAN TIDAK MEMENUHI,0.0,KM,2025
432,4320,35,JAWA TIMUR,2025,KABUPATEN PONOROGO,DENGOK - BTS. KAB. PACITAN,PANJANG JALAN,24.07,KM,2025
433,4321,35,JAWA TIMUR,2025,KABUPATEN PONOROGO,BTS. KOTA PONOROGO - BITING (BTS. PROV. JATENG),BANGUNAN PELENGKAP,0.0,KM,2025
433,4322,35,JAWA TIMUR,2025,KABUPATEN PONOROGO,BTS. KOTA PONOROGO - BITING (BTS. PROV. JATENG),KELANDAIAN MEMENUHI,0.0,KM,2025
433,4323,35,JAWA TIMUR,2025,KABUPATEN PONOROGO,BTS. KOTA PONOROGO - BITING (BTS. PROV. JATENG),KELANDAIAN TIDAK MEMENUHI,0.0,KM,2025
433,4324,35,JAWA TIMUR,2025,KABUPATEN PONOROGO,BTS. KOTA PONOROGO - BITING (BTS. PROV. JATENG),LEBAR BAHU KANAN MEMENUHI,15.87,KM,2025
433,4325,35,JAWA TIMUR,2025,KABUPATEN PONOROGO,BTS. KOTA PONOROGO - BITING (BTS. PROV. JATENG),LEBAR BAHU KANAN TIDAK MEMENUHI,0.0,KM,2025
433,4326,35,JAWA TIMUR,2025,KABUPATEN PONOROGO,BTS. KOTA PONOROGO - BITING (BTS. PROV. JATENG),LEBAR BAHU KIRI MEMENUHI,15.87,KM,2025
433,4327,35,JAWA TIMUR,2025,KABUPATEN PONOROGO,BTS. KOTA PONOROGO - BITING (BTS. PROV. JATENG),LEBAR BAHU KIRI TIDAK MEMENUHI,0.0,KM,2025
433,4328,35,JAWA TIMUR,2025,KABUPATEN PONOROGO,BTS. KOTA PONOROGO - BITING (BTS. PROV. JATENG),LEBAR JALAN MEMENUHI,15.87,KM,2025
433,4329,35,JAWA TIMUR,2025,KABUPATEN PONOROGO,BTS. KOTA PONOROGO - BITING (BTS. PROV. JATENG),LEBAR JALAN TIDAK MEMENUHI,0.0,KM,2025
433,4330,35,JAWA TIMUR,2025,KABUPATEN PONOROGO,BTS. KOTA PONOROGO - BITING (BTS. PROV. JATENG),PANJANG JALAN,15.87,KM,2025
434,4331,35,JAWA TIMUR,2025,KABUPATEN PONOROGO,JLN. HAYAM WURUK,BANGUNAN PELENGKAP,0.0,KM,2025
434,4332,35,JAWA TIMUR,2025,KABUPATEN PONOROGO,JLN. HAYAM WURUK,KELANDAIAN MEMENUHI,0.0,KM,2025
434,4333,35,JAWA TIMUR,2025,KABUPATEN PONOROGO,JLN. HAYAM WURUK,KELANDAIAN TIDAK MEMENUHI,0.0,KM,2025
434,4334,35,JAWA TIMUR,2025,KABUPATEN PONOROGO,JLN. HAYAM WURUK,LEBAR BAHU KANAN MEMENUHI,2.11,KM,2025
434,4335,35,JAWA TIMUR,2025,KABUPATEN PONOROGO,JLN. HAYAM WURUK,LEBAR BAHU KANAN TIDAK MEMENUHI,0.3,KM,2025
434,4336,35,JAWA TIMUR,2025,KABUPATEN PONOROGO,JLN. HAYAM WURUK,LEBAR BAHU KIRI MEMENUHI,2.11,KM,2025
434,4337,35,JAWA TIMUR,2025,KABUPATEN PONOROGO,JLN. HAYAM WURUK,LEBAR BAHU KIRI TIDAK MEMENUHI,0.3,KM,2025
434,4338,35,JAWA TIMUR,2025,KABUPATEN PONOROGO,JLN. HAYAM WURUK,LEBAR JALAN MEMENUHI,2.41,KM,2025
434,4339,35,JAWA TIMUR,2025,KABUPATEN PONOROGO,JLN. HAYAM WURUK,LEBAR JALAN TIDAK MEMENUHI,0.0,KM,2025
434,4340,35,JAWA TIMUR,2025,KABUPATEN PONOROGO,JLN. HAYAM WURUK,PANJANG JALAN,2.41,KM,2025
435,4341,35,JAWA TIMUR,2025,KABUPATEN PONOROGO,JLN. TRUNOJOYO,BANGUNAN PELENGKAP,0.0,KM,2025
435,4342,35,JAWA TIMUR,2025,KABUPATEN PONOROGO,JLN. TRUNOJOYO,KELANDAIAN MEMENUHI,0.0,KM,2025
435,4343,35,JAWA TIMUR,2025,KABUPATEN PONOROGO,JLN. TRUNOJOYO,KELANDAIAN TIDAK MEMENUHI,0.0,KM,2025
435,4344,35,JAWA TIMUR,2025,KABUPATEN PONOROGO,JLN. TRUNOJOYO,LEBAR BAHU KANAN MEMENUHI,0.11,KM,2025
435,4345,35,JAWA TIMUR,2025,KABUPATEN PONOROGO,JLN. TRUNOJOYO,LEBAR BAHU KANAN TIDAK MEMENUHI,1.2,KM,2025
435,4346,35,JAWA TIMUR,2025,KABUPATEN PONOROGO,JLN. TRUNOJOYO,LEBAR BAHU KIRI MEMENUHI,0.21,KM,2025
435,4347,35,JAWA TIMUR,2025,KABUPATEN PONOROGO,JLN. TRUNOJOYO,LEBAR BAHU KIRI TIDAK MEMENUHI,1.1,KM,2025
435,4348,35,JAWA TIMUR,2025,KABUPATEN PONOROGO,JLN. TRUNOJOYO,LEBAR JALAN MEMENUHI,1.31,KM,2025
435,4349,35,JAWA TIMUR,2025,KABUPATEN PONOROGO,JLN. TRUNOJOYO,LEBAR JALAN TIDAK MEMENUHI,0.0,KM,2025
435,4350,35,JAWA TIMUR,2025,KABUPATEN PONOROGO,JLN. TRUNOJOYO,PANJANG JALAN,1.31,KM,2025
436,4351,35,JAWA TIMUR,2025,KABUPATEN TRENGGALEK,DURENAN - PRIGI,BANGUNAN PELENGKAP,0.0,KM,2025
436,4352,35,JAWA TIMUR,2025,KABUPATEN TRENGGALEK,DURENAN - PRIGI,KELANDAIAN MEMENUHI,0.0,KM,2025
436,4353,35,JAWA TIMUR,2025,KABUPATEN TRENGGALEK,DURENAN - PRIGI,KELANDAIAN TIDAK MEMENUHI,0.0,KM,2025
436,4354,35,JAWA TIMUR,2025,KABUPATEN TRENGGALEK,DURENAN - PRIGI,LEBAR BAHU KANAN MEMENUHI,30.0,KM,2025
436,4355,35,JAWA TIMUR,2025,KABUPATEN TRENGGALEK,DURENAN - PRIGI,LEBAR BAHU KANAN TIDAK MEMENUHI,0.0,KM,2025
436,4356,35,JAWA TIMUR,2025,KABUPATEN TRENGGALEK,DURENAN - PRIGI,LEBAR BAHU KIRI MEMENUHI,30.0,KM,2025
436,4357,35,JAWA TIMUR,2025,KABUPATEN TRENGGALEK,DURENAN - PRIGI,LEBAR BAHU KIRI TIDAK MEMENUHI,0.0,KM,2025
436,4358,35,JAWA TIMUR,2025,KABUPATEN TRENGGALEK,DURENAN - PRIGI,LEBAR JALAN MEMENUHI,1.7,KM,2025
436,4359,35,JAWA TIMUR,2025,KABUPATEN TRENGGALEK,DURENAN - PRIGI,LEBAR JALAN TIDAK MEMENUHI,28.3,KM,2025
436,4360,35,JAWA TIMUR,2025,KABUPATEN TRENGGALEK,DURENAN - PRIGI,PANJANG JALAN,30.0,KM,2025
437,4361,35,JAWA TIMUR,2025,KABUPATEN TULUNGAGUNG,NGANTRU - BTS. KAB. BLITAR,BANGUNAN PELENGKAP,0.0,KM,2025
437,4362,35,JAWA TIMUR,2025,KABUPATEN TULUNGAGUNG,NGANTRU - BTS. KAB. BLITAR,KELANDAIAN MEMENUHI,0.0,KM,2025
437,4363,35,JAWA TIMUR,2025,KABUPATEN TULUNGAGUNG,NGANTRU - BTS. KAB. BLITAR,KELANDAIAN TIDAK MEMENUHI,0.0,KM,2025
437,4364,35,JAWA TIMUR,2025,KABUPATEN TULUNGAGUNG,NGANTRU - BTS. KAB. BLITAR,LEBAR BAHU KANAN MEMENUHI,8.86,KM,2025
437,4365,35,JAWA TIMUR,2025,KABUPATEN TULUNGAGUNG,NGANTRU - BTS. KAB. BLITAR,LEBAR BAHU KANAN TIDAK MEMENUHI,0.7,KM,2025
437,4366,35,JAWA TIMUR,2025,KABUPATEN TULUNGAGUNG,NGANTRU - BTS. KAB. BLITAR,LEBAR BAHU KIRI MEMENUHI,9.56,KM,2025
437,4367,35,JAWA TIMUR,2025,KABUPATEN TULUNGAGUNG,NGANTRU - BTS. KAB. BLITAR,LEBAR BAHU KIRI TIDAK MEMENUHI,0.0,KM,2025
437,4368,35,JAWA TIMUR,2025,KABUPATEN TULUNGAGUNG,NGANTRU - BTS. KAB. BLITAR,LEBAR JALAN MEMENUHI,0.4,KM,2025
437,4369,35,JAWA TIMUR,2025,KABUPATEN TULUNGAGUNG,NGANTRU - BTS. KAB. BLITAR,LEBAR JALAN TIDAK MEMENUHI,9.16,KM,2025
437,4370,35,JAWA TIMUR,2025,KABUPATEN TULUNGAGUNG,NGANTRU - BTS. KAB. BLITAR,PANJANG JALAN,9.56,KM,2025
438,4371,35,JAWA TIMUR,2025,KABUPATEN BLITAR,BTS. KAB. KEDIRI - SRENGAT,BANGUNAN PELENGKAP,0.0,KM,2025
438,4372,35,JAWA TIMUR,2025,KABUPATEN BLITAR,BTS. KAB. KEDIRI - SRENGAT,KELANDAIAN MEMENUHI,0.0,KM,2025
438,4373,35,JAWA TIMUR,2025,KABUPATEN BLITAR,BTS. KAB. KEDIRI - SRENGAT,KELANDAIAN TIDAK MEMENUHI,0.0,KM,2025
438,4374,35,JAWA TIMUR,2025,KABUPATEN BLITAR,BTS. KAB. KEDIRI - SRENGAT,LEBAR BAHU KANAN MEMENUHI,8.11,KM,2025
438,4375,35,JAWA TIMUR,2025,KABUPATEN BLITAR,BTS. KAB. KEDIRI - SRENGAT,LEBAR BAHU KANAN TIDAK MEMENUHI,0.0,KM,2025
438,4376,35,JAWA TIMUR,2025,KABUPATEN BLITAR,BTS. KAB. KEDIRI - SRENGAT,LEBAR BAHU KIRI MEMENUHI,7.71,KM,2025
438,4377,35,JAWA TIMUR,2025,KABUPATEN BLITAR,BTS. KAB. KEDIRI - SRENGAT,LEBAR BAHU KIRI TIDAK MEMENUHI,0.4,KM,2025
438,4378,35,JAWA TIMUR,2025,KABUPATEN BLITAR,BTS. KAB. KEDIRI - SRENGAT,LEBAR JALAN MEMENUHI,2.61,KM,2025
438,4379,35,JAWA TIMUR,2025,KABUPATEN BLITAR,BTS. KAB. KEDIRI - SRENGAT,LEBAR JALAN TIDAK MEMENUHI,5.5,KM,2025
438,4380,35,JAWA TIMUR,2025,KABUPATEN BLITAR,BTS. KAB. KEDIRI - SRENGAT,PANJANG JALAN,8.11,KM,2025
439,4381,35,JAWA TIMUR,2025,KABUPATEN BLITAR,BTS. KAB. TULUNGAGUNG - SRENGAT,BANGUNAN PELENGKAP,0.0,KM,2025
439,4382,35,JAWA TIMUR,2025,KABUPATEN BLITAR,BTS. KAB. TULUNGAGUNG - SRENGAT,KELANDAIAN MEMENUHI,0.0,KM,2025
439,4383,35,JAWA TIMUR,2025,KABUPATEN BLITAR,BTS. KAB. TULUNGAGUNG - SRENGAT,KELANDAIAN TIDAK MEMENUHI,0.0,KM,2025
439,4384,35,JAWA TIMUR,2025,KABUPATEN BLITAR,BTS. KAB. TULUNGAGUNG - SRENGAT,LEBAR BAHU KANAN MEMENUHI,10.21,KM,2025
439,4385,35,JAWA TIMUR,2025,KABUPATEN BLITAR,BTS. KAB. TULUNGAGUNG - SRENGAT,LEBAR BAHU KANAN TIDAK MEMENUHI,0.0,KM,2025
439,4386,35,JAWA TIMUR,2025,KABUPATEN BLITAR,BTS. KAB. TULUNGAGUNG - SRENGAT,LEBAR BAHU KIRI MEMENUHI,10.21,KM,2025
439,4387,35,JAWA TIMUR,2025,KABUPATEN BLITAR,BTS. KAB. TULUNGAGUNG - SRENGAT,LEBAR BAHU KIRI TIDAK MEMENUHI,0.0,KM,2025
439,4388,35,JAWA TIMUR,2025,KABUPATEN BLITAR,BTS. KAB. TULUNGAGUNG - SRENGAT,LEBAR JALAN MEMENUHI,0.0,KM,2025
439,4389,35,JAWA TIMUR,2025,KABUPATEN BLITAR,BTS. KAB. TULUNGAGUNG - SRENGAT,LEBAR JALAN TIDAK MEMENUHI,10.21,KM,2025
439,4390,35,JAWA TIMUR,2025,KABUPATEN BLITAR,BTS. KAB. TULUNGAGUNG - SRENGAT,PANJANG JALAN,10.21,KM,2025
440,4391,35,JAWA TIMUR,2025,KABUPATEN BLITAR,SRENGAT - BTS. KOTA BLITAR,BANGUNAN PELENGKAP,0.0,KM,2025
440,4392,35,JAWA TIMUR,2025,KABUPATEN BLITAR,SRENGAT - BTS. KOTA BLITAR,KELANDAIAN MEMENUHI,0.0,KM,2025
440,4393,35,JAWA TIMUR,2025,KABUPATEN BLITAR,SRENGAT - BTS. KOTA BLITAR,KELANDAIAN TIDAK MEMENUHI,0.0,KM,2025
440,4394,35,JAWA TIMUR,2025,KABUPATEN BLITAR,SRENGAT - BTS. KOTA BLITAR,LEBAR BAHU KANAN MEMENUHI,10.44,KM,2025
440,4395,35,JAWA TIMUR,2025,KABUPATEN BLITAR,SRENGAT - BTS. KOTA BLITAR,LEBAR BAHU KANAN TIDAK MEMENUHI,0.0,KM,2025
440,4396,35,JAWA TIMUR,2025,KABUPATEN BLITAR,SRENGAT - BTS. KOTA BLITAR,LEBAR BAHU KIRI MEMENUHI,10.44,KM,2025
440,4397,35,JAWA TIMUR,2025,KABUPATEN BLITAR,SRENGAT - BTS. KOTA BLITAR,LEBAR BAHU KIRI TIDAK MEMENUHI,0.0,KM,2025
440,4398,35,JAWA TIMUR,2025,KABUPATEN BLITAR,SRENGAT - BTS. KOTA BLITAR,LEBAR JALAN MEMENUHI,2.74,KM,2025
440,4399,35,JAWA TIMUR,2025,KABUPATEN BLITAR,SRENGAT - BTS. KOTA BLITAR,LEBAR JALAN TIDAK MEMENUHI,7.7,KM,2025
440,4400,35,JAWA TIMUR,2025,KABUPATEN BLITAR,SRENGAT - BTS. KOTA BLITAR,PANJANG JALAN,10.44,KM,2025
441,4401,35,JAWA TIMUR,2025,KABUPATEN KEDIRI,BTS. KAB. NGANJUK - BTS. KOTA KEDIRI,BANGUNAN PELENGKAP,0.0,KM,2025
441,4402,35,JAWA TIMUR,2025,KABUPATEN KEDIRI,BTS. KAB. NGANJUK - BTS. KOTA KEDIRI,KELANDAIAN MEMENUHI,0.0,KM,2025
441,4403,35,JAWA TIMUR,2025,KABUPATEN KEDIRI,BTS. KAB. NGANJUK - BTS. KOTA KEDIRI,KELANDAIAN TIDAK MEMENUHI,0.0,KM,2025
441,4404,35,JAWA TIMUR,2025,KABUPATEN KEDIRI,BTS. KAB. NGANJUK - BTS. KOTA KEDIRI,LEBAR BAHU KANAN MEMENUHI,10.78,KM,2025
441,4405,35,JAWA TIMUR,2025,KABUPATEN KEDIRI,BTS. KAB. NGANJUK - BTS. KOTA KEDIRI,LEBAR BAHU KANAN TIDAK MEMENUHI,0.0,KM,2025
441,4406,35,JAWA TIMUR,2025,KABUPATEN KEDIRI,BTS. KAB. NGANJUK - BTS. KOTA KEDIRI,LEBAR BAHU KIRI MEMENUHI,10.78,KM,2025
441,4407,35,JAWA TIMUR,2025,KABUPATEN KEDIRI,BTS. KAB. NGANJUK - BTS. KOTA KEDIRI,LEBAR BAHU KIRI TIDAK MEMENUHI,0.0,KM,2025
441,4408,35,JAWA TIMUR,2025,KABUPATEN KEDIRI,BTS. KAB. NGANJUK - BTS. KOTA KEDIRI,LEBAR JALAN MEMENUHI,10.78,KM,2025
441,4409,35,JAWA TIMUR,2025,KABUPATEN KEDIRI,BTS. KAB. NGANJUK - BTS. KOTA KEDIRI,LEBAR JALAN TIDAK MEMENUHI,0.0,KM,2025
441,4410,35,JAWA TIMUR,2025,KABUPATEN KEDIRI,BTS. KAB. NGANJUK - BTS. KOTA KEDIRI,PANJANG JALAN,10.78,KM,2025
442,4411,35,JAWA TIMUR,2025,KABUPATEN KEDIRI,BTS. KOTA KEDIRI - BTS. KAB. BLITAR (SRENGAT),BANGUNAN PELENGKAP,0.0,KM,2025
442,4412,35,JAWA TIMUR,2025,KABUPATEN KEDIRI,BTS. KOTA KEDIRI - BTS. KAB. BLITAR (SRENGAT),KELANDAIAN MEMENUHI,0.0,KM,2025
442,4413,35,JAWA TIMUR,2025,KABUPATEN KEDIRI,BTS. KOTA KEDIRI - BTS. KAB. BLITAR (SRENGAT),KELANDAIAN TIDAK MEMENUHI,0.0,KM,2025
442,4414,35,JAWA TIMUR,2025,KABUPATEN KEDIRI,BTS. KOTA KEDIRI - BTS. KAB. BLITAR (SRENGAT),LEBAR BAHU KANAN MEMENUHI,14.39,KM,2025
442,4415,35,JAWA TIMUR,2025,KABUPATEN KEDIRI,BTS. KOTA KEDIRI - BTS. KAB. BLITAR (SRENGAT),LEBAR BAHU KANAN TIDAK MEMENUHI,0.1,KM,2025
442,4416,35,JAWA TIMUR,2025,KABUPATEN KEDIRI,BTS. KOTA KEDIRI - BTS. KAB. BLITAR (SRENGAT),LEBAR BAHU KIRI MEMENUHI,14.49,KM,2025
442,4417,35,JAWA TIMUR,2025,KABUPATEN KEDIRI,BTS. KOTA KEDIRI - BTS. KAB. BLITAR (SRENGAT),LEBAR BAHU KIRI TIDAK MEMENUHI,0.0,KM,2025
442,4418,35,JAWA TIMUR,2025,KABUPATEN KEDIRI,BTS. KOTA KEDIRI - BTS. KAB. BLITAR (SRENGAT),LEBAR JALAN MEMENUHI,3.89,KM,2025
442,4419,35,JAWA TIMUR,2025,KABUPATEN KEDIRI,BTS. KOTA KEDIRI - BTS. KAB. BLITAR (SRENGAT),LEBAR JALAN TIDAK MEMENUHI,10.6,KM,2025
442,4420,35,JAWA TIMUR,2025,KABUPATEN KEDIRI,BTS. KOTA KEDIRI - BTS. KAB. BLITAR (SRENGAT),PANJANG JALAN,14.49,KM,2025
443,4421,35,JAWA TIMUR,2025,KABUPATEN KEDIRI,BTS. KAB. JOMBANG - BTS. KOTA PARE,BANGUNAN PELENGKAP,0.0,KM,2025
443,4422,35,JAWA TIMUR,2025,KABUPATEN KEDIRI,BTS. KAB. JOMBANG - BTS. KOTA PARE,KELANDAIAN MEMENUHI,0.0,KM,2025
443,4423,35,JAWA TIMUR,2025,KABUPATEN KEDIRI,BTS. KAB. JOMBANG - BTS. KOTA PARE,KELANDAIAN TIDAK MEMENUHI,0.0,KM,2025
443,4424,35,JAWA TIMUR,2025,KABUPATEN KEDIRI,BTS. KAB. JOMBANG - BTS. KOTA PARE,LEBAR BAHU KANAN MEMENUHI,5.88,KM,2025
443,4425,35,JAWA TIMUR,2025,KABUPATEN KEDIRI,BTS. KAB. JOMBANG - BTS. KOTA PARE,LEBAR BAHU KANAN TIDAK MEMENUHI,0.2,KM,2025
443,4426,35,JAWA TIMUR,2025,KABUPATEN KEDIRI,BTS. KAB. JOMBANG - BTS. KOTA PARE,LEBAR BAHU KIRI MEMENUHI,6.08,KM,2025
443,4427,35,JAWA TIMUR,2025,KABUPATEN KEDIRI,BTS. KAB. JOMBANG - BTS. KOTA PARE,LEBAR BAHU KIRI TIDAK MEMENUHI,0.0,KM,2025
443,4428,35,JAWA TIMUR,2025,KABUPATEN KEDIRI,BTS. KAB. JOMBANG - BTS. KOTA PARE,LEBAR JALAN MEMENUHI,0.18,KM,2025
443,4429,35,JAWA TIMUR,2025,KABUPATEN KEDIRI,BTS. KAB. JOMBANG - BTS. KOTA PARE,LEBAR JALAN TIDAK MEMENUHI,5.9,KM,2025
443,4430,35,JAWA TIMUR,2025,KABUPATEN KEDIRI,BTS. KAB. JOMBANG - BTS. KOTA PARE,PANJANG JALAN,6.08,KM,2025
444,4431,35,JAWA TIMUR,2025,KABUPATEN KEDIRI,JLN. COKROAMINOTO (PARE),BANGUNAN PELENGKAP,0.0,KM,2025
444,4432,35,JAWA TIMUR,2025,KABUPATEN KEDIRI,JLN. COKROAMINOTO (PARE),KELANDAIAN MEMENUHI,0.0,KM,2025
444,4433,35,JAWA TIMUR,2025,KABUPATEN KEDIRI,JLN. COKROAMINOTO (PARE),KELANDAIAN TIDAK MEMENUHI,0.0,KM,2025
444,4434,35,JAWA TIMUR,2025,KABUPATEN KEDIRI,JLN. COKROAMINOTO (PARE),LEBAR BAHU KANAN MEMENUHI,1.9,KM,2025
444,4435,35,JAWA TIMUR,2025,KABUPATEN KEDIRI,JLN. COKROAMINOTO (PARE),LEBAR BAHU KANAN TIDAK MEMENUHI,0.0,KM,2025
444,4436,35,JAWA TIMUR,2025,KABUPATEN KEDIRI,JLN. COKROAMINOTO (PARE),LEBAR BAHU KIRI MEMENUHI,1.9,KM,2025
444,4437,35,JAWA TIMUR,2025,KABUPATEN KEDIRI,JLN. COKROAMINOTO (PARE),LEBAR BAHU KIRI TIDAK MEMENUHI,0.0,KM,2025
444,4438,35,JAWA TIMUR,2025,KABUPATEN KEDIRI,JLN. COKROAMINOTO (PARE),LEBAR JALAN MEMENUHI,1.9,KM,2025
444,4439,35,JAWA TIMUR,2025,KABUPATEN KEDIRI,JLN. COKROAMINOTO (PARE),LEBAR JALAN TIDAK MEMENUHI,0.0,KM,2025
444,4440,35,JAWA TIMUR,2025,KABUPATEN KEDIRI,JLN. COKROAMINOTO (PARE),PANJANG JALAN,1.9,KM,2025
445,4441,35,JAWA TIMUR,2025,KABUPATEN KEDIRI,JLN. KI HAJAR DEWANTORO (PARE),BANGUNAN PELENGKAP,0.0,KM,2025
445,4442,35,JAWA TIMUR,2025,KABUPATEN KEDIRI,JLN. KI HAJAR DEWANTORO (PARE),KELANDAIAN MEMENUHI,0.0,KM,2025
445,4443,35,JAWA TIMUR,2025,KABUPATEN KEDIRI,JLN. KI HAJAR DEWANTORO (PARE),KELANDAIAN TIDAK MEMENUHI,0.0,KM,2025
445,4444,35,JAWA TIMUR,2025,KABUPATEN KEDIRI,JLN. KI HAJAR DEWANTORO (PARE),LEBAR BAHU KANAN MEMENUHI,1.76,KM,2025
445,4445,35,JAWA TIMUR,2025,KABUPATEN KEDIRI,JLN. KI HAJAR DEWANTORO (PARE),LEBAR BAHU KANAN TIDAK MEMENUHI,0.0,KM,2025
445,4446,35,JAWA TIMUR,2025,KABUPATEN KEDIRI,JLN. KI HAJAR DEWANTORO (PARE),LEBAR BAHU KIRI MEMENUHI,0.0,KM,2025
445,4447,35,JAWA TIMUR,2025,KABUPATEN KEDIRI,JLN. KI HAJAR DEWANTORO (PARE),LEBAR BAHU KIRI TIDAK MEMENUHI,1.76,KM,2025
445,4448,35,JAWA TIMUR,2025,KABUPATEN KEDIRI,JLN. KI HAJAR DEWANTORO (PARE),LEBAR JALAN MEMENUHI,0.0,KM,2025
445,4449,35,JAWA TIMUR,2025,KABUPATEN KEDIRI,JLN. KI HAJAR DEWANTORO (PARE),LEBAR JALAN TIDAK MEMENUHI,1.76,KM,2025
445,4450,35,JAWA TIMUR,2025,KABUPATEN KEDIRI,JLN. KI HAJAR DEWANTORO (PARE),PANJANG JALAN,1.76,KM,2025
446,4451,35,JAWA TIMUR,2025,KABUPATEN KEDIRI,JLN. VETERAN (PARE),BANGUNAN PELENGKAP,0.0,KM,2025
446,4452,35,JAWA TIMUR,2025,KABUPATEN KEDIRI,JLN. VETERAN (PARE),KELANDAIAN MEMENUHI,0.0,KM,2025
446,4453,35,JAWA TIMUR,2025,KABUPATEN KEDIRI,JLN. VETERAN (PARE),KELANDAIAN TIDAK MEMENUHI,0.0,KM,2025
446,4454,35,JAWA TIMUR,2025,KABUPATEN KEDIRI,JLN. VETERAN (PARE),LEBAR BAHU KANAN MEMENUHI,2.0,KM,2025
446,4455,35,JAWA TIMUR,2025,KABUPATEN KEDIRI,JLN. VETERAN (PARE),LEBAR BAHU KANAN TIDAK MEMENUHI,0.0,KM,2025
446,4456,35,JAWA TIMUR,2025,KABUPATEN KEDIRI,JLN. VETERAN (PARE),LEBAR BAHU KIRI MEMENUHI,0.0,KM,2025
446,4457,35,JAWA TIMUR,2025,KABUPATEN KEDIRI,JLN. VETERAN (PARE),LEBAR BAHU KIRI TIDAK MEMENUHI,2.0,KM,2025
446,4458,35,JAWA TIMUR,2025,KABUPATEN KEDIRI,JLN. VETERAN (PARE),LEBAR JALAN MEMENUHI,0.0,KM,2025
446,4459,35,JAWA TIMUR,2025,KABUPATEN KEDIRI,JLN. VETERAN (PARE),LEBAR JALAN TIDAK MEMENUHI,2.0,KM,2025
446,4460,35,JAWA TIMUR,2025,KABUPATEN KEDIRI,JLN. VETERAN (PARE),PANJANG JALAN,2.0,KM,2025
447,4461,35,JAWA TIMUR,2025,KABUPATEN KEDIRI,JLN. DR. WAHIDIN. S (PARE),BANGUNAN PELENGKAP,0.0,KM,2025
447,4462,35,JAWA TIMUR,2025,KABUPATEN KEDIRI,JLN. DR. WAHIDIN. S (PARE),KELANDAIAN MEMENUHI,0.0,KM,2025
447,4463,35,JAWA TIMUR,2025,KABUPATEN KEDIRI,JLN. DR. WAHIDIN. S (PARE),KELANDAIAN TIDAK MEMENUHI,0.0,KM,2025
447,4464,35,JAWA TIMUR,2025,KABUPATEN KEDIRI,JLN. DR. WAHIDIN. S (PARE),LEBAR BAHU KANAN MEMENUHI,0.49,KM,2025
447,4465,35,JAWA TIMUR,2025,KABUPATEN KEDIRI,JLN. DR. WAHIDIN. S (PARE),LEBAR BAHU KANAN TIDAK MEMENUHI,0.0,KM,2025
447,4466,35,JAWA TIMUR,2025,KABUPATEN KEDIRI,JLN. DR. WAHIDIN. S (PARE),LEBAR BAHU KIRI MEMENUHI,0.1,KM,2025
447,4467,35,JAWA TIMUR,2025,KABUPATEN KEDIRI,JLN. DR. WAHIDIN. S (PARE),LEBAR BAHU KIRI TIDAK MEMENUHI,0.39,KM,2025
447,4468,35,JAWA TIMUR,2025,KABUPATEN KEDIRI,JLN. DR. WAHIDIN. S (PARE),LEBAR JALAN MEMENUHI,0.0,KM,2025
447,4469,35,JAWA TIMUR,2025,KABUPATEN KEDIRI,JLN. DR. WAHIDIN. S (PARE),LEBAR JALAN TIDAK MEMENUHI,0.49,KM,2025
447,4470,35,JAWA TIMUR,2025,KABUPATEN KEDIRI,JLN. DR. WAHIDIN. S (PARE),PANJANG JALAN,0.49,KM,2025
448,4471,35,JAWA TIMUR,2025,KABUPATEN KEDIRI,JLN. GAJAH MADA (PARE),BANGUNAN PELENGKAP,0.0,KM,2025
448,4472,35,JAWA TIMUR,2025,KABUPATEN KEDIRI,JLN. GAJAH MADA (PARE),KELANDAIAN MEMENUHI,0.0,KM,2025
448,4473,35,JAWA TIMUR,2025,KABUPATEN KEDIRI,JLN. GAJAH MADA (PARE),KELANDAIAN TIDAK MEMENUHI,0.0,KM,2025
448,4474,35,JAWA TIMUR,2025,KABUPATEN KEDIRI,JLN. GAJAH MADA (PARE),LEBAR BAHU KANAN MEMENUHI,1.56,KM,2025
448,4475,35,JAWA TIMUR,2025,KABUPATEN KEDIRI,JLN. GAJAH MADA (PARE),LEBAR BAHU KANAN TIDAK MEMENUHI,0.0,KM,2025
448,4476,35,JAWA TIMUR,2025,KABUPATEN KEDIRI,JLN. GAJAH MADA (PARE),LEBAR BAHU KIRI MEMENUHI,1.56,KM,2025
448,4477,35,JAWA TIMUR,2025,KABUPATEN KEDIRI,JLN. GAJAH MADA (PARE),LEBAR BAHU KIRI TIDAK MEMENUHI,0.0,KM,2025
448,4478,35,JAWA TIMUR,2025,KABUPATEN KEDIRI,JLN. GAJAH MADA (PARE),LEBAR JALAN MEMENUHI,0.0,KM,2025
448,4479,35,JAWA TIMUR,2025,KABUPATEN KEDIRI,JLN. GAJAH MADA (PARE),LEBAR JALAN TIDAK MEMENUHI,1.56,KM,2025
448,4480,35,JAWA TIMUR,2025,KABUPATEN KEDIRI,JLN. GAJAH MADA (PARE),PANJANG JALAN,1.56,KM,2025
449,4481,35,JAWA TIMUR,2025,KABUPATEN KEDIRI,JLN. PANGLIMA POLIM (PARE),BANGUNAN PELENGKAP,0.0,KM,2025
449,4482,35,JAWA TIMUR,2025,KABUPATEN KEDIRI,JLN. PANGLIMA POLIM (PARE),KELANDAIAN MEMENUHI,0.0,KM,2025
449,4483,35,JAWA TIMUR,2025,KABUPATEN KEDIRI,JLN. PANGLIMA POLIM (PARE),KELANDAIAN TIDAK MEMENUHI,0.0,KM,2025
449,4484,35,JAWA TIMUR,2025,KABUPATEN KEDIRI,JLN. PANGLIMA POLIM (PARE),LEBAR BAHU KANAN MEMENUHI,0.5,KM,2025
449,4485,35,JAWA TIMUR,2025,KABUPATEN KEDIRI,JLN. PANGLIMA POLIM (PARE),LEBAR BAHU KANAN TIDAK MEMENUHI,1.28,KM,2025
449,4486,35,JAWA TIMUR,2025,KABUPATEN KEDIRI,JLN. PANGLIMA POLIM (PARE),LEBAR BAHU KIRI MEMENUHI,1.78,KM,2025
449,4487,35,JAWA TIMUR,2025,KABUPATEN KEDIRI,JLN. PANGLIMA POLIM (PARE),LEBAR BAHU KIRI TIDAK MEMENUHI,0.0,KM,2025
449,4488,35,JAWA TIMUR,2025,KABUPATEN KEDIRI,JLN. PANGLIMA POLIM (PARE),LEBAR JALAN MEMENUHI,0.0,KM,2025
449,4489,35,JAWA TIMUR,2025,KABUPATEN KEDIRI,JLN. PANGLIMA POLIM (PARE),LEBAR JALAN TIDAK MEMENUHI,1.78,KM,2025
449,4490,35,JAWA TIMUR,2025,KABUPATEN KEDIRI,JLN. PANGLIMA POLIM (PARE),PANJANG JALAN,1.78,KM,2025
450,4491,35,JAWA TIMUR,2025,KABUPATEN KEDIRI,BTS. KAB. JOMBANG - KANDANGAN,BANGUNAN PELENGKAP,0.0,KM,2025
450,4492,35,JAWA TIMUR,2025,KABUPATEN KEDIRI,BTS. KAB. JOMBANG - KANDANGAN,KELANDAIAN MEMENUHI,0.0,KM,2025
450,4493,35,JAWA TIMUR,2025,KABUPATEN KEDIRI,BTS. KAB. JOMBANG - KANDANGAN,KELANDAIAN TIDAK MEMENUHI,0.0,KM,2025
450,4494,35,JAWA TIMUR,2025,KABUPATEN KEDIRI,BTS. KAB. JOMBANG - KANDANGAN,LEBAR BAHU KANAN MEMENUHI,4.59,KM,2025
450,4495,35,JAWA TIMUR,2025,KABUPATEN KEDIRI,BTS. KAB. JOMBANG - KANDANGAN,LEBAR BAHU KANAN TIDAK MEMENUHI,0.0,KM,2025
450,4496,35,JAWA TIMUR,2025,KABUPATEN KEDIRI,BTS. KAB. JOMBANG - KANDANGAN,LEBAR BAHU KIRI MEMENUHI,4.59,KM,2025
450,4497,35,JAWA TIMUR,2025,KABUPATEN KEDIRI,BTS. KAB. JOMBANG - KANDANGAN,LEBAR BAHU KIRI TIDAK MEMENUHI,0.0,KM,2025
450,4498,35,JAWA TIMUR,2025,KABUPATEN KEDIRI,BTS. KAB. JOMBANG - KANDANGAN,LEBAR JALAN MEMENUHI,1.29,KM,2025
450,4499,35,JAWA TIMUR,2025,KABUPATEN KEDIRI,BTS. KAB. JOMBANG - KANDANGAN,LEBAR JALAN TIDAK MEMENUHI,3.3,KM,2025
450,4500,35,JAWA TIMUR,2025,KABUPATEN KEDIRI,BTS. KAB. JOMBANG - KANDANGAN,PANJANG JALAN,4.59,KM,2025
451,4501,35,JAWA TIMUR,2025,KABUPATEN KEDIRI,BTS. KAB. MALANG - KANDANGAN,BANGUNAN PELENGKAP,0.0,KM,2025
451,4502,35,JAWA TIMUR,2025,KABUPATEN KEDIRI,BTS. KAB. MALANG - KANDANGAN,KELANDAIAN MEMENUHI,0.0,KM,2025
451,4503,35,JAWA TIMUR,2025,KABUPATEN KEDIRI,BTS. KAB. MALANG - KANDANGAN,KELANDAIAN TIDAK MEMENUHI,0.0,KM,2025
451,4504,35,JAWA TIMUR,2025,KABUPATEN KEDIRI,BTS. KAB. MALANG - KANDANGAN,LEBAR BAHU KANAN MEMENUHI,2.04,KM,2025
451,4505,35,JAWA TIMUR,2025,KABUPATEN KEDIRI,BTS. KAB. MALANG - KANDANGAN,LEBAR BAHU KANAN TIDAK MEMENUHI,0.0,KM,2025
451,4506,35,JAWA TIMUR,2025,KABUPATEN KEDIRI,BTS. KAB. MALANG - KANDANGAN,LEBAR BAHU KIRI MEMENUHI,2.04,KM,2025
451,4507,35,JAWA TIMUR,2025,KABUPATEN KEDIRI,BTS. KAB. MALANG - KANDANGAN,LEBAR BAHU KIRI TIDAK MEMENUHI,0.0,KM,2025
451,4508,35,JAWA TIMUR,2025,KABUPATEN KEDIRI,BTS. KAB. MALANG - KANDANGAN,LEBAR JALAN MEMENUHI,0.34,KM,2025
451,4509,35,JAWA TIMUR,2025,KABUPATEN KEDIRI,BTS. KAB. MALANG - KANDANGAN,LEBAR JALAN TIDAK MEMENUHI,1.7,KM,2025
451,4510,35,JAWA TIMUR,2025,KABUPATEN KEDIRI,BTS. KAB. MALANG - KANDANGAN,PANJANG JALAN,2.04,KM,2025
452,4511,35,JAWA TIMUR,2025,KABUPATEN KEDIRI,KANDANGAN - BTS. KOTA PARE,BANGUNAN PELENGKAP,0.0,KM,2025
452,4512,35,JAWA TIMUR,2025,KABUPATEN KEDIRI,KANDANGAN - BTS. KOTA PARE,KELANDAIAN MEMENUHI,0.0,KM,2025
452,4513,35,JAWA TIMUR,2025,KABUPATEN KEDIRI,KANDANGAN - BTS. KOTA PARE,KELANDAIAN TIDAK MEMENUHI,0.0,KM,2025
452,4514,35,JAWA TIMUR,2025,KABUPATEN KEDIRI,KANDANGAN - BTS. KOTA PARE,LEBAR BAHU KANAN MEMENUHI,6.04,KM,2025
452,4515,35,JAWA TIMUR,2025,KABUPATEN KEDIRI,KANDANGAN - BTS. KOTA PARE,LEBAR BAHU KANAN TIDAK MEMENUHI,0.0,KM,2025
452,4516,35,JAWA TIMUR,2025,KABUPATEN KEDIRI,KANDANGAN - BTS. KOTA PARE,LEBAR BAHU KIRI MEMENUHI,6.04,KM,2025
452,4517,35,JAWA TIMUR,2025,KABUPATEN KEDIRI,KANDANGAN - BTS. KOTA PARE,LEBAR BAHU KIRI TIDAK MEMENUHI,0.0,KM,2025
452,4518,35,JAWA TIMUR,2025,KABUPATEN KEDIRI,KANDANGAN - BTS. KOTA PARE,LEBAR JALAN MEMENUHI,0.5,KM,2025
452,4519,35,JAWA TIMUR,2025,KABUPATEN KEDIRI,KANDANGAN - BTS. KOTA PARE,LEBAR JALAN TIDAK MEMENUHI,5.54,KM,2025
452,4520,35,JAWA TIMUR,2025,KABUPATEN KEDIRI,KANDANGAN - BTS. KOTA PARE,PANJANG JALAN,6.04,KM,2025
453,4521,35,JAWA TIMUR,2025,KABUPATEN KEDIRI,JLN. MAYOR BISMO (PARE),BANGUNAN PELENGKAP,0.0,KM,2025
453,4522,35,JAWA TIMUR,2025,KABUPATEN KEDIRI,JLN. MAYOR BISMO (PARE),KELANDAIAN MEMENUHI,0.0,KM,2025
453,4523,35,JAWA TIMUR,2025,KABUPATEN KEDIRI,JLN. MAYOR BISMO (PARE),KELANDAIAN TIDAK MEMENUHI,0.0,KM,2025
453,4524,35,JAWA TIMUR,2025,KABUPATEN KEDIRI,JLN. MAYOR BISMO (PARE),LEBAR BAHU KANAN MEMENUHI,2.99,KM,2025
453,4525,35,JAWA TIMUR,2025,KABUPATEN KEDIRI,JLN. MAYOR BISMO (PARE),LEBAR BAHU KANAN TIDAK MEMENUHI,0.0,KM,2025
453,4526,35,JAWA TIMUR,2025,KABUPATEN KEDIRI,JLN. MAYOR BISMO (PARE),LEBAR BAHU KIRI MEMENUHI,2.99,KM,2025
453,4527,35,JAWA TIMUR,2025,KABUPATEN KEDIRI,JLN. MAYOR BISMO (PARE),LEBAR BAHU KIRI TIDAK MEMENUHI,0.0,KM,2025
453,4528,35,JAWA TIMUR,2025,KABUPATEN KEDIRI,JLN. MAYOR BISMO (PARE),LEBAR JALAN MEMENUHI,0.0,KM,2025
453,4529,35,JAWA TIMUR,2025,KABUPATEN KEDIRI,JLN. MAYOR BISMO (PARE),LEBAR JALAN TIDAK MEMENUHI,2.99,KM,2025
453,4530,35,JAWA TIMUR,2025,KABUPATEN KEDIRI,JLN. MAYOR BISMO (PARE),PANJANG JALAN,2.99,KM,2025
454,4531,35,JAWA TIMUR,2025,KABUPATEN KEDIRI,JLN. LETJEN SUTOYO (PARE),BANGUNAN PELENGKAP,0.0,KM,2025
454,4532,35,JAWA TIMUR,2025,KABUPATEN KEDIRI,JLN. LETJEN SUTOYO (PARE),KELANDAIAN MEMENUHI,0.0,KM,2025
454,4533,35,JAWA TIMUR,2025,KABUPATEN KEDIRI,JLN. LETJEN SUTOYO (PARE),KELANDAIAN TIDAK MEMENUHI,0.0,KM,2025
454,4534,35,JAWA TIMUR,2025,KABUPATEN KEDIRI,JLN. LETJEN SUTOYO (PARE),LEBAR BAHU KANAN MEMENUHI,1.51,KM,2025
454,4535,35,JAWA TIMUR,2025,KABUPATEN KEDIRI,JLN. LETJEN SUTOYO (PARE),LEBAR BAHU KANAN TIDAK MEMENUHI,0.0,KM,2025
454,4536,35,JAWA TIMUR,2025,KABUPATEN KEDIRI,JLN. LETJEN SUTOYO (PARE),LEBAR BAHU KIRI MEMENUHI,1.51,KM,2025
454,4537,35,JAWA TIMUR,2025,KABUPATEN KEDIRI,JLN. LETJEN SUTOYO (PARE),LEBAR BAHU KIRI TIDAK MEMENUHI,0.0,KM,2025
454,4538,35,JAWA TIMUR,2025,KABUPATEN KEDIRI,JLN. LETJEN SUTOYO (PARE),LEBAR JALAN MEMENUHI,1.51,KM,2025
454,4539,35,JAWA TIMUR,2025,KABUPATEN KEDIRI,JLN. LETJEN SUTOYO (PARE),LEBAR JALAN TIDAK MEMENUHI,0.0,KM,2025
454,4540,35,JAWA TIMUR,2025,KABUPATEN KEDIRI,JLN. LETJEN SUTOYO (PARE),PANJANG JALAN,1.51,KM,2025
455,4541,35,JAWA TIMUR,2025,KABUPATEN KEDIRI,JLN. WR. SUPRATMAN (PARE),BANGUNAN PELENGKAP,0.0,KM,2025
455,4542,35,JAWA TIMUR,2025,KABUPATEN KEDIRI,JLN. WR. SUPRATMAN (PARE),KELANDAIAN MEMENUHI,0.0,KM,2025
455,4543,35,JAWA TIMUR,2025,KABUPATEN KEDIRI,JLN. WR. SUPRATMAN (PARE),KELANDAIAN TIDAK MEMENUHI,0.0,KM,2025
455,4544,35,JAWA TIMUR,2025,KABUPATEN KEDIRI,JLN. WR. SUPRATMAN (PARE),LEBAR BAHU KANAN MEMENUHI,0.41,KM,2025
455,4545,35,JAWA TIMUR,2025,KABUPATEN KEDIRI,JLN. WR. SUPRATMAN (PARE),LEBAR BAHU KANAN TIDAK MEMENUHI,0.0,KM,2025
455,4546,35,JAWA TIMUR,2025,KABUPATEN KEDIRI,JLN. WR. SUPRATMAN (PARE),LEBAR BAHU KIRI MEMENUHI,0.41,KM,2025
455,4547,35,JAWA TIMUR,2025,KABUPATEN KEDIRI,JLN. WR. SUPRATMAN (PARE),LEBAR BAHU KIRI TIDAK MEMENUHI,0.0,KM,2025
455,4548,35,JAWA TIMUR,2025,KABUPATEN KEDIRI,JLN. WR. SUPRATMAN (PARE),LEBAR JALAN MEMENUHI,0.41,KM,2025
455,4549,35,JAWA TIMUR,2025,KABUPATEN KEDIRI,JLN. WR. SUPRATMAN (PARE),LEBAR JALAN TIDAK MEMENUHI,0.0,KM,2025
455,4550,35,JAWA TIMUR,2025,KABUPATEN KEDIRI,JLN. WR. SUPRATMAN (PARE),PANJANG JALAN,0.41,KM,2025
456,4551,35,JAWA TIMUR,2025,KABUPATEN KEDIRI,JLN. P. SUDIRMAN (PARE),BANGUNAN PELENGKAP,0.0,KM,2025
456,4552,35,JAWA TIMUR,2025,KABUPATEN KEDIRI,JLN. P. SUDIRMAN (PARE),KELANDAIAN MEMENUHI,0.0,KM,2025
456,4553,35,JAWA TIMUR,2025,KABUPATEN KEDIRI,JLN. P. SUDIRMAN (PARE),KELANDAIAN TIDAK MEMENUHI,0.0,KM,2025
456,4554,35,JAWA TIMUR,2025,KABUPATEN KEDIRI,JLN. P. SUDIRMAN (PARE),LEBAR BAHU KANAN MEMENUHI,1.46,KM,2025
456,4555,35,JAWA TIMUR,2025,KABUPATEN KEDIRI,JLN. P. SUDIRMAN (PARE),LEBAR BAHU KANAN TIDAK MEMENUHI,0.0,KM,2025
456,4556,35,JAWA TIMUR,2025,KABUPATEN KEDIRI,JLN. P. SUDIRMAN (PARE),LEBAR BAHU KIRI MEMENUHI,1.46,KM,2025
456,4557,35,JAWA TIMUR,2025,KABUPATEN KEDIRI,JLN. P. SUDIRMAN (PARE),LEBAR BAHU KIRI TIDAK MEMENUHI,0.0,KM,2025
456,4558,35,JAWA TIMUR,2025,KABUPATEN KEDIRI,JLN. P. SUDIRMAN (PARE),LEBAR JALAN MEMENUHI,1.46,KM,2025
456,4559,35,JAWA TIMUR,2025,KABUPATEN KEDIRI,JLN. P. SUDIRMAN (PARE),LEBAR JALAN TIDAK MEMENUHI,0.0,KM,2025
456,4560,35,JAWA TIMUR,2025,KABUPATEN KEDIRI,JLN. P. SUDIRMAN (PARE),PANJANG JALAN,1.46,KM,2025
457,4561,35,JAWA TIMUR,2025,KABUPATEN KEDIRI,JLN. PAHLAWAN (PARE),BANGUNAN PELENGKAP,0.0,KM,2025
457,4562,35,JAWA TIMUR,2025,KABUPATEN KEDIRI,JLN. PAHLAWAN (PARE),KELANDAIAN MEMENUHI,0.0,KM,2025
457,4563,35,JAWA TIMUR,2025,KABUPATEN KEDIRI,JLN. PAHLAWAN (PARE),KELANDAIAN TIDAK MEMENUHI,0.0,KM,2025
457,4564,35,JAWA TIMUR,2025,KABUPATEN KEDIRI,JLN. PAHLAWAN (PARE),LEBAR BAHU KANAN MEMENUHI,1.14,KM,2025
457,4565,35,JAWA TIMUR,2025,KABUPATEN KEDIRI,JLN. PAHLAWAN (PARE),LEBAR BAHU KANAN TIDAK MEMENUHI,0.0,KM,2025
457,4566,35,JAWA TIMUR,2025,KABUPATEN KEDIRI,JLN. PAHLAWAN (PARE),LEBAR BAHU KIRI MEMENUHI,1.14,KM,2025
457,4567,35,JAWA TIMUR,2025,KABUPATEN KEDIRI,JLN. PAHLAWAN (PARE),LEBAR BAHU KIRI TIDAK MEMENUHI,0.0,KM,2025
457,4568,35,JAWA TIMUR,2025,KABUPATEN KEDIRI,JLN. PAHLAWAN (PARE),LEBAR JALAN MEMENUHI,1.14,KM,2025
457,4569,35,JAWA TIMUR,2025,KABUPATEN KEDIRI,JLN. PAHLAWAN (PARE),LEBAR JALAN TIDAK MEMENUHI,0.0,KM,2025
457,4570,35,JAWA TIMUR,2025,KABUPATEN KEDIRI,JLN. PAHLAWAN (PARE),PANJANG JALAN,1.14,KM,2025
458,4571,35,JAWA TIMUR,2025,KABUPATEN KEDIRI,JLN. DR. SOETOMO (PARE),BANGUNAN PELENGKAP,0.0,KM,2025
458,4572,35,JAWA TIMUR,2025,KABUPATEN KEDIRI,JLN. DR. SOETOMO (PARE),KELANDAIAN MEMENUHI,0.0,KM,2025
458,4573,35,JAWA TIMUR,2025,KABUPATEN KEDIRI,JLN. DR. SOETOMO (PARE),KELANDAIAN TIDAK MEMENUHI,0.0,KM,2025
458,4574,35,JAWA TIMUR,2025,KABUPATEN KEDIRI,JLN. DR. SOETOMO (PARE),LEBAR BAHU KANAN MEMENUHI,1.52,KM,2025
458,4575,35,JAWA TIMUR,2025,KABUPATEN KEDIRI,JLN. DR. SOETOMO (PARE),LEBAR BAHU KANAN TIDAK MEMENUHI,0.0,KM,2025
458,4576,35,JAWA TIMUR,2025,KABUPATEN KEDIRI,JLN. DR. SOETOMO (PARE),LEBAR BAHU KIRI MEMENUHI,1.52,KM,2025
458,4577,35,JAWA TIMUR,2025,KABUPATEN KEDIRI,JLN. DR. SOETOMO (PARE),LEBAR BAHU KIRI TIDAK MEMENUHI,0.0,KM,2025
458,4578,35,JAWA TIMUR,2025,KABUPATEN KEDIRI,JLN. DR. SOETOMO (PARE),LEBAR JALAN MEMENUHI,1.52,KM,2025
458,4579,35,JAWA TIMUR,2025,KABUPATEN KEDIRI,JLN. DR. SOETOMO (PARE),LEBAR JALAN TIDAK MEMENUHI,0.0,KM,2025
458,4580,35,JAWA TIMUR,2025,KABUPATEN KEDIRI,JLN. DR. SOETOMO (PARE),PANJANG JALAN,1.52,KM,2025
459,4581,35,JAWA TIMUR,2025,KABUPATEN KEDIRI,JLN. SUKARNO - HATTA (PARE),BANGUNAN PELENGKAP,0.0,KM,2025
459,4582,35,JAWA TIMUR,2025,KABUPATEN KEDIRI,JLN. SUKARNO - HATTA (PARE),KELANDAIAN MEMENUHI,0.0,KM,2025
459,4583,35,JAWA TIMUR,2025,KABUPATEN KEDIRI,JLN. SUKARNO - HATTA (PARE),KELANDAIAN TIDAK MEMENUHI,0.0,KM,2025
459,4584,35,JAWA TIMUR,2025,KABUPATEN KEDIRI,JLN. SUKARNO - HATTA (PARE),LEBAR BAHU KANAN MEMENUHI,1.34,KM,2025
459,4585,35,JAWA TIMUR,2025,KABUPATEN KEDIRI,JLN. SUKARNO - HATTA (PARE),LEBAR BAHU KANAN TIDAK MEMENUHI,0.0,KM,2025
459,4586,35,JAWA TIMUR,2025,KABUPATEN KEDIRI,JLN. SUKARNO - HATTA (PARE),LEBAR BAHU KIRI MEMENUHI,1.34,KM,2025
459,4587,35,JAWA TIMUR,2025,KABUPATEN KEDIRI,JLN. SUKARNO - HATTA (PARE),LEBAR BAHU KIRI TIDAK MEMENUHI,0.0,KM,2025
459,4588,35,JAWA TIMUR,2025,KABUPATEN KEDIRI,JLN. SUKARNO - HATTA (PARE),LEBAR JALAN MEMENUHI,1.34,KM,2025
459,4589,35,JAWA TIMUR,2025,KABUPATEN KEDIRI,JLN. SUKARNO - HATTA (PARE),LEBAR JALAN TIDAK MEMENUHI,0.0,KM,2025
459,4590,35,JAWA TIMUR,2025,KABUPATEN KEDIRI,JLN. SUKARNO - HATTA (PARE),PANJANG JALAN,1.34,KM,2025
460,4591,35,JAWA TIMUR,2025,KABUPATEN KEDIRI,BTS. KOTA PARE - BTS. KOTA KEDIRI,BANGUNAN PELENGKAP,0.0,KM,2025
460,4592,35,JAWA TIMUR,2025,KABUPATEN KEDIRI,BTS. KOTA PARE - BTS. KOTA KEDIRI,KELANDAIAN MEMENUHI,0.0,KM,2025
460,4593,35,JAWA TIMUR,2025,KABUPATEN KEDIRI,BTS. KOTA PARE - BTS. KOTA KEDIRI,KELANDAIAN TIDAK MEMENUHI,0.0,KM,2025
460,4594,35,JAWA TIMUR,2025,KABUPATEN KEDIRI,BTS. KOTA PARE - BTS. KOTA KEDIRI,LEBAR BAHU KANAN MEMENUHI,13.5,KM,2025
460,4595,35,JAWA TIMUR,2025,KABUPATEN KEDIRI,BTS. KOTA PARE - BTS. KOTA KEDIRI,LEBAR BAHU KANAN TIDAK MEMENUHI,2.01,KM,2025
460,4596,35,JAWA TIMUR,2025,KABUPATEN KEDIRI,BTS. KOTA PARE - BTS. KOTA KEDIRI,LEBAR BAHU KIRI MEMENUHI,15.51,KM,2025
460,4597,35,JAWA TIMUR,2025,KABUPATEN KEDIRI,BTS. KOTA PARE - BTS. KOTA KEDIRI,LEBAR BAHU KIRI TIDAK MEMENUHI,0.0,KM,2025
460,4598,35,JAWA TIMUR,2025,KABUPATEN KEDIRI,BTS. KOTA PARE - BTS. KOTA KEDIRI,LEBAR JALAN MEMENUHI,8.51,KM,2025
460,4599,35,JAWA TIMUR,2025,KABUPATEN KEDIRI,BTS. KOTA PARE - BTS. KOTA KEDIRI,LEBAR JALAN TIDAK MEMENUHI,7.0,KM,2025
460,4600,35,JAWA TIMUR,2025,KABUPATEN KEDIRI,BTS. KOTA PARE - BTS. KOTA KEDIRI,PANJANG JALAN,15.51,KM,2025
461,4601,35,JAWA TIMUR,2025,KABUPATEN MALANG,BTS. KOTA BATU - BTS. KAB. KEDIRI,BANGUNAN PELENGKAP,0.0,KM,2025
461,4602,35,JAWA TIMUR,2025,KABUPATEN MALANG,BTS. KOTA BATU - BTS. KAB. KEDIRI,KELANDAIAN MEMENUHI,0.0,KM,2025
461,4603,35,JAWA TIMUR,2025,KABUPATEN MALANG,BTS. KOTA BATU - BTS. KAB. KEDIRI,KELANDAIAN TIDAK MEMENUHI,0.0,KM,2025
461,4604,35,JAWA TIMUR,2025,KABUPATEN MALANG,BTS. KOTA BATU - BTS. KAB. KEDIRI,LEBAR BAHU KANAN MEMENUHI,31.26,KM,2025
461,4605,35,JAWA TIMUR,2025,KABUPATEN MALANG,BTS. KOTA BATU - BTS. KAB. KEDIRI,LEBAR BAHU KANAN TIDAK MEMENUHI,8.4,KM,2025
461,4606,35,JAWA TIMUR,2025,KABUPATEN MALANG,BTS. KOTA BATU - BTS. KAB. KEDIRI,LEBAR BAHU KIRI MEMENUHI,31.36,KM,2025
461,4607,35,JAWA TIMUR,2025,KABUPATEN MALANG,BTS. KOTA BATU - BTS. KAB. KEDIRI,LEBAR BAHU KIRI TIDAK MEMENUHI,8.3,KM,2025
461,4608,35,JAWA TIMUR,2025,KABUPATEN MALANG,BTS. KOTA BATU - BTS. KAB. KEDIRI,LEBAR JALAN MEMENUHI,12.46,KM,2025
461,4609,35,JAWA TIMUR,2025,KABUPATEN MALANG,BTS. KOTA BATU - BTS. KAB. KEDIRI,LEBAR JALAN TIDAK MEMENUHI,27.2,KM,2025
461,4610,35,JAWA TIMUR,2025,KABUPATEN MALANG,BTS. KOTA BATU - BTS. KAB. KEDIRI,PANJANG JALAN,39.66,KM,2025
462,4611,35,JAWA TIMUR,2025,KABUPATEN MALANG,BTS. KOTA MALANG - BTS. KOTA BATU (SENGKALING),BANGUNAN PELENGKAP,0.0,KM,2025
462,4612,35,JAWA TIMUR,2025,KABUPATEN MALANG,BTS. KOTA MALANG - BTS. KOTA BATU (SENGKALING),KELANDAIAN MEMENUHI,0.0,KM,2025
462,4613,35,JAWA TIMUR,2025,KABUPATEN MALANG,BTS. KOTA MALANG - BTS. KOTA BATU (SENGKALING),KELANDAIAN TIDAK MEMENUHI,0.0,KM,2025
462,4614,35,JAWA TIMUR,2025,KABUPATEN MALANG,BTS. KOTA MALANG - BTS. KOTA BATU (SENGKALING),LEBAR BAHU KANAN MEMENUHI,1.27,KM,2025
462,4615,35,JAWA TIMUR,2025,KABUPATEN MALANG,BTS. KOTA MALANG - BTS. KOTA BATU (SENGKALING),LEBAR BAHU KANAN TIDAK MEMENUHI,0.5,KM,2025
462,4616,35,JAWA TIMUR,2025,KABUPATEN MALANG,BTS. KOTA MALANG - BTS. KOTA BATU (SENGKALING),LEBAR BAHU KIRI MEMENUHI,1.07,KM,2025
462,4617,35,JAWA TIMUR,2025,KABUPATEN MALANG,BTS. KOTA MALANG - BTS. KOTA BATU (SENGKALING),LEBAR BAHU KIRI TIDAK MEMENUHI,0.7,KM,2025
462,4618,35,JAWA TIMUR,2025,KABUPATEN MALANG,BTS. KOTA MALANG - BTS. KOTA BATU (SENGKALING),LEBAR JALAN MEMENUHI,1.77,KM,2025
462,4619,35,JAWA TIMUR,2025,KABUPATEN MALANG,BTS. KOTA MALANG - BTS. KOTA BATU (SENGKALING),LEBAR JALAN TIDAK MEMENUHI,0.0,KM,2025
462,4620,35,JAWA TIMUR,2025,KABUPATEN MALANG,BTS. KOTA MALANG - BTS. KOTA BATU (SENGKALING),PANJANG JALAN,1.77,KM,2025
463,4621,35,JAWA TIMUR,2025,KABUPATEN MALANG,BTS. KOTA MALANG - TUREN,BANGUNAN PELENGKAP,0.0,KM,2025
463,4622,35,JAWA TIMUR,2025,KABUPATEN MALANG,BTS. KOTA MALANG - TUREN,KELANDAIAN MEMENUHI,0.0,KM,2025
463,4623,35,JAWA TIMUR,2025,KABUPATEN MALANG,BTS. KOTA MALANG - TUREN,KELANDAIAN TIDAK MEMENUHI,0.0,KM,2025
463,4624,35,JAWA TIMUR,2025,KABUPATEN MALANG,BTS. KOTA MALANG - TUREN,LEBAR BAHU KANAN MEMENUHI,17.2,KM,2025
463,4625,35,JAWA TIMUR,2025,KABUPATEN MALANG,BTS. KOTA MALANG - TUREN,LEBAR BAHU KANAN TIDAK MEMENUHI,2.92,KM,2025
463,4626,35,JAWA TIMUR,2025,KABUPATEN MALANG,BTS. KOTA MALANG - TUREN,LEBAR BAHU KIRI MEMENUHI,16.62,KM,2025
463,4627,35,JAWA TIMUR,2025,KABUPATEN MALANG,BTS. KOTA MALANG - TUREN,LEBAR BAHU KIRI TIDAK MEMENUHI,3.5,KM,2025
463,4628,35,JAWA TIMUR,2025,KABUPATEN MALANG,BTS. KOTA MALANG - TUREN,LEBAR JALAN MEMENUHI,16.02,KM,2025
463,4629,35,JAWA TIMUR,2025,KABUPATEN MALANG,BTS. KOTA MALANG - TUREN,LEBAR JALAN TIDAK MEMENUHI,4.1,KM,2025
463,4630,35,JAWA TIMUR,2025,KABUPATEN MALANG,BTS. KOTA MALANG - TUREN,PANJANG JALAN,20.12,KM,2025
464,4631,35,JAWA TIMUR,2025,KABUPATEN MALANG,KARANGLO - BTS. KOTA BATU (KARANG PLOSO),BANGUNAN PELENGKAP,0.0,KM,2025
464,4632,35,JAWA TIMUR,2025,KABUPATEN MALANG,KARANGLO - BTS. KOTA BATU (KARANG PLOSO),KELANDAIAN MEMENUHI,0.0,KM,2025
464,4633,35,JAWA TIMUR,2025,KABUPATEN MALANG,KARANGLO - BTS. KOTA BATU (KARANG PLOSO),KELANDAIAN TIDAK MEMENUHI,0.0,KM,2025
464,4634,35,JAWA TIMUR,2025,KABUPATEN MALANG,KARANGLO - BTS. KOTA BATU (KARANG PLOSO),LEBAR BAHU KANAN MEMENUHI,7.13,KM,2025
464,4635,35,JAWA TIMUR,2025,KABUPATEN MALANG,KARANGLO - BTS. KOTA BATU (KARANG PLOSO),LEBAR BAHU KANAN TIDAK MEMENUHI,0.8,KM,2025
464,4636,35,JAWA TIMUR,2025,KABUPATEN MALANG,KARANGLO - BTS. KOTA BATU (KARANG PLOSO),LEBAR BAHU KIRI MEMENUHI,7.13,KM,2025
464,4637,35,JAWA TIMUR,2025,KABUPATEN MALANG,KARANGLO - BTS. KOTA BATU (KARANG PLOSO),LEBAR BAHU KIRI TIDAK MEMENUHI,0.8,KM,2025
464,4638,35,JAWA TIMUR,2025,KABUPATEN MALANG,KARANGLO - BTS. KOTA BATU (KARANG PLOSO),LEBAR JALAN MEMENUHI,7.93,KM,2025
464,4639,35,JAWA TIMUR,2025,KABUPATEN MALANG,KARANGLO - BTS. KOTA BATU (KARANG PLOSO),LEBAR JALAN TIDAK MEMENUHI,0.0,KM,2025
464,4640,35,JAWA TIMUR,2025,KABUPATEN MALANG,KARANGLO - BTS. KOTA BATU (KARANG PLOSO),PANJANG JALAN,7.93,KM,2025
465,4641,35,JAWA TIMUR,2025,KABUPATEN MALANG,TALOK - DRUJU - SENDANGBIRU,BANGUNAN PELENGKAP,0.0,KM,2025
465,4642,35,JAWA TIMUR,2025,KABUPATEN MALANG,TALOK - DRUJU - SENDANGBIRU,KELANDAIAN MEMENUHI,0.0,KM,2025
465,4643,35,JAWA TIMUR,2025,KABUPATEN MALANG,TALOK - DRUJU - SENDANGBIRU,KELANDAIAN TIDAK MEMENUHI,0.0,KM,2025
465,4644,35,JAWA TIMUR,2025,KABUPATEN MALANG,TALOK - DRUJU - SENDANGBIRU,LEBAR BAHU KANAN MEMENUHI,38.67,KM,2025
465,4645,35,JAWA TIMUR,2025,KABUPATEN MALANG,TALOK - DRUJU - SENDANGBIRU,LEBAR BAHU KANAN TIDAK MEMENUHI,3.0,KM,2025
465,4646,35,JAWA TIMUR,2025,KABUPATEN MALANG,TALOK - DRUJU - SENDANGBIRU,LEBAR BAHU KIRI MEMENUHI,37.07,KM,2025
465,4647,35,JAWA TIMUR,2025,KABUPATEN MALANG,TALOK - DRUJU - SENDANGBIRU,LEBAR BAHU KIRI TIDAK MEMENUHI,4.6,KM,2025
465,4648,35,JAWA TIMUR,2025,KABUPATEN MALANG,TALOK - DRUJU - SENDANGBIRU,LEBAR JALAN MEMENUHI,3.0,KM,2025
465,4649,35,JAWA TIMUR,2025,KABUPATEN MALANG,TALOK - DRUJU - SENDANGBIRU,LEBAR JALAN TIDAK MEMENUHI,38.67,KM,2025
465,4650,35,JAWA TIMUR,2025,KABUPATEN MALANG,TALOK - DRUJU - SENDANGBIRU,PANJANG JALAN,41.67,KM,2025
466,4651,35,JAWA TIMUR,2025,KABUPATEN MALANG,MANGLIAWAN (BTS. KOTA MALANG) - TUMPANG,BANGUNAN PELENGKAP,0.0,KM,2025
466,4652,35,JAWA TIMUR,2025,KABUPATEN MALANG,MANGLIAWAN (BTS. KOTA MALANG) - TUMPANG,KELANDAIAN MEMENUHI,0.0,KM,2025
466,4653,35,JAWA TIMUR,2025,KABUPATEN MALANG,MANGLIAWAN (BTS. KOTA MALANG) - TUMPANG,KELANDAIAN TIDAK MEMENUHI,0.0,KM,2025
466,4654,35,JAWA TIMUR,2025,KABUPATEN MALANG,MANGLIAWAN (BTS. KOTA MALANG) - TUMPANG,LEBAR BAHU KANAN MEMENUHI,14.49,KM,2025
466,4655,35,JAWA TIMUR,2025,KABUPATEN MALANG,MANGLIAWAN (BTS. KOTA MALANG) - TUMPANG,LEBAR BAHU KANAN TIDAK MEMENUHI,0.8,KM,2025
466,4656,35,JAWA TIMUR,2025,KABUPATEN MALANG,MANGLIAWAN (BTS. KOTA MALANG) - TUMPANG,LEBAR BAHU KIRI MEMENUHI,14.29,KM,2025
466,4657,35,JAWA TIMUR,2025,KABUPATEN MALANG,MANGLIAWAN (BTS. KOTA MALANG) - TUMPANG,LEBAR BAHU KIRI TIDAK MEMENUHI,1.0,KM,2025
466,4658,35,JAWA TIMUR,2025,KABUPATEN MALANG,MANGLIAWAN (BTS. KOTA MALANG) - TUMPANG,LEBAR JALAN MEMENUHI,12.49,KM,2025
466,4659,35,JAWA TIMUR,2025,KABUPATEN MALANG,MANGLIAWAN (BTS. KOTA MALANG) - TUMPANG,LEBAR JALAN TIDAK MEMENUHI,2.8,KM,2025
466,4660,35,JAWA TIMUR,2025,KABUPATEN MALANG,MANGLIAWAN (BTS. KOTA MALANG) - TUMPANG,PANJANG JALAN,15.29,KM,2025
467,4661,35,JAWA TIMUR,2025,KABUPATEN MALANG,TUMPANG - WONOMULYO (SP3 TULUS BESAR),BANGUNAN PELENGKAP,0.0,KM,2025
467,4662,35,JAWA TIMUR,2025,KABUPATEN MALANG,TUMPANG - WONOMULYO (SP3 TULUS BESAR),KELANDAIAN MEMENUHI,0.0,KM,2025
467,4663,35,JAWA TIMUR,2025,KABUPATEN MALANG,TUMPANG - WONOMULYO (SP3 TULUS BESAR),KELANDAIAN TIDAK MEMENUHI,0.0,KM,2025
467,4664,35,JAWA TIMUR,2025,KABUPATEN MALANG,TUMPANG - WONOMULYO (SP3 TULUS BESAR),LEBAR BAHU KANAN MEMENUHI,1.51,KM,2025
467,4665,35,JAWA TIMUR,2025,KABUPATEN MALANG,TUMPANG - WONOMULYO (SP3 TULUS BESAR),LEBAR BAHU KANAN TIDAK MEMENUHI,0.0,KM,2025
467,4666,35,JAWA TIMUR,2025,KABUPATEN MALANG,TUMPANG - WONOMULYO (SP3 TULUS BESAR),LEBAR BAHU KIRI MEMENUHI,1.51,KM,2025
467,4667,35,JAWA TIMUR,2025,KABUPATEN MALANG,TUMPANG - WONOMULYO (SP3 TULUS BESAR),LEBAR BAHU KIRI TIDAK MEMENUHI,0.0,KM,2025
467,4668,35,JAWA TIMUR,2025,KABUPATEN MALANG,TUMPANG - WONOMULYO (SP3 TULUS BESAR),LEBAR JALAN MEMENUHI,0.1,KM,2025
467,4669,35,JAWA TIMUR,2025,KABUPATEN MALANG,TUMPANG - WONOMULYO (SP3 TULUS BESAR),LEBAR JALAN TIDAK MEMENUHI,1.41,KM,2025
467,4670,35,JAWA TIMUR,2025,KABUPATEN MALANG,TUMPANG - WONOMULYO (SP3 TULUS BESAR),PANJANG JALAN,1.51,KM,2025
468,4671,35,JAWA TIMUR,2025,KABUPATEN MALANG,WONOMULYO (SP3 TULUS BESAR) - REST AREA GUBUK KLAKAH   PONCOKUSUMO,BANGUNAN PELENGKAP,0.0,KM,2025
468,4672,35,JAWA TIMUR,2025,KABUPATEN MALANG,WONOMULYO (SP3 TULUS BESAR) - REST AREA GUBUK KLAKAH   PONCOKUSUMO,KELANDAIAN MEMENUHI,0.0,KM,2025
468,4673,35,JAWA TIMUR,2025,KABUPATEN MALANG,WONOMULYO (SP3 TULUS BESAR) - REST AREA GUBUK KLAKAH   PONCOKUSUMO,KELANDAIAN TIDAK MEMENUHI,0.0,KM,2025
468,4674,35,JAWA TIMUR,2025,KABUPATEN MALANG,WONOMULYO (SP3 TULUS BESAR) - REST AREA GUBUK KLAKAH   PONCOKUSUMO,LEBAR BAHU KANAN MEMENUHI,4.01,KM,2025
468,4675,35,JAWA TIMUR,2025,KABUPATEN MALANG,WONOMULYO (SP3 TULUS BESAR) - REST AREA GUBUK KLAKAH   PONCOKUSUMO,LEBAR BAHU KANAN TIDAK MEMENUHI,5.7,KM,2025
468,4676,35,JAWA TIMUR,2025,KABUPATEN MALANG,WONOMULYO (SP3 TULUS BESAR) - REST AREA GUBUK KLAKAH   PONCOKUSUMO,LEBAR BAHU KIRI MEMENUHI,3.11,KM,2025
468,4677,35,JAWA TIMUR,2025,KABUPATEN MALANG,WONOMULYO (SP3 TULUS BESAR) - REST AREA GUBUK KLAKAH   PONCOKUSUMO,LEBAR BAHU KIRI TIDAK MEMENUHI,6.6,KM,2025
468,4678,35,JAWA TIMUR,2025,KABUPATEN MALANG,WONOMULYO (SP3 TULUS BESAR) - REST AREA GUBUK KLAKAH   PONCOKUSUMO,LEBAR JALAN MEMENUHI,0.1,KM,2025
468,4679,35,JAWA TIMUR,2025,KABUPATEN MALANG,WONOMULYO (SP3 TULUS BESAR) - REST AREA GUBUK KLAKAH   PONCOKUSUMO,LEBAR JALAN TIDAK MEMENUHI,9.61,KM,2025
468,4680,35,JAWA TIMUR,2025,KABUPATEN MALANG,WONOMULYO (SP3 TULUS BESAR) - REST AREA GUBUK KLAKAH   PONCOKUSUMO,PANJANG JALAN,9.71,KM,2025
469,4681,35,JAWA TIMUR,2025,KABUPATEN LUMAJANG,GROBOGAN - BTS. KAB. JEMBER,BANGUNAN PELENGKAP,0.0,KM,2025
469,4682,35,JAWA TIMUR,2025,KABUPATEN LUMAJANG,GROBOGAN - BTS. KAB. JEMBER,KELANDAIAN MEMENUHI,0.0,KM,2025
469,4683,35,JAWA TIMUR,2025,KABUPATEN LUMAJANG,GROBOGAN - BTS. KAB. JEMBER,KELANDAIAN TIDAK MEMENUHI,0.0,KM,2025
469,4684,35,JAWA TIMUR,2025,KABUPATEN LUMAJANG,GROBOGAN - BTS. KAB. JEMBER,LEBAR BAHU KANAN MEMENUHI,20.84,KM,2025
469,4685,35,JAWA TIMUR,2025,KABUPATEN LUMAJANG,GROBOGAN - BTS. KAB. JEMBER,LEBAR BAHU KANAN TIDAK MEMENUHI,0.2,KM,2025
469,4686,35,JAWA TIMUR,2025,KABUPATEN LUMAJANG,GROBOGAN - BTS. KAB. JEMBER,LEBAR BAHU KIRI MEMENUHI,20.84,KM,2025
469,4687,35,JAWA TIMUR,2025,KABUPATEN LUMAJANG,GROBOGAN - BTS. KAB. JEMBER,LEBAR BAHU KIRI TIDAK MEMENUHI,0.2,KM,2025
469,4688,35,JAWA TIMUR,2025,KABUPATEN LUMAJANG,GROBOGAN - BTS. KAB. JEMBER,LEBAR JALAN MEMENUHI,0.1,KM,2025
469,4689,35,JAWA TIMUR,2025,KABUPATEN LUMAJANG,GROBOGAN - BTS. KAB. JEMBER,LEBAR JALAN TIDAK MEMENUHI,20.94,KM,2025
469,4690,35,JAWA TIMUR,2025,KABUPATEN LUMAJANG,GROBOGAN - BTS. KAB. JEMBER,PANJANG JALAN,21.04,KM,2025
470,4691,35,JAWA TIMUR,2025,KABUPATEN LUMAJANG,JLN. LETJEN. PANJAITAN,BANGUNAN PELENGKAP,0.0,KM,2025
470,4692,35,JAWA TIMUR,2025,KABUPATEN LUMAJANG,JLN. LETJEN. PANJAITAN,KELANDAIAN MEMENUHI,0.0,KM,2025
470,4693,35,JAWA TIMUR,2025,KABUPATEN LUMAJANG,JLN. LETJEN. PANJAITAN,KELANDAIAN TIDAK MEMENUHI,0.0,KM,2025
470,4694,35,JAWA TIMUR,2025,KABUPATEN LUMAJANG,JLN. LETJEN. PANJAITAN,LEBAR BAHU KANAN MEMENUHI,0.57,KM,2025
470,4695,35,JAWA TIMUR,2025,KABUPATEN LUMAJANG,JLN. LETJEN. PANJAITAN,LEBAR BAHU KANAN TIDAK MEMENUHI,0.0,KM,2025
470,4696,35,JAWA TIMUR,2025,KABUPATEN LUMAJANG,JLN. LETJEN. PANJAITAN,LEBAR BAHU KIRI MEMENUHI,0.57,KM,2025
470,4697,35,JAWA TIMUR,2025,KABUPATEN LUMAJANG,JLN. LETJEN. PANJAITAN,LEBAR BAHU KIRI TIDAK MEMENUHI,0.0,KM,2025
470,4698,35,JAWA TIMUR,2025,KABUPATEN LUMAJANG,JLN. LETJEN. PANJAITAN,LEBAR JALAN MEMENUHI,0.57,KM,2025
470,4699,35,JAWA TIMUR,2025,KABUPATEN LUMAJANG,JLN. LETJEN. PANJAITAN,LEBAR JALAN TIDAK MEMENUHI,0.0,KM,2025
470,4700,35,JAWA TIMUR,2025,KABUPATEN LUMAJANG,JLN. LETJEN. PANJAITAN,PANJANG JALAN,0.57,KM,2025
471,4701,35,JAWA TIMUR,2025,KABUPATEN LUMAJANG,JLN. KAPTEN SUWANDAK,BANGUNAN PELENGKAP,0.0,KM,2025
471,4702,35,JAWA TIMUR,2025,KABUPATEN LUMAJANG,JLN. KAPTEN SUWANDAK,KELANDAIAN MEMENUHI,0.0,KM,2025
471,4703,35,JAWA TIMUR,2025,KABUPATEN LUMAJANG,JLN. KAPTEN SUWANDAK,KELANDAIAN TIDAK MEMENUHI,0.0,KM,2025
471,4704,35,JAWA TIMUR,2025,KABUPATEN LUMAJANG,JLN. KAPTEN SUWANDAK,LEBAR BAHU KANAN MEMENUHI,0.78,KM,2025
471,4705,35,JAWA TIMUR,2025,KABUPATEN LUMAJANG,JLN. KAPTEN SUWANDAK,LEBAR BAHU KANAN TIDAK MEMENUHI,0.0,KM,2025
471,4706,35,JAWA TIMUR,2025,KABUPATEN LUMAJANG,JLN. KAPTEN SUWANDAK,LEBAR BAHU KIRI MEMENUHI,0.78,KM,2025
471,4707,35,JAWA TIMUR,2025,KABUPATEN LUMAJANG,JLN. KAPTEN SUWANDAK,LEBAR BAHU KIRI TIDAK MEMENUHI,0.0,KM,2025
471,4708,35,JAWA TIMUR,2025,KABUPATEN LUMAJANG,JLN. KAPTEN SUWANDAK,LEBAR JALAN MEMENUHI,0.78,KM,2025
471,4709,35,JAWA TIMUR,2025,KABUPATEN LUMAJANG,JLN. KAPTEN SUWANDAK,LEBAR JALAN TIDAK MEMENUHI,0.0,KM,2025
471,4710,35,JAWA TIMUR,2025,KABUPATEN LUMAJANG,JLN. KAPTEN SUWANDAK,PANJANG JALAN,0.78,KM,2025
472,4711,35,JAWA TIMUR,2025,KABUPATEN LUMAJANG,JLN. MAYJEN SUKERTIYO,BANGUNAN PELENGKAP,0.0,KM,2025
472,4712,35,JAWA TIMUR,2025,KABUPATEN LUMAJANG,JLN. MAYJEN SUKERTIYO,KELANDAIAN MEMENUHI,0.0,KM,2025
472,4713,35,JAWA TIMUR,2025,KABUPATEN LUMAJANG,JLN. MAYJEN SUKERTIYO,KELANDAIAN TIDAK MEMENUHI,0.0,KM,2025
472,4714,35,JAWA TIMUR,2025,KABUPATEN LUMAJANG,JLN. MAYJEN SUKERTIYO,LEBAR BAHU KANAN MEMENUHI,0.76,KM,2025
472,4715,35,JAWA TIMUR,2025,KABUPATEN LUMAJANG,JLN. MAYJEN SUKERTIYO,LEBAR BAHU KANAN TIDAK MEMENUHI,0.0,KM,2025
472,4716,35,JAWA TIMUR,2025,KABUPATEN LUMAJANG,JLN. MAYJEN SUKERTIYO,LEBAR BAHU KIRI MEMENUHI,0.76,KM,2025
472,4717,35,JAWA TIMUR,2025,KABUPATEN LUMAJANG,JLN. MAYJEN SUKERTIYO,LEBAR BAHU KIRI TIDAK MEMENUHI,0.0,KM,2025
472,4718,35,JAWA TIMUR,2025,KABUPATEN LUMAJANG,JLN. MAYJEN SUKERTIYO,LEBAR JALAN MEMENUHI,0.76,KM,2025
472,4719,35,JAWA TIMUR,2025,KABUPATEN LUMAJANG,JLN. MAYJEN SUKERTIYO,LEBAR JALAN TIDAK MEMENUHI,0.0,KM,2025
472,4720,35,JAWA TIMUR,2025,KABUPATEN LUMAJANG,JLN. MAYJEN SUKERTIYO,PANJANG JALAN,0.76,KM,2025
473,4721,35,JAWA TIMUR,2025,KABUPATEN LUMAJANG,JLN. MAHAKAM,BANGUNAN PELENGKAP,0.0,KM,2025
473,4722,35,JAWA TIMUR,2025,KABUPATEN LUMAJANG,JLN. MAHAKAM,KELANDAIAN MEMENUHI,0.0,KM,2025
473,4723,35,JAWA TIMUR,2025,KABUPATEN LUMAJANG,JLN. MAHAKAM,KELANDAIAN TIDAK MEMENUHI,0.0,KM,2025
473,4724,35,JAWA TIMUR,2025,KABUPATEN LUMAJANG,JLN. MAHAKAM,LEBAR BAHU KANAN MEMENUHI,1.24,KM,2025
473,4725,35,JAWA TIMUR,2025,KABUPATEN LUMAJANG,JLN. MAHAKAM,LEBAR BAHU KANAN TIDAK MEMENUHI,0.0,KM,2025
473,4726,35,JAWA TIMUR,2025,KABUPATEN LUMAJANG,JLN. MAHAKAM,LEBAR BAHU KIRI MEMENUHI,1.24,KM,2025
473,4727,35,JAWA TIMUR,2025,KABUPATEN LUMAJANG,JLN. MAHAKAM,LEBAR BAHU KIRI TIDAK MEMENUHI,0.0,KM,2025
473,4728,35,JAWA TIMUR,2025,KABUPATEN LUMAJANG,JLN. MAHAKAM,LEBAR JALAN MEMENUHI,0.0,KM,2025
473,4729,35,JAWA TIMUR,2025,KABUPATEN LUMAJANG,JLN. MAHAKAM,LEBAR JALAN TIDAK MEMENUHI,1.24,KM,2025
473,4730,35,JAWA TIMUR,2025,KABUPATEN LUMAJANG,JLN. MAHAKAM,PANJANG JALAN,1.24,KM,2025
474,4731,35,JAWA TIMUR,2025,KABUPATEN LUMAJANG,BTS. KOTA LUMAJANG - BTS. KAB. JEMBER,BANGUNAN PELENGKAP,0.0,KM,2025
474,4732,35,JAWA TIMUR,2025,KABUPATEN LUMAJANG,BTS. KOTA LUMAJANG - BTS. KAB. JEMBER,KELANDAIAN MEMENUHI,0.0,KM,2025
474,4733,35,JAWA TIMUR,2025,KABUPATEN LUMAJANG,BTS. KOTA LUMAJANG - BTS. KAB. JEMBER,KELANDAIAN TIDAK MEMENUHI,0.0,KM,2025
474,4734,35,JAWA TIMUR,2025,KABUPATEN LUMAJANG,BTS. KOTA LUMAJANG - BTS. KAB. JEMBER,LEBAR BAHU KANAN MEMENUHI,14.18,KM,2025
474,4735,35,JAWA TIMUR,2025,KABUPATEN LUMAJANG,BTS. KOTA LUMAJANG - BTS. KAB. JEMBER,LEBAR BAHU KANAN TIDAK MEMENUHI,0.0,KM,2025
474,4736,35,JAWA TIMUR,2025,KABUPATEN LUMAJANG,BTS. KOTA LUMAJANG - BTS. KAB. JEMBER,LEBAR BAHU KIRI MEMENUHI,14.18,KM,2025
474,4737,35,JAWA TIMUR,2025,KABUPATEN LUMAJANG,BTS. KOTA LUMAJANG - BTS. KAB. JEMBER,LEBAR BAHU KIRI TIDAK MEMENUHI,0.0,KM,2025
474,4738,35,JAWA TIMUR,2025,KABUPATEN LUMAJANG,BTS. KOTA LUMAJANG - BTS. KAB. JEMBER,LEBAR JALAN MEMENUHI,4.1,KM,2025
474,4739,35,JAWA TIMUR,2025,KABUPATEN LUMAJANG,BTS. KOTA LUMAJANG - BTS. KAB. JEMBER,LEBAR JALAN TIDAK MEMENUHI,10.08,KM,2025
474,4740,35,JAWA TIMUR,2025,KABUPATEN LUMAJANG,BTS. KOTA LUMAJANG - BTS. KAB. JEMBER,PANJANG JALAN,14.18,KM,2025
475,4741,35,JAWA TIMUR,2025,KABUPATEN LUMAJANG,JLN. SEMERU (LUMAJANG),BANGUNAN PELENGKAP,0.0,KM,2025
475,4742,35,JAWA TIMUR,2025,KABUPATEN LUMAJANG,JLN. SEMERU (LUMAJANG),KELANDAIAN MEMENUHI,0.0,KM,2025
475,4743,35,JAWA TIMUR,2025,KABUPATEN LUMAJANG,JLN. SEMERU (LUMAJANG),KELANDAIAN TIDAK MEMENUHI,0.0,KM,2025
475,4744,35,JAWA TIMUR,2025,KABUPATEN LUMAJANG,JLN. SEMERU (LUMAJANG),LEBAR BAHU KANAN MEMENUHI,1.18,KM,2025
475,4745,35,JAWA TIMUR,2025,KABUPATEN LUMAJANG,JLN. SEMERU (LUMAJANG),LEBAR BAHU KANAN TIDAK MEMENUHI,0.5,KM,2025
475,4746,35,JAWA TIMUR,2025,KABUPATEN LUMAJANG,JLN. SEMERU (LUMAJANG),LEBAR BAHU KIRI MEMENUHI,1.08,KM,2025
475,4747,35,JAWA TIMUR,2025,KABUPATEN LUMAJANG,JLN. SEMERU (LUMAJANG),LEBAR BAHU KIRI TIDAK MEMENUHI,0.6,KM,2025
475,4748,35,JAWA TIMUR,2025,KABUPATEN LUMAJANG,JLN. SEMERU (LUMAJANG),LEBAR JALAN MEMENUHI,1.1,KM,2025
475,4749,35,JAWA TIMUR,2025,KABUPATEN LUMAJANG,JLN. SEMERU (LUMAJANG),LEBAR JALAN TIDAK MEMENUHI,0.58,KM,2025
475,4750,35,JAWA TIMUR,2025,KABUPATEN LUMAJANG,JLN. SEMERU (LUMAJANG),PANJANG JALAN,1.68,KM,2025
476,4751,35,JAWA TIMUR,2025,KABUPATEN LUMAJANG,BANJARWARU - KARANGANOM,BANGUNAN PELENGKAP,0.0,KM,2025
476,4752,35,JAWA TIMUR,2025,KABUPATEN LUMAJANG,BANJARWARU - KARANGANOM,KELANDAIAN MEMENUHI,0.0,KM,2025
476,4753,35,JAWA TIMUR,2025,KABUPATEN LUMAJANG,BANJARWARU - KARANGANOM,KELANDAIAN TIDAK MEMENUHI,0.0,KM,2025
476,4754,35,JAWA TIMUR,2025,KABUPATEN LUMAJANG,BANJARWARU - KARANGANOM,LEBAR BAHU KANAN MEMENUHI,6.71,KM,2025
476,4755,35,JAWA TIMUR,2025,KABUPATEN LUMAJANG,BANJARWARU - KARANGANOM,LEBAR BAHU KANAN TIDAK MEMENUHI,0.0,KM,2025
476,4756,35,JAWA TIMUR,2025,KABUPATEN LUMAJANG,BANJARWARU - KARANGANOM,LEBAR BAHU KIRI MEMENUHI,6.71,KM,2025
476,4757,35,JAWA TIMUR,2025,KABUPATEN LUMAJANG,BANJARWARU - KARANGANOM,LEBAR BAHU KIRI TIDAK MEMENUHI,0.0,KM,2025
476,4758,35,JAWA TIMUR,2025,KABUPATEN LUMAJANG,BANJARWARU - KARANGANOM,LEBAR JALAN MEMENUHI,0.0,KM,2025
476,4759,35,JAWA TIMUR,2025,KABUPATEN LUMAJANG,BANJARWARU - KARANGANOM,LEBAR JALAN TIDAK MEMENUHI,6.71,KM,2025
476,4760,35,JAWA TIMUR,2025,KABUPATEN LUMAJANG,BANJARWARU - KARANGANOM,PANJANG JALAN,6.71,KM,2025
477,4761,35,JAWA TIMUR,2025,KABUPATEN LUMAJANG,KARANGANOM - SENDURO,BANGUNAN PELENGKAP,0.0,KM,2025
477,4762,35,JAWA TIMUR,2025,KABUPATEN LUMAJANG,KARANGANOM - SENDURO,KELANDAIAN MEMENUHI,0.0,KM,2025
477,4763,35,JAWA TIMUR,2025,KABUPATEN LUMAJANG,KARANGANOM - SENDURO,KELANDAIAN TIDAK MEMENUHI,0.0,KM,2025
477,4764,35,JAWA TIMUR,2025,KABUPATEN LUMAJANG,KARANGANOM - SENDURO,LEBAR BAHU KANAN MEMENUHI,7.64,KM,2025
477,4765,35,JAWA TIMUR,2025,KABUPATEN LUMAJANG,KARANGANOM - SENDURO,LEBAR BAHU KANAN TIDAK MEMENUHI,0.1,KM,2025
477,4766,35,JAWA TIMUR,2025,KABUPATEN LUMAJANG,KARANGANOM - SENDURO,LEBAR BAHU KIRI MEMENUHI,7.54,KM,2025
477,4767,35,JAWA TIMUR,2025,KABUPATEN LUMAJANG,KARANGANOM - SENDURO,LEBAR BAHU KIRI TIDAK MEMENUHI,0.2,KM,2025
477,4768,35,JAWA TIMUR,2025,KABUPATEN LUMAJANG,KARANGANOM - SENDURO,LEBAR JALAN MEMENUHI,0.14,KM,2025
477,4769,35,JAWA TIMUR,2025,KABUPATEN LUMAJANG,KARANGANOM - SENDURO,LEBAR JALAN TIDAK MEMENUHI,7.6,KM,2025
477,4770,35,JAWA TIMUR,2025,KABUPATEN LUMAJANG,KARANGANOM - SENDURO,PANJANG JALAN,7.74,KM,2025
478,4771,35,JAWA TIMUR,2025,KABUPATEN JEMBER,BTS. KAB. LUMAJANG - PONDOKDALEM,BANGUNAN PELENGKAP,0.0,KM,2025
478,4772,35,JAWA TIMUR,2025,KABUPATEN JEMBER,BTS. KAB. LUMAJANG - PONDOKDALEM,KELANDAIAN MEMENUHI,0.0,KM,2025
478,4773,35,JAWA TIMUR,2025,KABUPATEN JEMBER,BTS. KAB. LUMAJANG - PONDOKDALEM,KELANDAIAN TIDAK MEMENUHI,0.0,KM,2025
478,4774,35,JAWA TIMUR,2025,KABUPATEN JEMBER,BTS. KAB. LUMAJANG - PONDOKDALEM,LEBAR BAHU KANAN MEMENUHI,9.26,KM,2025
478,4775,35,JAWA TIMUR,2025,KABUPATEN JEMBER,BTS. KAB. LUMAJANG - PONDOKDALEM,LEBAR BAHU KANAN TIDAK MEMENUHI,0.0,KM,2025
478,4776,35,JAWA TIMUR,2025,KABUPATEN JEMBER,BTS. KAB. LUMAJANG - PONDOKDALEM,LEBAR BAHU KIRI MEMENUHI,9.16,KM,2025
478,4777,35,JAWA TIMUR,2025,KABUPATEN JEMBER,BTS. KAB. LUMAJANG - PONDOKDALEM,LEBAR BAHU KIRI TIDAK MEMENUHI,0.1,KM,2025
478,4778,35,JAWA TIMUR,2025,KABUPATEN JEMBER,BTS. KAB. LUMAJANG - PONDOKDALEM,LEBAR JALAN MEMENUHI,0.0,KM,2025
478,4779,35,JAWA TIMUR,2025,KABUPATEN JEMBER,BTS. KAB. LUMAJANG - PONDOKDALEM,LEBAR JALAN TIDAK MEMENUHI,9.26,KM,2025
478,4780,35,JAWA TIMUR,2025,KABUPATEN JEMBER,BTS. KAB. LUMAJANG - PONDOKDALEM,PANJANG JALAN,9.26,KM,2025
479,4781,35,JAWA TIMUR,2025,KABUPATEN JEMBER,BTS. KAB. LUMAJANG - KENCONG,BANGUNAN PELENGKAP,0.0,KM,2025
479,4782,35,JAWA TIMUR,2025,KABUPATEN JEMBER,BTS. KAB. LUMAJANG - KENCONG,KELANDAIAN MEMENUHI,0.0,KM,2025
479,4783,35,JAWA TIMUR,2025,KABUPATEN JEMBER,BTS. KAB. LUMAJANG - KENCONG,KELANDAIAN TIDAK MEMENUHI,0.0,KM,2025
479,4784,35,JAWA TIMUR,2025,KABUPATEN JEMBER,BTS. KAB. LUMAJANG - KENCONG,LEBAR BAHU KANAN MEMENUHI,6.85,KM,2025
479,4785,35,JAWA TIMUR,2025,KABUPATEN JEMBER,BTS. KAB. LUMAJANG - KENCONG,LEBAR BAHU KANAN TIDAK MEMENUHI,0.0,KM,2025
479,4786,35,JAWA TIMUR,2025,KABUPATEN JEMBER,BTS. KAB. LUMAJANG - KENCONG,LEBAR BAHU KIRI MEMENUHI,6.85,KM,2025
479,4787,35,JAWA TIMUR,2025,KABUPATEN JEMBER,BTS. KAB. LUMAJANG - KENCONG,LEBAR BAHU KIRI TIDAK MEMENUHI,0.0,KM,2025
479,4788,35,JAWA TIMUR,2025,KABUPATEN JEMBER,BTS. KAB. LUMAJANG - KENCONG,LEBAR JALAN MEMENUHI,6.85,KM,2025
479,4789,35,JAWA TIMUR,2025,KABUPATEN JEMBER,BTS. KAB. LUMAJANG - KENCONG,LEBAR JALAN TIDAK MEMENUHI,0.0,KM,2025
479,4790,35,JAWA TIMUR,2025,KABUPATEN JEMBER,BTS. KAB. LUMAJANG - KENCONG,PANJANG JALAN,6.85,KM,2025
480,4791,35,JAWA TIMUR,2025,KABUPATEN JEMBER,KENCONG - KASIAN,BANGUNAN PELENGKAP,0.0,KM,2025
480,4792,35,JAWA TIMUR,2025,KABUPATEN JEMBER,KENCONG - KASIAN,KELANDAIAN MEMENUHI,0.0,KM,2025
480,4793,35,JAWA TIMUR,2025,KABUPATEN JEMBER,KENCONG - KASIAN,KELANDAIAN TIDAK MEMENUHI,0.0,KM,2025
480,4794,35,JAWA TIMUR,2025,KABUPATEN JEMBER,KENCONG - KASIAN,LEBAR BAHU KANAN MEMENUHI,15.4,KM,2025
480,4795,35,JAWA TIMUR,2025,KABUPATEN JEMBER,KENCONG - KASIAN,LEBAR BAHU KANAN TIDAK MEMENUHI,0.0,KM,2025
480,4796,35,JAWA TIMUR,2025,KABUPATEN JEMBER,KENCONG - KASIAN,LEBAR BAHU KIRI MEMENUHI,15.4,KM,2025
480,4797,35,JAWA TIMUR,2025,KABUPATEN JEMBER,KENCONG - KASIAN,LEBAR BAHU KIRI TIDAK MEMENUHI,0.0,KM,2025
480,4798,35,JAWA TIMUR,2025,KABUPATEN JEMBER,KENCONG - KASIAN,LEBAR JALAN MEMENUHI,0.0,KM,2025
480,4799,35,JAWA TIMUR,2025,KABUPATEN JEMBER,KENCONG - KASIAN,LEBAR JALAN TIDAK MEMENUHI,15.4,KM,2025
480,4800,35,JAWA TIMUR,2025,KABUPATEN JEMBER,KENCONG - KASIAN,PANJANG JALAN,15.4,KM,2025
481,4801,35,JAWA TIMUR,2025,KABUPATEN JEMBER,KASIAN - PUGER,BANGUNAN PELENGKAP,0.0,KM,2025
481,4802,35,JAWA TIMUR,2025,KABUPATEN JEMBER,KASIAN - PUGER,KELANDAIAN MEMENUHI,0.0,KM,2025
481,4803,35,JAWA TIMUR,2025,KABUPATEN JEMBER,KASIAN - PUGER,KELANDAIAN TIDAK MEMENUHI,0.0,KM,2025
481,4804,35,JAWA TIMUR,2025,KABUPATEN JEMBER,KASIAN - PUGER,LEBAR BAHU KANAN MEMENUHI,7.08,KM,2025
481,4805,35,JAWA TIMUR,2025,KABUPATEN JEMBER,KASIAN - PUGER,LEBAR BAHU KANAN TIDAK MEMENUHI,0.0,KM,2025
481,4806,35,JAWA TIMUR,2025,KABUPATEN JEMBER,KASIAN - PUGER,LEBAR BAHU KIRI MEMENUHI,7.08,KM,2025
481,4807,35,JAWA TIMUR,2025,KABUPATEN JEMBER,KASIAN - PUGER,LEBAR BAHU KIRI TIDAK MEMENUHI,0.0,KM,2025
481,4808,35,JAWA TIMUR,2025,KABUPATEN JEMBER,KASIAN - PUGER,LEBAR JALAN MEMENUHI,0.0,KM,2025
481,4809,35,JAWA TIMUR,2025,KABUPATEN JEMBER,KASIAN - PUGER,LEBAR JALAN TIDAK MEMENUHI,7.08,KM,2025
481,4810,35,JAWA TIMUR,2025,KABUPATEN JEMBER,KASIAN - PUGER,PANJANG JALAN,7.08,KM,2025
482,4811,35,JAWA TIMUR,2025,KABUPATEN JEMBER,KASIAN - BALUNG,BANGUNAN PELENGKAP,0.0,KM,2025
482,4812,35,JAWA TIMUR,2025,KABUPATEN JEMBER,KASIAN - BALUNG,KELANDAIAN MEMENUHI,0.0,KM,2025
482,4813,35,JAWA TIMUR,2025,KABUPATEN JEMBER,KASIAN - BALUNG,KELANDAIAN TIDAK MEMENUHI,0.0,KM,2025
482,4814,35,JAWA TIMUR,2025,KABUPATEN JEMBER,KASIAN - BALUNG,LEBAR BAHU KANAN MEMENUHI,7.34,KM,2025
482,4815,35,JAWA TIMUR,2025,KABUPATEN JEMBER,KASIAN - BALUNG,LEBAR BAHU KANAN TIDAK MEMENUHI,0.0,KM,2025
482,4816,35,JAWA TIMUR,2025,KABUPATEN JEMBER,KASIAN - BALUNG,LEBAR BAHU KIRI MEMENUHI,7.34,KM,2025
482,4817,35,JAWA TIMUR,2025,KABUPATEN JEMBER,KASIAN - BALUNG,LEBAR BAHU KIRI TIDAK MEMENUHI,0.0,KM,2025
482,4818,35,JAWA TIMUR,2025,KABUPATEN JEMBER,KASIAN - BALUNG,LEBAR JALAN MEMENUHI,0.0,KM,2025
482,4819,35,JAWA TIMUR,2025,KABUPATEN JEMBER,KASIAN - BALUNG,LEBAR JALAN TIDAK MEMENUHI,7.34,KM,2025
482,4820,35,JAWA TIMUR,2025,KABUPATEN JEMBER,KASIAN - BALUNG,PANJANG JALAN,7.34,KM,2025
483,4821,35,JAWA TIMUR,2025,KABUPATEN JEMBER,BALUNG - RAMBIPUJI,BANGUNAN PELENGKAP,0.0,KM,2025
483,4822,35,JAWA TIMUR,2025,KABUPATEN JEMBER,BALUNG - RAMBIPUJI,KELANDAIAN MEMENUHI,0.0,KM,2025
483,4823,35,JAWA TIMUR,2025,KABUPATEN JEMBER,BALUNG - RAMBIPUJI,KELANDAIAN TIDAK MEMENUHI,0.0,KM,2025
483,4824,35,JAWA TIMUR,2025,KABUPATEN JEMBER,BALUNG - RAMBIPUJI,LEBAR BAHU KANAN MEMENUHI,10.64,KM,2025
483,4825,35,JAWA TIMUR,2025,KABUPATEN JEMBER,BALUNG - RAMBIPUJI,LEBAR BAHU KANAN TIDAK MEMENUHI,0.0,KM,2025
483,4826,35,JAWA TIMUR,2025,KABUPATEN JEMBER,BALUNG - RAMBIPUJI,LEBAR BAHU KIRI MEMENUHI,10.64,KM,2025
483,4827,35,JAWA TIMUR,2025,KABUPATEN JEMBER,BALUNG - RAMBIPUJI,LEBAR BAHU KIRI TIDAK MEMENUHI,0.0,KM,2025
483,4828,35,JAWA TIMUR,2025,KABUPATEN JEMBER,BALUNG - RAMBIPUJI,LEBAR JALAN MEMENUHI,0.0,KM,2025
483,4829,35,JAWA TIMUR,2025,KABUPATEN JEMBER,BALUNG - RAMBIPUJI,LEBAR JALAN TIDAK MEMENUHI,10.64,KM,2025
483,4830,35,JAWA TIMUR,2025,KABUPATEN JEMBER,BALUNG - RAMBIPUJI,PANJANG JALAN,10.64,KM,2025
484,4831,35,JAWA TIMUR,2025,KABUPATEN JEMBER,BALUNG - AMBULU,BANGUNAN PELENGKAP,0.0,KM,2025
484,4832,35,JAWA TIMUR,2025,KABUPATEN JEMBER,BALUNG - AMBULU,KELANDAIAN MEMENUHI,0.0,KM,2025
484,4833,35,JAWA TIMUR,2025,KABUPATEN JEMBER,BALUNG - AMBULU,KELANDAIAN TIDAK MEMENUHI,0.0,KM,2025
484,4834,35,JAWA TIMUR,2025,KABUPATEN JEMBER,BALUNG - AMBULU,LEBAR BAHU KANAN MEMENUHI,13.69,KM,2025
484,4835,35,JAWA TIMUR,2025,KABUPATEN JEMBER,BALUNG - AMBULU,LEBAR BAHU KANAN TIDAK MEMENUHI,0.0,KM,2025
484,4836,35,JAWA TIMUR,2025,KABUPATEN JEMBER,BALUNG - AMBULU,LEBAR BAHU KIRI MEMENUHI,13.69,KM,2025
484,4837,35,JAWA TIMUR,2025,KABUPATEN JEMBER,BALUNG - AMBULU,LEBAR BAHU KIRI TIDAK MEMENUHI,0.0,KM,2025
484,4838,35,JAWA TIMUR,2025,KABUPATEN JEMBER,BALUNG - AMBULU,LEBAR JALAN MEMENUHI,13.69,KM,2025
484,4839,35,JAWA TIMUR,2025,KABUPATEN JEMBER,BALUNG - AMBULU,LEBAR JALAN TIDAK MEMENUHI,0.0,KM,2025
484,4840,35,JAWA TIMUR,2025,KABUPATEN JEMBER,BALUNG - AMBULU,PANJANG JALAN,13.69,KM,2025
485,4841,35,JAWA TIMUR,2025,KABUPATEN JEMBER,AMBULU - BTS. KOTA JEMBER (MANGLI),BANGUNAN PELENGKAP,0.0,KM,2025
485,4842,35,JAWA TIMUR,2025,KABUPATEN JEMBER,AMBULU - BTS. KOTA JEMBER (MANGLI),KELANDAIAN MEMENUHI,0.0,KM,2025
485,4843,35,JAWA TIMUR,2025,KABUPATEN JEMBER,AMBULU - BTS. KOTA JEMBER (MANGLI),KELANDAIAN TIDAK MEMENUHI,0.0,KM,2025
485,4844,35,JAWA TIMUR,2025,KABUPATEN JEMBER,AMBULU - BTS. KOTA JEMBER (MANGLI),LEBAR BAHU KANAN MEMENUHI,17.4,KM,2025
485,4845,35,JAWA TIMUR,2025,KABUPATEN JEMBER,AMBULU - BTS. KOTA JEMBER (MANGLI),LEBAR BAHU KANAN TIDAK MEMENUHI,0.0,KM,2025
485,4846,35,JAWA TIMUR,2025,KABUPATEN JEMBER,AMBULU - BTS. KOTA JEMBER (MANGLI),LEBAR BAHU KIRI MEMENUHI,17.4,KM,2025
485,4847,35,JAWA TIMUR,2025,KABUPATEN JEMBER,AMBULU - BTS. KOTA JEMBER (MANGLI),LEBAR BAHU KIRI TIDAK MEMENUHI,0.0,KM,2025
485,4848,35,JAWA TIMUR,2025,KABUPATEN JEMBER,AMBULU - BTS. KOTA JEMBER (MANGLI),LEBAR JALAN MEMENUHI,17.4,KM,2025
485,4849,35,JAWA TIMUR,2025,KABUPATEN JEMBER,AMBULU - BTS. KOTA JEMBER (MANGLI),LEBAR JALAN TIDAK MEMENUHI,0.0,KM,2025
485,4850,35,JAWA TIMUR,2025,KABUPATEN JEMBER,AMBULU - BTS. KOTA JEMBER (MANGLI),PANJANG JALAN,17.4,KM,2025
486,4851,35,JAWA TIMUR,2025,KABUPATEN JEMBER,JLN. OTO ISKANDAR,BANGUNAN PELENGKAP,0.0,KM,2025
486,4852,35,JAWA TIMUR,2025,KABUPATEN JEMBER,JLN. OTO ISKANDAR,KELANDAIAN MEMENUHI,0.0,KM,2025
486,4853,35,JAWA TIMUR,2025,KABUPATEN JEMBER,JLN. OTO ISKANDAR,KELANDAIAN TIDAK MEMENUHI,0.0,KM,2025
486,4854,35,JAWA TIMUR,2025,KABUPATEN JEMBER,JLN. OTO ISKANDAR,LEBAR BAHU KANAN MEMENUHI,1.85,KM,2025
486,4855,35,JAWA TIMUR,2025,KABUPATEN JEMBER,JLN. OTO ISKANDAR,LEBAR BAHU KANAN TIDAK MEMENUHI,0.0,KM,2025
486,4856,35,JAWA TIMUR,2025,KABUPATEN JEMBER,JLN. OTO ISKANDAR,LEBAR BAHU KIRI MEMENUHI,1.85,KM,2025
486,4857,35,JAWA TIMUR,2025,KABUPATEN JEMBER,JLN. OTO ISKANDAR,LEBAR BAHU KIRI TIDAK MEMENUHI,0.0,KM,2025
486,4858,35,JAWA TIMUR,2025,KABUPATEN JEMBER,JLN. OTO ISKANDAR,LEBAR JALAN MEMENUHI,0.0,KM,2025
486,4859,35,JAWA TIMUR,2025,KABUPATEN JEMBER,JLN. OTO ISKANDAR,LEBAR JALAN TIDAK MEMENUHI,1.85,KM,2025
486,4860,35,JAWA TIMUR,2025,KABUPATEN JEMBER,JLN. OTO ISKANDAR,PANJANG JALAN,1.85,KM,2025
487,4861,35,JAWA TIMUR,2025,KABUPATEN JEMBER,ARJASA - BTS. KOTA JEMBER,BANGUNAN PELENGKAP,0.0,KM,2025
487,4862,35,JAWA TIMUR,2025,KABUPATEN JEMBER,ARJASA - BTS. KOTA JEMBER,KELANDAIAN MEMENUHI,0.0,KM,2025
487,4863,35,JAWA TIMUR,2025,KABUPATEN JEMBER,ARJASA - BTS. KOTA JEMBER,KELANDAIAN TIDAK MEMENUHI,0.0,KM,2025
487,4864,35,JAWA TIMUR,2025,KABUPATEN JEMBER,ARJASA - BTS. KOTA JEMBER,LEBAR BAHU KANAN MEMENUHI,1.41,KM,2025
487,4865,35,JAWA TIMUR,2025,KABUPATEN JEMBER,ARJASA - BTS. KOTA JEMBER,LEBAR BAHU KANAN TIDAK MEMENUHI,0.0,KM,2025
487,4866,35,JAWA TIMUR,2025,KABUPATEN JEMBER,ARJASA - BTS. KOTA JEMBER,LEBAR BAHU KIRI MEMENUHI,0.0,KM,2025
487,4867,35,JAWA TIMUR,2025,KABUPATEN JEMBER,ARJASA - BTS. KOTA JEMBER,LEBAR BAHU KIRI TIDAK MEMENUHI,1.41,KM,2025
487,4868,35,JAWA TIMUR,2025,KABUPATEN JEMBER,ARJASA - BTS. KOTA JEMBER,LEBAR JALAN MEMENUHI,1.41,KM,2025
487,4869,35,JAWA TIMUR,2025,KABUPATEN JEMBER,ARJASA - BTS. KOTA JEMBER,LEBAR JALAN TIDAK MEMENUHI,0.0,KM,2025
487,4870,35,JAWA TIMUR,2025,KABUPATEN JEMBER,ARJASA - BTS. KOTA JEMBER,PANJANG JALAN,1.41,KM,2025
488,4871,35,JAWA TIMUR,2025,KABUPATEN JEMBER,JLN. SUPRIADI,BANGUNAN PELENGKAP,0.0,KM,2025
488,4872,35,JAWA TIMUR,2025,KABUPATEN JEMBER,JLN. SUPRIADI,KELANDAIAN MEMENUHI,0.0,KM,2025
488,4873,35,JAWA TIMUR,2025,KABUPATEN JEMBER,JLN. SUPRIADI,KELANDAIAN TIDAK MEMENUHI,0.0,KM,2025
488,4874,35,JAWA TIMUR,2025,KABUPATEN JEMBER,JLN. SUPRIADI,LEBAR BAHU KANAN MEMENUHI,0.81,KM,2025
488,4875,35,JAWA TIMUR,2025,KABUPATEN JEMBER,JLN. SUPRIADI,LEBAR BAHU KANAN TIDAK MEMENUHI,0.0,KM,2025
488,4876,35,JAWA TIMUR,2025,KABUPATEN JEMBER,JLN. SUPRIADI,LEBAR BAHU KIRI MEMENUHI,0.3,KM,2025
488,4877,35,JAWA TIMUR,2025,KABUPATEN JEMBER,JLN. SUPRIADI,LEBAR BAHU KIRI TIDAK MEMENUHI,0.51,KM,2025
488,4878,35,JAWA TIMUR,2025,KABUPATEN JEMBER,JLN. SUPRIADI,LEBAR JALAN MEMENUHI,0.81,KM,2025
488,4879,35,JAWA TIMUR,2025,KABUPATEN JEMBER,JLN. SUPRIADI,LEBAR JALAN TIDAK MEMENUHI,0.0,KM,2025
488,4880,35,JAWA TIMUR,2025,KABUPATEN JEMBER,JLN. SUPRIADI,PANJANG JALAN,0.81,KM,2025
489,4881,35,JAWA TIMUR,2025,KABUPATEN JEMBER,JLN. SLAMET RIYADI,BANGUNAN PELENGKAP,0.0,KM,2025
489,4882,35,JAWA TIMUR,2025,KABUPATEN JEMBER,JLN. SLAMET RIYADI,KELANDAIAN MEMENUHI,0.0,KM,2025
489,4883,35,JAWA TIMUR,2025,KABUPATEN JEMBER,JLN. SLAMET RIYADI,KELANDAIAN TIDAK MEMENUHI,0.0,KM,2025
489,4884,35,JAWA TIMUR,2025,KABUPATEN JEMBER,JLN. SLAMET RIYADI,LEBAR BAHU KANAN MEMENUHI,2.61,KM,2025
489,4885,35,JAWA TIMUR,2025,KABUPATEN JEMBER,JLN. SLAMET RIYADI,LEBAR BAHU KANAN TIDAK MEMENUHI,0.0,KM,2025
489,4886,35,JAWA TIMUR,2025,KABUPATEN JEMBER,JLN. SLAMET RIYADI,LEBAR BAHU KIRI MEMENUHI,2.61,KM,2025
489,4887,35,JAWA TIMUR,2025,KABUPATEN JEMBER,JLN. SLAMET RIYADI,LEBAR BAHU KIRI TIDAK MEMENUHI,0.0,KM,2025
489,4888,35,JAWA TIMUR,2025,KABUPATEN JEMBER,JLN. SLAMET RIYADI,LEBAR JALAN MEMENUHI,2.61,KM,2025
489,4889,35,JAWA TIMUR,2025,KABUPATEN JEMBER,JLN. SLAMET RIYADI,LEBAR JALAN TIDAK MEMENUHI,0.0,KM,2025
489,4890,35,JAWA TIMUR,2025,KABUPATEN JEMBER,JLN. SLAMET RIYADI,PANJANG JALAN,2.61,KM,2025
490,4891,35,JAWA TIMUR,2025,KABUPATEN JEMBER,JLN. MOCH. SERUJI,BANGUNAN PELENGKAP,0.0,KM,2025
490,4892,35,JAWA TIMUR,2025,KABUPATEN JEMBER,JLN. MOCH. SERUJI,KELANDAIAN MEMENUHI,0.0,KM,2025
490,4893,35,JAWA TIMUR,2025,KABUPATEN JEMBER,JLN. MOCH. SERUJI,KELANDAIAN TIDAK MEMENUHI,0.0,KM,2025
490,4894,35,JAWA TIMUR,2025,KABUPATEN JEMBER,JLN. MOCH. SERUJI,LEBAR BAHU KANAN MEMENUHI,0.92,KM,2025
490,4895,35,JAWA TIMUR,2025,KABUPATEN JEMBER,JLN. MOCH. SERUJI,LEBAR BAHU KANAN TIDAK MEMENUHI,0.0,KM,2025
490,4896,35,JAWA TIMUR,2025,KABUPATEN JEMBER,JLN. MOCH. SERUJI,LEBAR BAHU KIRI MEMENUHI,0.0,KM,2025
490,4897,35,JAWA TIMUR,2025,KABUPATEN JEMBER,JLN. MOCH. SERUJI,LEBAR BAHU KIRI TIDAK MEMENUHI,0.92,KM,2025
490,4898,35,JAWA TIMUR,2025,KABUPATEN JEMBER,JLN. MOCH. SERUJI,LEBAR JALAN MEMENUHI,0.92,KM,2025
490,4899,35,JAWA TIMUR,2025,KABUPATEN JEMBER,JLN. MOCH. SERUJI,LEBAR JALAN TIDAK MEMENUHI,0.0,KM,2025
490,4900,35,JAWA TIMUR,2025,KABUPATEN JEMBER,JLN. MOCH. SERUJI,PANJANG JALAN,0.92,KM,2025
491,4901,35,JAWA TIMUR,2025,KABUPATEN JEMBER,JLN. PB. SUDIRMAN,BANGUNAN PELENGKAP,0.0,KM,2025
491,4902,35,JAWA TIMUR,2025,KABUPATEN JEMBER,JLN. PB. SUDIRMAN,KELANDAIAN MEMENUHI,0.0,KM,2025
491,4903,35,JAWA TIMUR,2025,KABUPATEN JEMBER,JLN. PB. SUDIRMAN,KELANDAIAN TIDAK MEMENUHI,0.0,KM,2025
491,4904,35,JAWA TIMUR,2025,KABUPATEN JEMBER,JLN. PB. SUDIRMAN,LEBAR BAHU KANAN MEMENUHI,1.58,KM,2025
491,4905,35,JAWA TIMUR,2025,KABUPATEN JEMBER,JLN. PB. SUDIRMAN,LEBAR BAHU KANAN TIDAK MEMENUHI,0.0,KM,2025
491,4906,35,JAWA TIMUR,2025,KABUPATEN JEMBER,JLN. PB. SUDIRMAN,LEBAR BAHU KIRI MEMENUHI,0.0,KM,2025
491,4907,35,JAWA TIMUR,2025,KABUPATEN JEMBER,JLN. PB. SUDIRMAN,LEBAR BAHU KIRI TIDAK MEMENUHI,1.58,KM,2025
491,4908,35,JAWA TIMUR,2025,KABUPATEN JEMBER,JLN. PB. SUDIRMAN,LEBAR JALAN MEMENUHI,1.58,KM,2025
491,4909,35,JAWA TIMUR,2025,KABUPATEN JEMBER,JLN. PB. SUDIRMAN,LEBAR JALAN TIDAK MEMENUHI,0.0,KM,2025
491,4910,35,JAWA TIMUR,2025,KABUPATEN JEMBER,JLN. PB. SUDIRMAN,PANJANG JALAN,1.58,KM,2025
492,4911,35,JAWA TIMUR,2025,KABUPATEN JEMBER,BTS. KAB. BONDOWOSO - ARJASA,BANGUNAN PELENGKAP,0.0,KM,2025
492,4912,35,JAWA TIMUR,2025,KABUPATEN JEMBER,BTS. KAB. BONDOWOSO - ARJASA,KELANDAIAN MEMENUHI,0.0,KM,2025
492,4913,35,JAWA TIMUR,2025,KABUPATEN JEMBER,BTS. KAB. BONDOWOSO - ARJASA,KELANDAIAN TIDAK MEMENUHI,0.0,KM,2025
492,4914,35,JAWA TIMUR,2025,KABUPATEN JEMBER,BTS. KAB. BONDOWOSO - ARJASA,LEBAR BAHU KANAN MEMENUHI,9.33,KM,2025
492,4915,35,JAWA TIMUR,2025,KABUPATEN JEMBER,BTS. KAB. BONDOWOSO - ARJASA,LEBAR BAHU KANAN TIDAK MEMENUHI,0.0,KM,2025
492,4916,35,JAWA TIMUR,2025,KABUPATEN JEMBER,BTS. KAB. BONDOWOSO - ARJASA,LEBAR BAHU KIRI MEMENUHI,9.33,KM,2025
492,4917,35,JAWA TIMUR,2025,KABUPATEN JEMBER,BTS. KAB. BONDOWOSO - ARJASA,LEBAR BAHU KIRI TIDAK MEMENUHI,0.0,KM,2025
492,4918,35,JAWA TIMUR,2025,KABUPATEN JEMBER,BTS. KAB. BONDOWOSO - ARJASA,LEBAR JALAN MEMENUHI,9.33,KM,2025
492,4919,35,JAWA TIMUR,2025,KABUPATEN JEMBER,BTS. KAB. BONDOWOSO - ARJASA,LEBAR JALAN TIDAK MEMENUHI,0.0,KM,2025
492,4920,35,JAWA TIMUR,2025,KABUPATEN JEMBER,BTS. KAB. BONDOWOSO - ARJASA,PANJANG JALAN,9.33,KM,2025
493,4921,35,JAWA TIMUR,2025,KABUPATEN JEMBER,BTS. KAB. BONDOWOSO - KALISAT,BANGUNAN PELENGKAP,0.0,KM,2025
493,4922,35,JAWA TIMUR,2025,KABUPATEN JEMBER,BTS. KAB. BONDOWOSO - KALISAT,KELANDAIAN MEMENUHI,0.0,KM,2025
493,4923,35,JAWA TIMUR,2025,KABUPATEN JEMBER,BTS. KAB. BONDOWOSO - KALISAT,KELANDAIAN TIDAK MEMENUHI,0.0,KM,2025
493,4924,35,JAWA TIMUR,2025,KABUPATEN JEMBER,BTS. KAB. BONDOWOSO - KALISAT,LEBAR BAHU KANAN MEMENUHI,12.93,KM,2025
493,4925,35,JAWA TIMUR,2025,KABUPATEN JEMBER,BTS. KAB. BONDOWOSO - KALISAT,LEBAR BAHU KANAN TIDAK MEMENUHI,0.0,KM,2025
493,4926,35,JAWA TIMUR,2025,KABUPATEN JEMBER,BTS. KAB. BONDOWOSO - KALISAT,LEBAR BAHU KIRI MEMENUHI,12.93,KM,2025
493,4927,35,JAWA TIMUR,2025,KABUPATEN JEMBER,BTS. KAB. BONDOWOSO - KALISAT,LEBAR BAHU KIRI TIDAK MEMENUHI,0.0,KM,2025
493,4928,35,JAWA TIMUR,2025,KABUPATEN JEMBER,BTS. KAB. BONDOWOSO - KALISAT,LEBAR JALAN MEMENUHI,12.93,KM,2025
493,4929,35,JAWA TIMUR,2025,KABUPATEN JEMBER,BTS. KAB. BONDOWOSO - KALISAT,LEBAR JALAN TIDAK MEMENUHI,0.0,KM,2025
493,4930,35,JAWA TIMUR,2025,KABUPATEN JEMBER,BTS. KAB. BONDOWOSO - KALISAT,PANJANG JALAN,12.93,KM,2025
494,4931,35,JAWA TIMUR,2025,KABUPATEN JEMBER,KALISAT - SEMPOLAN,BANGUNAN PELENGKAP,0.0,KM,2025
494,4932,35,JAWA TIMUR,2025,KABUPATEN JEMBER,KALISAT - SEMPOLAN,KELANDAIAN MEMENUHI,0.0,KM,2025
494,4933,35,JAWA TIMUR,2025,KABUPATEN JEMBER,KALISAT - SEMPOLAN,KELANDAIAN TIDAK MEMENUHI,0.0,KM,2025
494,4934,35,JAWA TIMUR,2025,KABUPATEN JEMBER,KALISAT - SEMPOLAN,LEBAR BAHU KANAN MEMENUHI,8.09,KM,2025
494,4935,35,JAWA TIMUR,2025,KABUPATEN JEMBER,KALISAT - SEMPOLAN,LEBAR BAHU KANAN TIDAK MEMENUHI,0.0,KM,2025
494,4936,35,JAWA TIMUR,2025,KABUPATEN JEMBER,KALISAT - SEMPOLAN,LEBAR BAHU KIRI MEMENUHI,8.09,KM,2025
494,4937,35,JAWA TIMUR,2025,KABUPATEN JEMBER,KALISAT - SEMPOLAN,LEBAR BAHU KIRI TIDAK MEMENUHI,0.0,KM,2025
494,4938,35,JAWA TIMUR,2025,KABUPATEN JEMBER,KALISAT - SEMPOLAN,LEBAR JALAN MEMENUHI,8.09,KM,2025
494,4939,35,JAWA TIMUR,2025,KABUPATEN JEMBER,KALISAT - SEMPOLAN,LEBAR JALAN TIDAK MEMENUHI,0.0,KM,2025
494,4940,35,JAWA TIMUR,2025,KABUPATEN JEMBER,KALISAT - SEMPOLAN,PANJANG JALAN,8.09,KM,2025
495,4941,35,JAWA TIMUR,2025,KABUPATEN BANYUWANGI,GENTENG KULON - WONOREKSO,BANGUNAN PELENGKAP,0.0,KM,2025
495,4942,35,JAWA TIMUR,2025,KABUPATEN BANYUWANGI,GENTENG KULON - WONOREKSO,KELANDAIAN MEMENUHI,0.0,KM,2025
495,4943,35,JAWA TIMUR,2025,KABUPATEN BANYUWANGI,GENTENG KULON - WONOREKSO,KELANDAIAN TIDAK MEMENUHI,0.0,KM,2025
495,4944,35,JAWA TIMUR,2025,KABUPATEN BANYUWANGI,GENTENG KULON - WONOREKSO,LEBAR BAHU KANAN MEMENUHI,14.91,KM,2025
495,4945,35,JAWA TIMUR,2025,KABUPATEN BANYUWANGI,GENTENG KULON - WONOREKSO,LEBAR BAHU KANAN TIDAK MEMENUHI,1.2,KM,2025
495,4946,35,JAWA TIMUR,2025,KABUPATEN BANYUWANGI,GENTENG KULON - WONOREKSO,LEBAR BAHU KIRI MEMENUHI,14.91,KM,2025
495,4947,35,JAWA TIMUR,2025,KABUPATEN BANYUWANGI,GENTENG KULON - WONOREKSO,LEBAR BAHU KIRI TIDAK MEMENUHI,1.2,KM,2025
495,4948,35,JAWA TIMUR,2025,KABUPATEN BANYUWANGI,GENTENG KULON - WONOREKSO,LEBAR JALAN MEMENUHI,1.2,KM,2025
495,4949,35,JAWA TIMUR,2025,KABUPATEN BANYUWANGI,GENTENG KULON - WONOREKSO,LEBAR JALAN TIDAK MEMENUHI,14.91,KM,2025
495,4950,35,JAWA TIMUR,2025,KABUPATEN BANYUWANGI,GENTENG KULON - WONOREKSO,PANJANG JALAN,16.11,KM,2025
496,4951,35,JAWA TIMUR,2025,KABUPATEN BANYUWANGI,WONOREKSO - ROGOJAMPI,BANGUNAN PELENGKAP,0.0,KM,2025
496,4952,35,JAWA TIMUR,2025,KABUPATEN BANYUWANGI,WONOREKSO - ROGOJAMPI,KELANDAIAN MEMENUHI,0.0,KM,2025
496,4953,35,JAWA TIMUR,2025,KABUPATEN BANYUWANGI,WONOREKSO - ROGOJAMPI,KELANDAIAN TIDAK MEMENUHI,0.0,KM,2025
496,4954,35,JAWA TIMUR,2025,KABUPATEN BANYUWANGI,WONOREKSO - ROGOJAMPI,LEBAR BAHU KANAN MEMENUHI,4.64,KM,2025
496,4955,35,JAWA TIMUR,2025,KABUPATEN BANYUWANGI,WONOREKSO - ROGOJAMPI,LEBAR BAHU KANAN TIDAK MEMENUHI,0.0,KM,2025
496,4956,35,JAWA TIMUR,2025,KABUPATEN BANYUWANGI,WONOREKSO - ROGOJAMPI,LEBAR BAHU KIRI MEMENUHI,4.64,KM,2025
496,4957,35,JAWA TIMUR,2025,KABUPATEN BANYUWANGI,WONOREKSO - ROGOJAMPI,LEBAR BAHU KIRI TIDAK MEMENUHI,0.0,KM,2025
496,4958,35,JAWA TIMUR,2025,KABUPATEN BANYUWANGI,WONOREKSO - ROGOJAMPI,LEBAR JALAN MEMENUHI,0.04,KM,2025
496,4959,35,JAWA TIMUR,2025,KABUPATEN BANYUWANGI,WONOREKSO - ROGOJAMPI,LEBAR JALAN TIDAK MEMENUHI,4.6,KM,2025
496,4960,35,JAWA TIMUR,2025,KABUPATEN BANYUWANGI,WONOREKSO - ROGOJAMPI,PANJANG JALAN,4.64,KM,2025
497,4961,35,JAWA TIMUR,2025,KABUPATEN BANYUWANGI,GENTENG - TEMUGURUH,BANGUNAN PELENGKAP,0.0,KM,2025
497,4962,35,JAWA TIMUR,2025,KABUPATEN BANYUWANGI,GENTENG - TEMUGURUH,KELANDAIAN MEMENUHI,0.0,KM,2025
497,4963,35,JAWA TIMUR,2025,KABUPATEN BANYUWANGI,GENTENG - TEMUGURUH,KELANDAIAN TIDAK MEMENUHI,0.0,KM,2025
497,4964,35,JAWA TIMUR,2025,KABUPATEN BANYUWANGI,GENTENG - TEMUGURUH,LEBAR BAHU KANAN MEMENUHI,9.81,KM,2025
497,4965,35,JAWA TIMUR,2025,KABUPATEN BANYUWANGI,GENTENG - TEMUGURUH,LEBAR BAHU KANAN TIDAK MEMENUHI,0.7,KM,2025
497,4966,35,JAWA TIMUR,2025,KABUPATEN BANYUWANGI,GENTENG - TEMUGURUH,LEBAR BAHU KIRI MEMENUHI,10.51,KM,2025
497,4967,35,JAWA TIMUR,2025,KABUPATEN BANYUWANGI,GENTENG - TEMUGURUH,LEBAR BAHU KIRI TIDAK MEMENUHI,0.0,KM,2025
497,4968,35,JAWA TIMUR,2025,KABUPATEN BANYUWANGI,GENTENG - TEMUGURUH,LEBAR JALAN MEMENUHI,1.0,KM,2025
497,4969,35,JAWA TIMUR,2025,KABUPATEN BANYUWANGI,GENTENG - TEMUGURUH,LEBAR JALAN TIDAK MEMENUHI,9.51,KM,2025
497,4970,35,JAWA TIMUR,2025,KABUPATEN BANYUWANGI,GENTENG - TEMUGURUH,PANJANG JALAN,10.51,KM,2025
498,4971,35,JAWA TIMUR,2025,KABUPATEN BANYUWANGI,TEMUGURUH - WONOREKSO,BANGUNAN PELENGKAP,0.0,KM,2025
498,4972,35,JAWA TIMUR,2025,KABUPATEN BANYUWANGI,TEMUGURUH - WONOREKSO,KELANDAIAN MEMENUHI,0.0,KM,2025
498,4973,35,JAWA TIMUR,2025,KABUPATEN BANYUWANGI,TEMUGURUH - WONOREKSO,KELANDAIAN TIDAK MEMENUHI,0.0,KM,2025
498,4974,35,JAWA TIMUR,2025,KABUPATEN BANYUWANGI,TEMUGURUH - WONOREKSO,LEBAR BAHU KANAN MEMENUHI,4.85,KM,2025
498,4975,35,JAWA TIMUR,2025,KABUPATEN BANYUWANGI,TEMUGURUH - WONOREKSO,LEBAR BAHU KANAN TIDAK MEMENUHI,0.3,KM,2025
498,4976,35,JAWA TIMUR,2025,KABUPATEN BANYUWANGI,TEMUGURUH - WONOREKSO,LEBAR BAHU KIRI MEMENUHI,5.15,KM,2025
498,4977,35,JAWA TIMUR,2025,KABUPATEN BANYUWANGI,TEMUGURUH - WONOREKSO,LEBAR BAHU KIRI TIDAK MEMENUHI,0.0,KM,2025
498,4978,35,JAWA TIMUR,2025,KABUPATEN BANYUWANGI,TEMUGURUH - WONOREKSO,LEBAR JALAN MEMENUHI,0.0,KM,2025
498,4979,35,JAWA TIMUR,2025,KABUPATEN BANYUWANGI,TEMUGURUH - WONOREKSO,LEBAR JALAN TIDAK MEMENUHI,5.15,KM,2025
498,4980,35,JAWA TIMUR,2025,KABUPATEN BANYUWANGI,TEMUGURUH - WONOREKSO,PANJANG JALAN,5.15,KM,2025
499,4981,35,JAWA TIMUR,2025,KABUPATEN BANYUWANGI,JAJAG - SIMPANG LIMA PETAHUNAN - PASANGGARAN,BANGUNAN PELENGKAP,0.0,KM,2025
499,4982,35,JAWA TIMUR,2025,KABUPATEN BANYUWANGI,JAJAG - SIMPANG LIMA PETAHUNAN - PASANGGARAN,KELANDAIAN MEMENUHI,0.0,KM,2025
499,4983,35,JAWA TIMUR,2025,KABUPATEN BANYUWANGI,JAJAG - SIMPANG LIMA PETAHUNAN - PASANGGARAN,KELANDAIAN TIDAK MEMENUHI,0.0,KM,2025
499,4984,35,JAWA TIMUR,2025,KABUPATEN BANYUWANGI,JAJAG - SIMPANG LIMA PETAHUNAN - PASANGGARAN,LEBAR BAHU KANAN MEMENUHI,10.4,KM,2025
499,4985,35,JAWA TIMUR,2025,KABUPATEN BANYUWANGI,JAJAG - SIMPANG LIMA PETAHUNAN - PASANGGARAN,LEBAR BAHU KANAN TIDAK MEMENUHI,11.79,KM,2025
499,4986,35,JAWA TIMUR,2025,KABUPATEN BANYUWANGI,JAJAG - SIMPANG LIMA PETAHUNAN - PASANGGARAN,LEBAR BAHU KIRI MEMENUHI,14.9,KM,2025
499,4987,35,JAWA TIMUR,2025,KABUPATEN BANYUWANGI,JAJAG - SIMPANG LIMA PETAHUNAN - PASANGGARAN,LEBAR BAHU KIRI TIDAK MEMENUHI,7.29,KM,2025
499,4988,35,JAWA TIMUR,2025,KABUPATEN BANYUWANGI,JAJAG - SIMPANG LIMA PETAHUNAN - PASANGGARAN,LEBAR JALAN MEMENUHI,18.89,KM,2025
499,4989,35,JAWA TIMUR,2025,KABUPATEN BANYUWANGI,JAJAG - SIMPANG LIMA PETAHUNAN - PASANGGARAN,LEBAR JALAN TIDAK MEMENUHI,3.3,KM,2025
499,4990,35,JAWA TIMUR,2025,KABUPATEN BANYUWANGI,JAJAG - SIMPANG LIMA PETAHUNAN - PASANGGARAN,PANJANG JALAN,22.19,KM,2025
500,4991,35,JAWA TIMUR,2025,KABUPATEN BANYUWANGI,BENCULUK - GLAGAH AGUNG,BANGUNAN PELENGKAP,0.0,KM,2025
500,4992,35,JAWA TIMUR,2025,KABUPATEN BANYUWANGI,BENCULUK - GLAGAH AGUNG,KELANDAIAN MEMENUHI,0.0,KM,2025
500,4993,35,JAWA TIMUR,2025,KABUPATEN BANYUWANGI,BENCULUK - GLAGAH AGUNG,KELANDAIAN TIDAK MEMENUHI,0.0,KM,2025
500,4994,35,JAWA TIMUR,2025,KABUPATEN BANYUWANGI,BENCULUK - GLAGAH AGUNG,LEBAR BAHU KANAN MEMENUHI,9.7,KM,2025
500,4995,35,JAWA TIMUR,2025,KABUPATEN BANYUWANGI,BENCULUK - GLAGAH AGUNG,LEBAR BAHU KANAN TIDAK MEMENUHI,0.0,KM,2025
500,4996,35,JAWA TIMUR,2025,KABUPATEN BANYUWANGI,BENCULUK - GLAGAH AGUNG,LEBAR BAHU KIRI MEMENUHI,9.7,KM,2025
500,4997,35,JAWA TIMUR,2025,KABUPATEN BANYUWANGI,BENCULUK - GLAGAH AGUNG,LEBAR BAHU KIRI TIDAK MEMENUHI,0.0,KM,2025
500,4998,35,JAWA TIMUR,2025,KABUPATEN BANYUWANGI,BENCULUK - GLAGAH AGUNG,LEBAR JALAN MEMENUHI,0.0,KM,2025
500,4999,35,JAWA TIMUR,2025,KABUPATEN BANYUWANGI,BENCULUK - GLAGAH AGUNG,LEBAR JALAN TIDAK MEMENUHI,9.7,KM,2025
500,5000,35,JAWA TIMUR,2025,KABUPATEN BANYUWANGI,BENCULUK - GLAGAH AGUNG,PANJANG JALAN,9.7,KM,2025
501,5001,35,JAWA TIMUR,2025,KABUPATEN BANYUWANGI,GLAGAH AGUNG - GRAJAGAN,BANGUNAN PELENGKAP,0.0,KM,2025
501,5002,35,JAWA TIMUR,2025,KABUPATEN BANYUWANGI,GLAGAH AGUNG - GRAJAGAN,KELANDAIAN MEMENUHI,0.0,KM,2025
501,5003,35,JAWA TIMUR,2025,KABUPATEN BANYUWANGI,GLAGAH AGUNG - GRAJAGAN,KELANDAIAN TIDAK MEMENUHI,0.0,KM,2025
501,5004,35,JAWA TIMUR,2025,KABUPATEN BANYUWANGI,GLAGAH AGUNG - GRAJAGAN,LEBAR BAHU KANAN MEMENUHI,9.76,KM,2025
501,5005,35,JAWA TIMUR,2025,KABUPATEN BANYUWANGI,GLAGAH AGUNG - GRAJAGAN,LEBAR BAHU KANAN TIDAK MEMENUHI,0.0,KM,2025
501,5006,35,JAWA TIMUR,2025,KABUPATEN BANYUWANGI,GLAGAH AGUNG - GRAJAGAN,LEBAR BAHU KIRI MEMENUHI,9.76,KM,2025
501,5007,35,JAWA TIMUR,2025,KABUPATEN BANYUWANGI,GLAGAH AGUNG - GRAJAGAN,LEBAR BAHU KIRI TIDAK MEMENUHI,0.0,KM,2025
501,5008,35,JAWA TIMUR,2025,KABUPATEN BANYUWANGI,GLAGAH AGUNG - GRAJAGAN,LEBAR JALAN MEMENUHI,0.0,KM,2025
501,5009,35,JAWA TIMUR,2025,KABUPATEN BANYUWANGI,GLAGAH AGUNG - GRAJAGAN,LEBAR JALAN TIDAK MEMENUHI,9.76,KM,2025
501,5010,35,JAWA TIMUR,2025,KABUPATEN BANYUWANGI,GLAGAH AGUNG - GRAJAGAN,PANJANG JALAN,9.76,KM,2025
502,5011,35,JAWA TIMUR,2025,KABUPATEN BANYUWANGI,GLAGAH AGUNG - TEGAL DLIMO,BANGUNAN PELENGKAP,0.0,KM,2025
502,5012,35,JAWA TIMUR,2025,KABUPATEN BANYUWANGI,GLAGAH AGUNG - TEGAL DLIMO,KELANDAIAN MEMENUHI,0.0,KM,2025
502,5013,35,JAWA TIMUR,2025,KABUPATEN BANYUWANGI,GLAGAH AGUNG - TEGAL DLIMO,KELANDAIAN TIDAK MEMENUHI,0.0,KM,2025
502,5014,35,JAWA TIMUR,2025,KABUPATEN BANYUWANGI,GLAGAH AGUNG - TEGAL DLIMO,LEBAR BAHU KANAN MEMENUHI,13.7,KM,2025
502,5015,35,JAWA TIMUR,2025,KABUPATEN BANYUWANGI,GLAGAH AGUNG - TEGAL DLIMO,LEBAR BAHU KANAN TIDAK MEMENUHI,0.0,KM,2025
502,5016,35,JAWA TIMUR,2025,KABUPATEN BANYUWANGI,GLAGAH AGUNG - TEGAL DLIMO,LEBAR BAHU KIRI MEMENUHI,13.7,KM,2025
502,5017,35,JAWA TIMUR,2025,KABUPATEN BANYUWANGI,GLAGAH AGUNG - TEGAL DLIMO,LEBAR BAHU KIRI TIDAK MEMENUHI,0.0,KM,2025
502,5018,35,JAWA TIMUR,2025,KABUPATEN BANYUWANGI,GLAGAH AGUNG - TEGAL DLIMO,LEBAR JALAN MEMENUHI,0.0,KM,2025
502,5019,35,JAWA TIMUR,2025,KABUPATEN BANYUWANGI,GLAGAH AGUNG - TEGAL DLIMO,LEBAR JALAN TIDAK MEMENUHI,13.7,KM,2025
502,5020,35,JAWA TIMUR,2025,KABUPATEN BANYUWANGI,GLAGAH AGUNG - TEGAL DLIMO,PANJANG JALAN,13.7,KM,2025
503,5021,35,JAWA TIMUR,2025,KABUPATEN BANYUWANGI,SRONO - MUNCAR,BANGUNAN PELENGKAP,0.0,KM,2025
503,5022,35,JAWA TIMUR,2025,KABUPATEN BANYUWANGI,SRONO - MUNCAR,KELANDAIAN MEMENUHI,0.0,KM,2025
503,5023,35,JAWA TIMUR,2025,KABUPATEN BANYUWANGI,SRONO - MUNCAR,KELANDAIAN TIDAK MEMENUHI,0.0,KM,2025
503,5024,35,JAWA TIMUR,2025,KABUPATEN BANYUWANGI,SRONO - MUNCAR,LEBAR BAHU KANAN MEMENUHI,9.64,KM,2025
503,5025,35,JAWA TIMUR,2025,KABUPATEN BANYUWANGI,SRONO - MUNCAR,LEBAR BAHU KANAN TIDAK MEMENUHI,0.3,KM,2025
503,5026,35,JAWA TIMUR,2025,KABUPATEN BANYUWANGI,SRONO - MUNCAR,LEBAR BAHU KIRI MEMENUHI,9.74,KM,2025
503,5027,35,JAWA TIMUR,2025,KABUPATEN BANYUWANGI,SRONO - MUNCAR,LEBAR BAHU KIRI TIDAK MEMENUHI,0.2,KM,2025
503,5028,35,JAWA TIMUR,2025,KABUPATEN BANYUWANGI,SRONO - MUNCAR,LEBAR JALAN MEMENUHI,2.0,KM,2025
503,5029,35,JAWA TIMUR,2025,KABUPATEN BANYUWANGI,SRONO - MUNCAR,LEBAR JALAN TIDAK MEMENUHI,7.94,KM,2025
503,5030,35,JAWA TIMUR,2025,KABUPATEN BANYUWANGI,SRONO - MUNCAR,PANJANG JALAN,9.94,KM,2025
504,5031,35,JAWA TIMUR,2025,KABUPATEN BANYUWANGI,JLN. HOS. COKROAMINOTO,BANGUNAN PELENGKAP,0.0,KM,2025
504,5032,35,JAWA TIMUR,2025,KABUPATEN BANYUWANGI,JLN. HOS. COKROAMINOTO,KELANDAIAN MEMENUHI,0.0,KM,2025
504,5033,35,JAWA TIMUR,2025,KABUPATEN BANYUWANGI,JLN. HOS. COKROAMINOTO,KELANDAIAN TIDAK MEMENUHI,0.0,KM,2025
504,5034,35,JAWA TIMUR,2025,KABUPATEN BANYUWANGI,JLN. HOS. COKROAMINOTO,LEBAR BAHU KANAN MEMENUHI,0.83,KM,2025
504,5035,35,JAWA TIMUR,2025,KABUPATEN BANYUWANGI,JLN. HOS. COKROAMINOTO,LEBAR BAHU KANAN TIDAK MEMENUHI,0.0,KM,2025
504,5036,35,JAWA TIMUR,2025,KABUPATEN BANYUWANGI,JLN. HOS. COKROAMINOTO,LEBAR BAHU KIRI MEMENUHI,0.83,KM,2025
504,5037,35,JAWA TIMUR,2025,KABUPATEN BANYUWANGI,JLN. HOS. COKROAMINOTO,LEBAR BAHU KIRI TIDAK MEMENUHI,0.0,KM,2025
504,5038,35,JAWA TIMUR,2025,KABUPATEN BANYUWANGI,JLN. HOS. COKROAMINOTO,LEBAR JALAN MEMENUHI,0.83,KM,2025
504,5039,35,JAWA TIMUR,2025,KABUPATEN BANYUWANGI,JLN. HOS. COKROAMINOTO,LEBAR JALAN TIDAK MEMENUHI,0.0,KM,2025
504,5040,35,JAWA TIMUR,2025,KABUPATEN BANYUWANGI,JLN. HOS. COKROAMINOTO,PANJANG JALAN,0.83,KM,2025
505,5041,35,JAWA TIMUR,2025,KABUPATEN BANYUWANGI,JLN. WIDURI,BANGUNAN PELENGKAP,0.0,KM,2025
505,5042,35,JAWA TIMUR,2025,KABUPATEN BANYUWANGI,JLN. WIDURI,KELANDAIAN MEMENUHI,0.0,KM,2025
505,5043,35,JAWA TIMUR,2025,KABUPATEN BANYUWANGI,JLN. WIDURI,KELANDAIAN TIDAK MEMENUHI,0.0,KM,2025
505,5044,35,JAWA TIMUR,2025,KABUPATEN BANYUWANGI,JLN. WIDURI,LEBAR BAHU KANAN MEMENUHI,1.01,KM,2025
505,5045,35,JAWA TIMUR,2025,KABUPATEN BANYUWANGI,JLN. WIDURI,LEBAR BAHU KANAN TIDAK MEMENUHI,0.0,KM,2025
505,5046,35,JAWA TIMUR,2025,KABUPATEN BANYUWANGI,JLN. WIDURI,LEBAR BAHU KIRI MEMENUHI,1.01,KM,2025
505,5047,35,JAWA TIMUR,2025,KABUPATEN BANYUWANGI,JLN. WIDURI,LEBAR BAHU KIRI TIDAK MEMENUHI,0.0,KM,2025
505,5048,35,JAWA TIMUR,2025,KABUPATEN BANYUWANGI,JLN. WIDURI,LEBAR JALAN MEMENUHI,0.0,KM,2025
505,5049,35,JAWA TIMUR,2025,KABUPATEN BANYUWANGI,JLN. WIDURI,LEBAR JALAN TIDAK MEMENUHI,1.01,KM,2025
505,5050,35,JAWA TIMUR,2025,KABUPATEN BANYUWANGI,JLN. WIDURI,PANJANG JALAN,1.01,KM,2025
506,5051,35,JAWA TIMUR,2025,KABUPATEN BANYUWANGI,PATUNG BARONG - PASAR LICIN,BANGUNAN PELENGKAP,0.0,KM,2025
506,5052,35,JAWA TIMUR,2025,KABUPATEN BANYUWANGI,PATUNG BARONG - PASAR LICIN,KELANDAIAN MEMENUHI,0.0,KM,2025
506,5053,35,JAWA TIMUR,2025,KABUPATEN BANYUWANGI,PATUNG BARONG - PASAR LICIN,KELANDAIAN TIDAK MEMENUHI,0.0,KM,2025
506,5054,35,JAWA TIMUR,2025,KABUPATEN BANYUWANGI,PATUNG BARONG - PASAR LICIN,LEBAR BAHU KANAN MEMENUHI,10.17,KM,2025
506,5055,35,JAWA TIMUR,2025,KABUPATEN BANYUWANGI,PATUNG BARONG - PASAR LICIN,LEBAR BAHU KANAN TIDAK MEMENUHI,0.0,KM,2025
506,5056,35,JAWA TIMUR,2025,KABUPATEN BANYUWANGI,PATUNG BARONG - PASAR LICIN,LEBAR BAHU KIRI MEMENUHI,10.17,KM,2025
506,5057,35,JAWA TIMUR,2025,KABUPATEN BANYUWANGI,PATUNG BARONG - PASAR LICIN,LEBAR BAHU KIRI TIDAK MEMENUHI,0.0,KM,2025
506,5058,35,JAWA TIMUR,2025,KABUPATEN BANYUWANGI,PATUNG BARONG - PASAR LICIN,LEBAR JALAN MEMENUHI,0.0,KM,2025
506,5059,35,JAWA TIMUR,2025,KABUPATEN BANYUWANGI,PATUNG BARONG - PASAR LICIN,LEBAR JALAN TIDAK MEMENUHI,10.17,KM,2025
506,5060,35,JAWA TIMUR,2025,KABUPATEN BANYUWANGI,PATUNG BARONG - PASAR LICIN,PANJANG JALAN,10.17,KM,2025
507,5061,35,JAWA TIMUR,2025,KABUPATEN BANYUWANGI,PASAR LICIN - JAMBU (POS 1),BANGUNAN PELENGKAP,0.0,KM,2025
507,5062,35,JAWA TIMUR,2025,KABUPATEN BANYUWANGI,PASAR LICIN - JAMBU (POS 1),KELANDAIAN MEMENUHI,0.0,KM,2025
507,5063,35,JAWA TIMUR,2025,KABUPATEN BANYUWANGI,PASAR LICIN - JAMBU (POS 1),KELANDAIAN TIDAK MEMENUHI,0.0,KM,2025
507,5064,35,JAWA TIMUR,2025,KABUPATEN BANYUWANGI,PASAR LICIN - JAMBU (POS 1),LEBAR BAHU KANAN MEMENUHI,3.17,KM,2025
507,5065,35,JAWA TIMUR,2025,KABUPATEN BANYUWANGI,PASAR LICIN - JAMBU (POS 1),LEBAR BAHU KANAN TIDAK MEMENUHI,0.4,KM,2025
507,5066,35,JAWA TIMUR,2025,KABUPATEN BANYUWANGI,PASAR LICIN - JAMBU (POS 1),LEBAR BAHU KIRI MEMENUHI,2.4,KM,2025
507,5067,35,JAWA TIMUR,2025,KABUPATEN BANYUWANGI,PASAR LICIN - JAMBU (POS 1),LEBAR BAHU KIRI TIDAK MEMENUHI,1.17,KM,2025
507,5068,35,JAWA TIMUR,2025,KABUPATEN BANYUWANGI,PASAR LICIN - JAMBU (POS 1),LEBAR JALAN MEMENUHI,0.0,KM,2025
507,5069,35,JAWA TIMUR,2025,KABUPATEN BANYUWANGI,PASAR LICIN - JAMBU (POS 1),LEBAR JALAN TIDAK MEMENUHI,3.57,KM,2025
507,5070,35,JAWA TIMUR,2025,KABUPATEN BANYUWANGI,PASAR LICIN - JAMBU (POS 1),PANJANG JALAN,3.57,KM,2025
508,5071,35,JAWA TIMUR,2025,KABUPATEN BONDOWOSO,BTS. KOTA BONDOWOSO - BTS. KAB. SITUBONDO/JLN. KHR. AS'AD   SYAMSUL ARIFIN,BANGUNAN PELENGKAP,0.0,KM,2025
508,5072,35,JAWA TIMUR,2025,KABUPATEN BONDOWOSO,BTS. KOTA BONDOWOSO - BTS. KAB. SITUBONDO/JLN. KHR. AS'AD   SYAMSUL ARIFIN,KELANDAIAN MEMENUHI,0.0,KM,2025
508,5073,35,JAWA TIMUR,2025,KABUPATEN BONDOWOSO,BTS. KOTA BONDOWOSO - BTS. KAB. SITUBONDO/JLN. KHR. AS'AD   SYAMSUL ARIFIN,KELANDAIAN TIDAK MEMENUHI,0.0,KM,2025
508,5074,35,JAWA TIMUR,2025,KABUPATEN BONDOWOSO,BTS. KOTA BONDOWOSO - BTS. KAB. SITUBONDO/JLN. KHR. AS'AD   SYAMSUL ARIFIN,LEBAR BAHU KANAN MEMENUHI,23.11,KM,2025
508,5075,35,JAWA TIMUR,2025,KABUPATEN BONDOWOSO,BTS. KOTA BONDOWOSO - BTS. KAB. SITUBONDO/JLN. KHR. AS'AD   SYAMSUL ARIFIN,LEBAR BAHU KANAN TIDAK MEMENUHI,0.0,KM,2025
508,5076,35,JAWA TIMUR,2025,KABUPATEN BONDOWOSO,BTS. KOTA BONDOWOSO - BTS. KAB. SITUBONDO/JLN. KHR. AS'AD   SYAMSUL ARIFIN,LEBAR BAHU KIRI MEMENUHI,23.11,KM,2025
508,5077,35,JAWA TIMUR,2025,KABUPATEN BONDOWOSO,BTS. KOTA BONDOWOSO - BTS. KAB. SITUBONDO/JLN. KHR. AS'AD   SYAMSUL ARIFIN,LEBAR BAHU KIRI TIDAK MEMENUHI,0.0,KM,2025
508,5078,35,JAWA TIMUR,2025,KABUPATEN BONDOWOSO,BTS. KOTA BONDOWOSO - BTS. KAB. SITUBONDO/JLN. KHR. AS'AD   SYAMSUL ARIFIN,LEBAR JALAN MEMENUHI,0.0,KM,2025
508,5079,35,JAWA TIMUR,2025,KABUPATEN BONDOWOSO,BTS. KOTA BONDOWOSO - BTS. KAB. SITUBONDO/JLN. KHR. AS'AD   SYAMSUL ARIFIN,LEBAR JALAN TIDAK MEMENUHI,23.11,KM,2025
508,5080,35,JAWA TIMUR,2025,KABUPATEN BONDOWOSO,BTS. KOTA BONDOWOSO - BTS. KAB. SITUBONDO/JLN. KHR. AS'AD   SYAMSUL ARIFIN,PANJANG JALAN,23.11,KM,2025
509,5081,35,JAWA TIMUR,2025,KABUPATEN BONDOWOSO,JLN. K.H. HASYIM ASHARI,BANGUNAN PELENGKAP,0.0,KM,2025
509,5082,35,JAWA TIMUR,2025,KABUPATEN BONDOWOSO,JLN. K.H. HASYIM ASHARI,KELANDAIAN MEMENUHI,0.0,KM,2025
509,5083,35,JAWA TIMUR,2025,KABUPATEN BONDOWOSO,JLN. K.H. HASYIM ASHARI,KELANDAIAN TIDAK MEMENUHI,0.0,KM,2025
509,5084,35,JAWA TIMUR,2025,KABUPATEN BONDOWOSO,JLN. K.H. HASYIM ASHARI,LEBAR BAHU KANAN MEMENUHI,1.07,KM,2025
509,5085,35,JAWA TIMUR,2025,KABUPATEN BONDOWOSO,JLN. K.H. HASYIM ASHARI,LEBAR BAHU KANAN TIDAK MEMENUHI,0.0,KM,2025
509,5086,35,JAWA TIMUR,2025,KABUPATEN BONDOWOSO,JLN. K.H. HASYIM ASHARI,LEBAR BAHU KIRI MEMENUHI,1.07,KM,2025
509,5087,35,JAWA TIMUR,2025,KABUPATEN BONDOWOSO,JLN. K.H. HASYIM ASHARI,LEBAR BAHU KIRI TIDAK MEMENUHI,0.0,KM,2025
509,5088,35,JAWA TIMUR,2025,KABUPATEN BONDOWOSO,JLN. K.H. HASYIM ASHARI,LEBAR JALAN MEMENUHI,0.0,KM,2025
509,5089,35,JAWA TIMUR,2025,KABUPATEN BONDOWOSO,JLN. K.H. HASYIM ASHARI,LEBAR JALAN TIDAK MEMENUHI,1.07,KM,2025
509,5090,35,JAWA TIMUR,2025,KABUPATEN BONDOWOSO,JLN. K.H. HASYIM ASHARI,PANJANG JALAN,1.07,KM,2025
510,5091,35,JAWA TIMUR,2025,KABUPATEN BONDOWOSO,JLN. K.H. WACHID HASYIM,BANGUNAN PELENGKAP,0.0,KM,2025
510,5092,35,JAWA TIMUR,2025,KABUPATEN BONDOWOSO,JLN. K.H. WACHID HASYIM,KELANDAIAN MEMENUHI,0.0,KM,2025
510,5093,35,JAWA TIMUR,2025,KABUPATEN BONDOWOSO,JLN. K.H. WACHID HASYIM,KELANDAIAN TIDAK MEMENUHI,0.0,KM,2025
510,5094,35,JAWA TIMUR,2025,KABUPATEN BONDOWOSO,JLN. K.H. WACHID HASYIM,LEBAR BAHU KANAN MEMENUHI,0.0,KM,2025
510,5095,35,JAWA TIMUR,2025,KABUPATEN BONDOWOSO,JLN. K.H. WACHID HASYIM,LEBAR BAHU KANAN TIDAK MEMENUHI,0.64,KM,2025
510,5096,35,JAWA TIMUR,2025,KABUPATEN BONDOWOSO,JLN. K.H. WACHID HASYIM,LEBAR BAHU KIRI MEMENUHI,0.0,KM,2025
510,5097,35,JAWA TIMUR,2025,KABUPATEN BONDOWOSO,JLN. K.H. WACHID HASYIM,LEBAR BAHU KIRI TIDAK MEMENUHI,0.64,KM,2025
510,5098,35,JAWA TIMUR,2025,KABUPATEN BONDOWOSO,JLN. K.H. WACHID HASYIM,LEBAR JALAN MEMENUHI,0.64,KM,2025
510,5099,35,JAWA TIMUR,2025,KABUPATEN BONDOWOSO,JLN. K.H. WACHID HASYIM,LEBAR JALAN TIDAK MEMENUHI,0.0,KM,2025
510,5100,35,JAWA TIMUR,2025,KABUPATEN BONDOWOSO,JLN. K.H. WACHID HASYIM,PANJANG JALAN,0.64,KM,2025
511,5101,35,JAWA TIMUR,2025,KABUPATEN BONDOWOSO,JLN. PB. SUDIRMAN,BANGUNAN PELENGKAP,0.0,KM,2025
511,5102,35,JAWA TIMUR,2025,KABUPATEN BONDOWOSO,JLN. PB. SUDIRMAN,KELANDAIAN MEMENUHI,0.0,KM,2025
511,5103,35,JAWA TIMUR,2025,KABUPATEN BONDOWOSO,JLN. PB. SUDIRMAN,KELANDAIAN TIDAK MEMENUHI,0.0,KM,2025
511,5104,35,JAWA TIMUR,2025,KABUPATEN BONDOWOSO,JLN. PB. SUDIRMAN,LEBAR BAHU KANAN MEMENUHI,0.0,KM,2025
511,5105,35,JAWA TIMUR,2025,KABUPATEN BONDOWOSO,JLN. PB. SUDIRMAN,LEBAR BAHU KANAN TIDAK MEMENUHI,0.43,KM,2025
511,5106,35,JAWA TIMUR,2025,KABUPATEN BONDOWOSO,JLN. PB. SUDIRMAN,LEBAR BAHU KIRI MEMENUHI,0.0,KM,2025
511,5107,35,JAWA TIMUR,2025,KABUPATEN BONDOWOSO,JLN. PB. SUDIRMAN,LEBAR BAHU KIRI TIDAK MEMENUHI,0.43,KM,2025
511,5108,35,JAWA TIMUR,2025,KABUPATEN BONDOWOSO,JLN. PB. SUDIRMAN,LEBAR JALAN MEMENUHI,0.43,KM,2025
511,5109,35,JAWA TIMUR,2025,KABUPATEN BONDOWOSO,JLN. PB. SUDIRMAN,LEBAR JALAN TIDAK MEMENUHI,0.0,KM,2025
511,5110,35,JAWA TIMUR,2025,KABUPATEN BONDOWOSO,JLN. PB. SUDIRMAN,PANJANG JALAN,0.43,KM,2025
512,5111,35,JAWA TIMUR,2025,KABUPATEN BONDOWOSO,JLN. LETJEN. KARSONO,BANGUNAN PELENGKAP,0.0,KM,2025
512,5112,35,JAWA TIMUR,2025,KABUPATEN BONDOWOSO,JLN. LETJEN. KARSONO,KELANDAIAN MEMENUHI,0.0,KM,2025
512,5113,35,JAWA TIMUR,2025,KABUPATEN BONDOWOSO,JLN. LETJEN. KARSONO,KELANDAIAN TIDAK MEMENUHI,0.0,KM,2025
512,5114,35,JAWA TIMUR,2025,KABUPATEN BONDOWOSO,JLN. LETJEN. KARSONO,LEBAR BAHU KANAN MEMENUHI,0.25,KM,2025
512,5115,35,JAWA TIMUR,2025,KABUPATEN BONDOWOSO,JLN. LETJEN. KARSONO,LEBAR BAHU KANAN TIDAK MEMENUHI,0.0,KM,2025
512,5116,35,JAWA TIMUR,2025,KABUPATEN BONDOWOSO,JLN. LETJEN. KARSONO,LEBAR BAHU KIRI MEMENUHI,0.0,KM,2025
512,5117,35,JAWA TIMUR,2025,KABUPATEN BONDOWOSO,JLN. LETJEN. KARSONO,LEBAR BAHU KIRI TIDAK MEMENUHI,0.25,KM,2025
512,5118,35,JAWA TIMUR,2025,KABUPATEN BONDOWOSO,JLN. LETJEN. KARSONO,LEBAR JALAN MEMENUHI,0.25,KM,2025
512,5119,35,JAWA TIMUR,2025,KABUPATEN BONDOWOSO,JLN. LETJEN. KARSONO,LEBAR JALAN TIDAK MEMENUHI,0.0,KM,2025
512,5120,35,JAWA TIMUR,2025,KABUPATEN BONDOWOSO,JLN. LETJEN. KARSONO,PANJANG JALAN,0.25,KM,2025
513,5121,35,JAWA TIMUR,2025,KABUPATEN BONDOWOSO,MAESAN - BTS. KAB. JEMBER (ARJASA)/JLN. KH. ABDURAHMAN WAHID,BANGUNAN PELENGKAP,0.0,KM,2025
513,5122,35,JAWA TIMUR,2025,KABUPATEN BONDOWOSO,MAESAN - BTS. KAB. JEMBER (ARJASA)/JLN. KH. ABDURAHMAN WAHID,KELANDAIAN MEMENUHI,0.0,KM,2025
513,5123,35,JAWA TIMUR,2025,KABUPATEN BONDOWOSO,MAESAN - BTS. KAB. JEMBER (ARJASA)/JLN. KH. ABDURAHMAN WAHID,KELANDAIAN TIDAK MEMENUHI,0.0,KM,2025
513,5124,35,JAWA TIMUR,2025,KABUPATEN BONDOWOSO,MAESAN - BTS. KAB. JEMBER (ARJASA)/JLN. KH. ABDURAHMAN WAHID,LEBAR BAHU KANAN MEMENUHI,2.11,KM,2025
513,5125,35,JAWA TIMUR,2025,KABUPATEN BONDOWOSO,MAESAN - BTS. KAB. JEMBER (ARJASA)/JLN. KH. ABDURAHMAN WAHID,LEBAR BAHU KANAN TIDAK MEMENUHI,0.0,KM,2025
513,5126,35,JAWA TIMUR,2025,KABUPATEN BONDOWOSO,MAESAN - BTS. KAB. JEMBER (ARJASA)/JLN. KH. ABDURAHMAN WAHID,LEBAR BAHU KIRI MEMENUHI,2.11,KM,2025
513,5127,35,JAWA TIMUR,2025,KABUPATEN BONDOWOSO,MAESAN - BTS. KAB. JEMBER (ARJASA)/JLN. KH. ABDURAHMAN WAHID,LEBAR BAHU KIRI TIDAK MEMENUHI,0.0,KM,2025
513,5128,35,JAWA TIMUR,2025,KABUPATEN BONDOWOSO,MAESAN - BTS. KAB. JEMBER (ARJASA)/JLN. KH. ABDURAHMAN WAHID,LEBAR JALAN MEMENUHI,0.0,KM,2025
513,5129,35,JAWA TIMUR,2025,KABUPATEN BONDOWOSO,MAESAN - BTS. KAB. JEMBER (ARJASA)/JLN. KH. ABDURAHMAN WAHID,LEBAR JALAN TIDAK MEMENUHI,2.11,KM,2025
513,5130,35,JAWA TIMUR,2025,KABUPATEN BONDOWOSO,MAESAN - BTS. KAB. JEMBER (ARJASA)/JLN. KH. ABDURAHMAN WAHID,PANJANG JALAN,2.11,KM,2025
514,5131,35,JAWA TIMUR,2025,KABUPATEN BONDOWOSO,JLN. LETJEN. SUTARMAN/JLN. KH. ABDURAHMAN WAHID,BANGUNAN PELENGKAP,0.0,KM,2025
514,5132,35,JAWA TIMUR,2025,KABUPATEN BONDOWOSO,JLN. LETJEN. SUTARMAN/JLN. KH. ABDURAHMAN WAHID,KELANDAIAN MEMENUHI,0.0,KM,2025
514,5133,35,JAWA TIMUR,2025,KABUPATEN BONDOWOSO,JLN. LETJEN. SUTARMAN/JLN. KH. ABDURAHMAN WAHID,KELANDAIAN TIDAK MEMENUHI,0.0,KM,2025
514,5134,35,JAWA TIMUR,2025,KABUPATEN BONDOWOSO,JLN. LETJEN. SUTARMAN/JLN. KH. ABDURAHMAN WAHID,LEBAR BAHU KANAN MEMENUHI,0.22,KM,2025
514,5135,35,JAWA TIMUR,2025,KABUPATEN BONDOWOSO,JLN. LETJEN. SUTARMAN/JLN. KH. ABDURAHMAN WAHID,LEBAR BAHU KANAN TIDAK MEMENUHI,0.0,KM,2025
514,5136,35,JAWA TIMUR,2025,KABUPATEN BONDOWOSO,JLN. LETJEN. SUTARMAN/JLN. KH. ABDURAHMAN WAHID,LEBAR BAHU KIRI MEMENUHI,0.0,KM,2025
514,5137,35,JAWA TIMUR,2025,KABUPATEN BONDOWOSO,JLN. LETJEN. SUTARMAN/JLN. KH. ABDURAHMAN WAHID,LEBAR BAHU KIRI TIDAK MEMENUHI,0.22,KM,2025
514,5138,35,JAWA TIMUR,2025,KABUPATEN BONDOWOSO,JLN. LETJEN. SUTARMAN/JLN. KH. ABDURAHMAN WAHID,LEBAR JALAN MEMENUHI,0.22,KM,2025
514,5139,35,JAWA TIMUR,2025,KABUPATEN BONDOWOSO,JLN. LETJEN. SUTARMAN/JLN. KH. ABDURAHMAN WAHID,LEBAR JALAN TIDAK MEMENUHI,0.0,KM,2025
514,5140,35,JAWA TIMUR,2025,KABUPATEN BONDOWOSO,JLN. LETJEN. SUTARMAN/JLN. KH. ABDURAHMAN WAHID,PANJANG JALAN,0.22,KM,2025
515,5141,35,JAWA TIMUR,2025,KABUPATEN BONDOWOSO,JLN. A. YANI /JLN. KH. ABDURAHMAN WAHID,BANGUNAN PELENGKAP,0.0,KM,2025
515,5142,35,JAWA TIMUR,2025,KABUPATEN BONDOWOSO,JLN. A. YANI /JLN. KH. ABDURAHMAN WAHID,KELANDAIAN MEMENUHI,0.0,KM,2025
515,5143,35,JAWA TIMUR,2025,KABUPATEN BONDOWOSO,JLN. A. YANI /JLN. KH. ABDURAHMAN WAHID,KELANDAIAN TIDAK MEMENUHI,0.0,KM,2025
515,5144,35,JAWA TIMUR,2025,KABUPATEN BONDOWOSO,JLN. A. YANI /JLN. KH. ABDURAHMAN WAHID,LEBAR BAHU KANAN MEMENUHI,1.92,KM,2025
515,5145,35,JAWA TIMUR,2025,KABUPATEN BONDOWOSO,JLN. A. YANI /JLN. KH. ABDURAHMAN WAHID,LEBAR BAHU KANAN TIDAK MEMENUHI,0.0,KM,2025
515,5146,35,JAWA TIMUR,2025,KABUPATEN BONDOWOSO,JLN. A. YANI /JLN. KH. ABDURAHMAN WAHID,LEBAR BAHU KIRI MEMENUHI,0.0,KM,2025
515,5147,35,JAWA TIMUR,2025,KABUPATEN BONDOWOSO,JLN. A. YANI /JLN. KH. ABDURAHMAN WAHID,LEBAR BAHU KIRI TIDAK MEMENUHI,1.92,KM,2025
515,5148,35,JAWA TIMUR,2025,KABUPATEN BONDOWOSO,JLN. A. YANI /JLN. KH. ABDURAHMAN WAHID,LEBAR JALAN MEMENUHI,1.92,KM,2025
515,5149,35,JAWA TIMUR,2025,KABUPATEN BONDOWOSO,JLN. A. YANI /JLN. KH. ABDURAHMAN WAHID,LEBAR JALAN TIDAK MEMENUHI,0.0,KM,2025
515,5150,35,JAWA TIMUR,2025,KABUPATEN BONDOWOSO,JLN. A. YANI /JLN. KH. ABDURAHMAN WAHID,PANJANG JALAN,1.92,KM,2025
516,5151,35,JAWA TIMUR,2025,KABUPATEN BONDOWOSO,JLN. MASTRIP/JLN. KH. ABDURAHMAN WAHID,BANGUNAN PELENGKAP,0.0,KM,2025
516,5152,35,JAWA TIMUR,2025,KABUPATEN BONDOWOSO,JLN. MASTRIP/JLN. KH. ABDURAHMAN WAHID,KELANDAIAN MEMENUHI,0.0,KM,2025
516,5153,35,JAWA TIMUR,2025,KABUPATEN BONDOWOSO,JLN. MASTRIP/JLN. KH. ABDURAHMAN WAHID,KELANDAIAN TIDAK MEMENUHI,0.0,KM,2025
516,5154,35,JAWA TIMUR,2025,KABUPATEN BONDOWOSO,JLN. MASTRIP/JLN. KH. ABDURAHMAN WAHID,LEBAR BAHU KANAN MEMENUHI,0.46,KM,2025
516,5155,35,JAWA TIMUR,2025,KABUPATEN BONDOWOSO,JLN. MASTRIP/JLN. KH. ABDURAHMAN WAHID,LEBAR BAHU KANAN TIDAK MEMENUHI,0.0,KM,2025
516,5156,35,JAWA TIMUR,2025,KABUPATEN BONDOWOSO,JLN. MASTRIP/JLN. KH. ABDURAHMAN WAHID,LEBAR BAHU KIRI MEMENUHI,0.46,KM,2025
516,5157,35,JAWA TIMUR,2025,KABUPATEN BONDOWOSO,JLN. MASTRIP/JLN. KH. ABDURAHMAN WAHID,LEBAR BAHU KIRI TIDAK MEMENUHI,0.0,KM,2025
516,5158,35,JAWA TIMUR,2025,KABUPATEN BONDOWOSO,JLN. MASTRIP/JLN. KH. ABDURAHMAN WAHID,LEBAR JALAN MEMENUHI,0.46,KM,2025
516,5159,35,JAWA TIMUR,2025,KABUPATEN BONDOWOSO,JLN. MASTRIP/JLN. KH. ABDURAHMAN WAHID,LEBAR JALAN TIDAK MEMENUHI,0.0,KM,2025
516,5160,35,JAWA TIMUR,2025,KABUPATEN BONDOWOSO,JLN. MASTRIP/JLN. KH. ABDURAHMAN WAHID,PANJANG JALAN,0.46,KM,2025
517,5161,35,JAWA TIMUR,2025,KABUPATEN BONDOWOSO,BTS. KOTA BONDOWOSO - MAESAN/JLN. KH. ABDURAHMAN WAHID,BANGUNAN PELENGKAP,0.0,KM,2025
517,5162,35,JAWA TIMUR,2025,KABUPATEN BONDOWOSO,BTS. KOTA BONDOWOSO - MAESAN/JLN. KH. ABDURAHMAN WAHID,KELANDAIAN MEMENUHI,0.0,KM,2025
517,5163,35,JAWA TIMUR,2025,KABUPATEN BONDOWOSO,BTS. KOTA BONDOWOSO - MAESAN/JLN. KH. ABDURAHMAN WAHID,KELANDAIAN TIDAK MEMENUHI,0.0,KM,2025
517,5164,35,JAWA TIMUR,2025,KABUPATEN BONDOWOSO,BTS. KOTA BONDOWOSO - MAESAN/JLN. KH. ABDURAHMAN WAHID,LEBAR BAHU KANAN MEMENUHI,11.81,KM,2025
517,5165,35,JAWA TIMUR,2025,KABUPATEN BONDOWOSO,BTS. KOTA BONDOWOSO - MAESAN/JLN. KH. ABDURAHMAN WAHID,LEBAR BAHU KANAN TIDAK MEMENUHI,0.0,KM,2025
517,5166,35,JAWA TIMUR,2025,KABUPATEN BONDOWOSO,BTS. KOTA BONDOWOSO - MAESAN/JLN. KH. ABDURAHMAN WAHID,LEBAR BAHU KIRI MEMENUHI,11.81,KM,2025
517,5167,35,JAWA TIMUR,2025,KABUPATEN BONDOWOSO,BTS. KOTA BONDOWOSO - MAESAN/JLN. KH. ABDURAHMAN WAHID,LEBAR BAHU KIRI TIDAK MEMENUHI,0.0,KM,2025
517,5168,35,JAWA TIMUR,2025,KABUPATEN BONDOWOSO,BTS. KOTA BONDOWOSO - MAESAN/JLN. KH. ABDURAHMAN WAHID,LEBAR JALAN MEMENUHI,11.81,KM,2025
517,5169,35,JAWA TIMUR,2025,KABUPATEN BONDOWOSO,BTS. KOTA BONDOWOSO - MAESAN/JLN. KH. ABDURAHMAN WAHID,LEBAR JALAN TIDAK MEMENUHI,0.0,KM,2025
517,5170,35,JAWA TIMUR,2025,KABUPATEN BONDOWOSO,BTS. KOTA BONDOWOSO - MAESAN/JLN. KH. ABDURAHMAN WAHID,PANJANG JALAN,11.81,KM,2025
518,5171,35,JAWA TIMUR,2025,KABUPATEN BONDOWOSO,BTS. KAB. SITUBONDO - BTS. KOTA BONDOWOSO (JL. SOEKARNO HATTA),BANGUNAN PELENGKAP,0.0,KM,2025
518,5172,35,JAWA TIMUR,2025,KABUPATEN BONDOWOSO,BTS. KAB. SITUBONDO - BTS. KOTA BONDOWOSO (JL. SOEKARNO HATTA),KELANDAIAN MEMENUHI,0.0,KM,2025
518,5173,35,JAWA TIMUR,2025,KABUPATEN BONDOWOSO,BTS. KAB. SITUBONDO - BTS. KOTA BONDOWOSO (JL. SOEKARNO HATTA),KELANDAIAN TIDAK MEMENUHI,0.0,KM,2025
518,5174,35,JAWA TIMUR,2025,KABUPATEN BONDOWOSO,BTS. KAB. SITUBONDO - BTS. KOTA BONDOWOSO (JL. SOEKARNO HATTA),LEBAR BAHU KANAN MEMENUHI,20.4,KM,2025
518,5175,35,JAWA TIMUR,2025,KABUPATEN BONDOWOSO,BTS. KAB. SITUBONDO - BTS. KOTA BONDOWOSO (JL. SOEKARNO HATTA),LEBAR BAHU KANAN TIDAK MEMENUHI,0.0,KM,2025
518,5176,35,JAWA TIMUR,2025,KABUPATEN BONDOWOSO,BTS. KAB. SITUBONDO - BTS. KOTA BONDOWOSO (JL. SOEKARNO HATTA),LEBAR BAHU KIRI MEMENUHI,20.4,KM,2025
518,5177,35,JAWA TIMUR,2025,KABUPATEN BONDOWOSO,BTS. KAB. SITUBONDO - BTS. KOTA BONDOWOSO (JL. SOEKARNO HATTA),LEBAR BAHU KIRI TIDAK MEMENUHI,0.0,KM,2025
518,5178,35,JAWA TIMUR,2025,KABUPATEN BONDOWOSO,BTS. KAB. SITUBONDO - BTS. KOTA BONDOWOSO (JL. SOEKARNO HATTA),LEBAR JALAN MEMENUHI,0.0,KM,2025
518,5179,35,JAWA TIMUR,2025,KABUPATEN BONDOWOSO,BTS. KAB. SITUBONDO - BTS. KOTA BONDOWOSO (JL. SOEKARNO HATTA),LEBAR JALAN TIDAK MEMENUHI,20.4,KM,2025
518,5180,35,JAWA TIMUR,2025,KABUPATEN BONDOWOSO,BTS. KAB. SITUBONDO - BTS. KOTA BONDOWOSO (JL. SOEKARNO HATTA),PANJANG JALAN,20.4,KM,2025
519,5181,35,JAWA TIMUR,2025,KABUPATEN BONDOWOSO,JLN. DIPONEGORO,BANGUNAN PELENGKAP,0.0,KM,2025
519,5182,35,JAWA TIMUR,2025,KABUPATEN BONDOWOSO,JLN. DIPONEGORO,KELANDAIAN MEMENUHI,0.0,KM,2025
519,5183,35,JAWA TIMUR,2025,KABUPATEN BONDOWOSO,JLN. DIPONEGORO,KELANDAIAN TIDAK MEMENUHI,0.0,KM,2025
519,5184,35,JAWA TIMUR,2025,KABUPATEN BONDOWOSO,JLN. DIPONEGORO,LEBAR BAHU KANAN MEMENUHI,2.47,KM,2025
519,5185,35,JAWA TIMUR,2025,KABUPATEN BONDOWOSO,JLN. DIPONEGORO,LEBAR BAHU KANAN TIDAK MEMENUHI,0.0,KM,2025
519,5186,35,JAWA TIMUR,2025,KABUPATEN BONDOWOSO,JLN. DIPONEGORO,LEBAR BAHU KIRI MEMENUHI,2.47,KM,2025
519,5187,35,JAWA TIMUR,2025,KABUPATEN BONDOWOSO,JLN. DIPONEGORO,LEBAR BAHU KIRI TIDAK MEMENUHI,0.0,KM,2025
519,5188,35,JAWA TIMUR,2025,KABUPATEN BONDOWOSO,JLN. DIPONEGORO,LEBAR JALAN MEMENUHI,2.47,KM,2025
519,5189,35,JAWA TIMUR,2025,KABUPATEN BONDOWOSO,JLN. DIPONEGORO,LEBAR JALAN TIDAK MEMENUHI,0.0,KM,2025
519,5190,35,JAWA TIMUR,2025,KABUPATEN BONDOWOSO,JLN. DIPONEGORO,PANJANG JALAN,2.47,KM,2025
520,5191,35,JAWA TIMUR,2025,KABUPATEN BONDOWOSO,MAESAN - BTS. KAB. JEMBER (KALISAT),BANGUNAN PELENGKAP,0.0,KM,2025
520,5192,35,JAWA TIMUR,2025,KABUPATEN BONDOWOSO,MAESAN - BTS. KAB. JEMBER (KALISAT),KELANDAIAN MEMENUHI,0.0,KM,2025
520,5193,35,JAWA TIMUR,2025,KABUPATEN BONDOWOSO,MAESAN - BTS. KAB. JEMBER (KALISAT),KELANDAIAN TIDAK MEMENUHI,0.0,KM,2025
520,5194,35,JAWA TIMUR,2025,KABUPATEN BONDOWOSO,MAESAN - BTS. KAB. JEMBER (KALISAT),LEBAR BAHU KANAN MEMENUHI,0.0,KM,2025
520,5195,35,JAWA TIMUR,2025,KABUPATEN BONDOWOSO,MAESAN - BTS. KAB. JEMBER (KALISAT),LEBAR BAHU KANAN TIDAK MEMENUHI,4.19,KM,2025
520,5196,35,JAWA TIMUR,2025,KABUPATEN BONDOWOSO,MAESAN - BTS. KAB. JEMBER (KALISAT),LEBAR BAHU KIRI MEMENUHI,4.19,KM,2025
520,5197,35,JAWA TIMUR,2025,KABUPATEN BONDOWOSO,MAESAN - BTS. KAB. JEMBER (KALISAT),LEBAR BAHU KIRI TIDAK MEMENUHI,0.0,KM,2025
520,5198,35,JAWA TIMUR,2025,KABUPATEN BONDOWOSO,MAESAN - BTS. KAB. JEMBER (KALISAT),LEBAR JALAN MEMENUHI,4.19,KM,2025
520,5199,35,JAWA TIMUR,2025,KABUPATEN BONDOWOSO,MAESAN - BTS. KAB. JEMBER (KALISAT),LEBAR JALAN TIDAK MEMENUHI,0.0,KM,2025
520,5200,35,JAWA TIMUR,2025,KABUPATEN BONDOWOSO,MAESAN - BTS. KAB. JEMBER (KALISAT),PANJANG JALAN,4.19,KM,2025
521,5201,35,JAWA TIMUR,2025,KABUPATEN BONDOWOSO,GARDUATAK - SUMBERGADING,BANGUNAN PELENGKAP,0.0,KM,2025
521,5202,35,JAWA TIMUR,2025,KABUPATEN BONDOWOSO,GARDUATAK - SUMBERGADING,KELANDAIAN MEMENUHI,0.0,KM,2025
521,5203,35,JAWA TIMUR,2025,KABUPATEN BONDOWOSO,GARDUATAK - SUMBERGADING,KELANDAIAN TIDAK MEMENUHI,0.0,KM,2025
521,5204,35,JAWA TIMUR,2025,KABUPATEN BONDOWOSO,GARDUATAK - SUMBERGADING,LEBAR BAHU KANAN MEMENUHI,12.96,KM,2025
521,5205,35,JAWA TIMUR,2025,KABUPATEN BONDOWOSO,GARDUATAK - SUMBERGADING,LEBAR BAHU KANAN TIDAK MEMENUHI,0.0,KM,2025
521,5206,35,JAWA TIMUR,2025,KABUPATEN BONDOWOSO,GARDUATAK - SUMBERGADING,LEBAR BAHU KIRI MEMENUHI,12.96,KM,2025
521,5207,35,JAWA TIMUR,2025,KABUPATEN BONDOWOSO,GARDUATAK - SUMBERGADING,LEBAR BAHU KIRI TIDAK MEMENUHI,0.0,KM,2025
521,5208,35,JAWA TIMUR,2025,KABUPATEN BONDOWOSO,GARDUATAK - SUMBERGADING,LEBAR JALAN MEMENUHI,0.0,KM,2025
521,5209,35,JAWA TIMUR,2025,KABUPATEN BONDOWOSO,GARDUATAK - SUMBERGADING,LEBAR JALAN TIDAK MEMENUHI,12.96,KM,2025
521,5210,35,JAWA TIMUR,2025,KABUPATEN BONDOWOSO,GARDUATAK - SUMBERGADING,PANJANG JALAN,12.96,KM,2025
522,5211,35,JAWA TIMUR,2025,KABUPATEN SITUBONDO,JLN. A. JAKFAR,BANGUNAN PELENGKAP,0.0,KM,2025
522,5212,35,JAWA TIMUR,2025,KABUPATEN SITUBONDO,JLN. A. JAKFAR,KELANDAIAN MEMENUHI,0.0,KM,2025
522,5213,35,JAWA TIMUR,2025,KABUPATEN SITUBONDO,JLN. A. JAKFAR,KELANDAIAN TIDAK MEMENUHI,0.0,KM,2025
522,5214,35,JAWA TIMUR,2025,KABUPATEN SITUBONDO,JLN. A. JAKFAR,LEBAR BAHU KANAN MEMENUHI,0.0,KM,2025
522,5215,35,JAWA TIMUR,2025,KABUPATEN SITUBONDO,JLN. A. JAKFAR,LEBAR BAHU KANAN TIDAK MEMENUHI,0.16,KM,2025
522,5216,35,JAWA TIMUR,2025,KABUPATEN SITUBONDO,JLN. A. JAKFAR,LEBAR BAHU KIRI MEMENUHI,0.0,KM,2025
522,5217,35,JAWA TIMUR,2025,KABUPATEN SITUBONDO,JLN. A. JAKFAR,LEBAR BAHU KIRI TIDAK MEMENUHI,0.16,KM,2025
522,5218,35,JAWA TIMUR,2025,KABUPATEN SITUBONDO,JLN. A. JAKFAR,LEBAR JALAN MEMENUHI,0.16,KM,2025
522,5219,35,JAWA TIMUR,2025,KABUPATEN SITUBONDO,JLN. A. JAKFAR,LEBAR JALAN TIDAK MEMENUHI,0.0,KM,2025
522,5220,35,JAWA TIMUR,2025,KABUPATEN SITUBONDO,JLN. A. JAKFAR,PANJANG JALAN,0.16,KM,2025
523,5221,35,JAWA TIMUR,2025,KABUPATEN SITUBONDO,JLN. DIPONEGORO,BANGUNAN PELENGKAP,0.0,KM,2025
523,5222,35,JAWA TIMUR,2025,KABUPATEN SITUBONDO,JLN. DIPONEGORO,KELANDAIAN MEMENUHI,0.0,KM,2025
523,5223,35,JAWA TIMUR,2025,KABUPATEN SITUBONDO,JLN. DIPONEGORO,KELANDAIAN TIDAK MEMENUHI,0.0,KM,2025
523,5224,35,JAWA TIMUR,2025,KABUPATEN SITUBONDO,JLN. DIPONEGORO,LEBAR BAHU KANAN MEMENUHI,0.0,KM,2025
523,5225,35,JAWA TIMUR,2025,KABUPATEN SITUBONDO,JLN. DIPONEGORO,LEBAR BAHU KANAN TIDAK MEMENUHI,0.51,KM,2025
523,5226,35,JAWA TIMUR,2025,KABUPATEN SITUBONDO,JLN. DIPONEGORO,LEBAR BAHU KIRI MEMENUHI,0.0,KM,2025
523,5227,35,JAWA TIMUR,2025,KABUPATEN SITUBONDO,JLN. DIPONEGORO,LEBAR BAHU KIRI TIDAK MEMENUHI,0.51,KM,2025
523,5228,35,JAWA TIMUR,2025,KABUPATEN SITUBONDO,JLN. DIPONEGORO,LEBAR JALAN MEMENUHI,0.51,KM,2025
523,5229,35,JAWA TIMUR,2025,KABUPATEN SITUBONDO,JLN. DIPONEGORO,LEBAR JALAN TIDAK MEMENUHI,0.0,KM,2025
523,5230,35,JAWA TIMUR,2025,KABUPATEN SITUBONDO,JLN. DIPONEGORO,PANJANG JALAN,0.51,KM,2025
524,5231,35,JAWA TIMUR,2025,KABUPATEN SITUBONDO,JLN. PEMUDA,BANGUNAN PELENGKAP,0.0,KM,2025
524,5232,35,JAWA TIMUR,2025,KABUPATEN SITUBONDO,JLN. PEMUDA,KELANDAIAN MEMENUHI,0.0,KM,2025
524,5233,35,JAWA TIMUR,2025,KABUPATEN SITUBONDO,JLN. PEMUDA,KELANDAIAN TIDAK MEMENUHI,0.0,KM,2025
524,5234,35,JAWA TIMUR,2025,KABUPATEN SITUBONDO,JLN. PEMUDA,LEBAR BAHU KANAN MEMENUHI,4.3,KM,2025
524,5235,35,JAWA TIMUR,2025,KABUPATEN SITUBONDO,JLN. PEMUDA,LEBAR BAHU KANAN TIDAK MEMENUHI,1.61,KM,2025
524,5236,35,JAWA TIMUR,2025,KABUPATEN SITUBONDO,JLN. PEMUDA,LEBAR BAHU KIRI MEMENUHI,3.9,KM,2025
524,5237,35,JAWA TIMUR,2025,KABUPATEN SITUBONDO,JLN. PEMUDA,LEBAR BAHU KIRI TIDAK MEMENUHI,2.01,KM,2025
524,5238,35,JAWA TIMUR,2025,KABUPATEN SITUBONDO,JLN. PEMUDA,LEBAR JALAN MEMENUHI,3.01,KM,2025
524,5239,35,JAWA TIMUR,2025,KABUPATEN SITUBONDO,JLN. PEMUDA,LEBAR JALAN TIDAK MEMENUHI,2.9,KM,2025
524,5240,35,JAWA TIMUR,2025,KABUPATEN SITUBONDO,JLN. PEMUDA,PANJANG JALAN,5.91,KM,2025
525,5241,35,JAWA TIMUR,2025,KABUPATEN SITUBONDO,BTS. KAB. BONDOWOSO - BTS. KOTA SITUBONDO,BANGUNAN PELENGKAP,0.0,KM,2025
525,5242,35,JAWA TIMUR,2025,KABUPATEN SITUBONDO,BTS. KAB. BONDOWOSO - BTS. KOTA SITUBONDO,KELANDAIAN MEMENUHI,0.0,KM,2025
525,5243,35,JAWA TIMUR,2025,KABUPATEN SITUBONDO,BTS. KAB. BONDOWOSO - BTS. KOTA SITUBONDO,KELANDAIAN TIDAK MEMENUHI,0.0,KM,2025
525,5244,35,JAWA TIMUR,2025,KABUPATEN SITUBONDO,BTS. KAB. BONDOWOSO - BTS. KOTA SITUBONDO,LEBAR BAHU KANAN MEMENUHI,1.9,KM,2025
525,5245,35,JAWA TIMUR,2025,KABUPATEN SITUBONDO,BTS. KAB. BONDOWOSO - BTS. KOTA SITUBONDO,LEBAR BAHU KANAN TIDAK MEMENUHI,0.8,KM,2025
525,5246,35,JAWA TIMUR,2025,KABUPATEN SITUBONDO,BTS. KAB. BONDOWOSO - BTS. KOTA SITUBONDO,LEBAR BAHU KIRI MEMENUHI,2.7,KM,2025
525,5247,35,JAWA TIMUR,2025,KABUPATEN SITUBONDO,BTS. KAB. BONDOWOSO - BTS. KOTA SITUBONDO,LEBAR BAHU KIRI TIDAK MEMENUHI,0.0,KM,2025
525,5248,35,JAWA TIMUR,2025,KABUPATEN SITUBONDO,BTS. KAB. BONDOWOSO - BTS. KOTA SITUBONDO,LEBAR JALAN MEMENUHI,0.0,KM,2025
525,5249,35,JAWA TIMUR,2025,KABUPATEN SITUBONDO,BTS. KAB. BONDOWOSO - BTS. KOTA SITUBONDO,LEBAR JALAN TIDAK MEMENUHI,2.7,KM,2025
525,5250,35,JAWA TIMUR,2025,KABUPATEN SITUBONDO,BTS. KAB. BONDOWOSO - BTS. KOTA SITUBONDO,PANJANG JALAN,2.7,KM,2025
526,5251,35,JAWA TIMUR,2025,KABUPATEN SITUBONDO,BUDUAN - BTS. KAB. BONDOWOSO,BANGUNAN PELENGKAP,0.0,KM,2025
526,5252,35,JAWA TIMUR,2025,KABUPATEN SITUBONDO,BUDUAN - BTS. KAB. BONDOWOSO,KELANDAIAN MEMENUHI,0.0,KM,2025
526,5253,35,JAWA TIMUR,2025,KABUPATEN SITUBONDO,BUDUAN - BTS. KAB. BONDOWOSO,KELANDAIAN TIDAK MEMENUHI,0.0,KM,2025
526,5254,35,JAWA TIMUR,2025,KABUPATEN SITUBONDO,BUDUAN - BTS. KAB. BONDOWOSO,LEBAR BAHU KANAN MEMENUHI,7.74,KM,2025
526,5255,35,JAWA TIMUR,2025,KABUPATEN SITUBONDO,BUDUAN - BTS. KAB. BONDOWOSO,LEBAR BAHU KANAN TIDAK MEMENUHI,0.0,KM,2025
526,5256,35,JAWA TIMUR,2025,KABUPATEN SITUBONDO,BUDUAN - BTS. KAB. BONDOWOSO,LEBAR BAHU KIRI MEMENUHI,7.74,KM,2025
526,5257,35,JAWA TIMUR,2025,KABUPATEN SITUBONDO,BUDUAN - BTS. KAB. BONDOWOSO,LEBAR BAHU KIRI TIDAK MEMENUHI,0.0,KM,2025
526,5258,35,JAWA TIMUR,2025,KABUPATEN SITUBONDO,BUDUAN - BTS. KAB. BONDOWOSO,LEBAR JALAN MEMENUHI,3.9,KM,2025
526,5259,35,JAWA TIMUR,2025,KABUPATEN SITUBONDO,BUDUAN - BTS. KAB. BONDOWOSO,LEBAR JALAN TIDAK MEMENUHI,3.84,KM,2025
526,5260,35,JAWA TIMUR,2025,KABUPATEN SITUBONDO,BUDUAN - BTS. KAB. BONDOWOSO,PANJANG JALAN,7.74,KM,2025
527,5261,35,JAWA TIMUR,2025,KABUPATEN PROBOLINGGO,TONGAS - LUMBANG - SUKAPURA,BANGUNAN PELENGKAP,0.0,KM,2025
527,5262,35,JAWA TIMUR,2025,KABUPATEN PROBOLINGGO,TONGAS - LUMBANG - SUKAPURA,KELANDAIAN MEMENUHI,0.0,KM,2025
527,5263,35,JAWA TIMUR,2025,KABUPATEN PROBOLINGGO,TONGAS - LUMBANG - SUKAPURA,KELANDAIAN TIDAK MEMENUHI,0.0,KM,2025
527,5264,35,JAWA TIMUR,2025,KABUPATEN PROBOLINGGO,TONGAS - LUMBANG - SUKAPURA,LEBAR BAHU KANAN MEMENUHI,17.0,KM,2025
527,5265,35,JAWA TIMUR,2025,KABUPATEN PROBOLINGGO,TONGAS - LUMBANG - SUKAPURA,LEBAR BAHU KANAN TIDAK MEMENUHI,2.25,KM,2025
527,5266,35,JAWA TIMUR,2025,KABUPATEN PROBOLINGGO,TONGAS - LUMBANG - SUKAPURA,LEBAR BAHU KIRI MEMENUHI,18.75,KM,2025
527,5267,35,JAWA TIMUR,2025,KABUPATEN PROBOLINGGO,TONGAS - LUMBANG - SUKAPURA,LEBAR BAHU KIRI TIDAK MEMENUHI,0.5,KM,2025
527,5268,35,JAWA TIMUR,2025,KABUPATEN PROBOLINGGO,TONGAS - LUMBANG - SUKAPURA,LEBAR JALAN MEMENUHI,0.4,KM,2025
527,5269,35,JAWA TIMUR,2025,KABUPATEN PROBOLINGGO,TONGAS - LUMBANG - SUKAPURA,LEBAR JALAN TIDAK MEMENUHI,18.85,KM,2025
527,5270,35,JAWA TIMUR,2025,KABUPATEN PROBOLINGGO,TONGAS - LUMBANG - SUKAPURA,PANJANG JALAN,19.25,KM,2025
528,5271,35,JAWA TIMUR,2025,KABUPATEN PASURUAN,PANDAAN - TRETES,BANGUNAN PELENGKAP,0.0,KM,2025
528,5272,35,JAWA TIMUR,2025,KABUPATEN PASURUAN,PANDAAN - TRETES,KELANDAIAN MEMENUHI,0.0,KM,2025
528,5273,35,JAWA TIMUR,2025,KABUPATEN PASURUAN,PANDAAN - TRETES,KELANDAIAN TIDAK MEMENUHI,0.0,KM,2025
528,5274,35,JAWA TIMUR,2025,KABUPATEN PASURUAN,PANDAAN - TRETES,LEBAR BAHU KANAN MEMENUHI,8.4,KM,2025
528,5275,35,JAWA TIMUR,2025,KABUPATEN PASURUAN,PANDAAN - TRETES,LEBAR BAHU KANAN TIDAK MEMENUHI,0.91,KM,2025
528,5276,35,JAWA TIMUR,2025,KABUPATEN PASURUAN,PANDAAN - TRETES,LEBAR BAHU KIRI MEMENUHI,8.4,KM,2025
528,5277,35,JAWA TIMUR,2025,KABUPATEN PASURUAN,PANDAAN - TRETES,LEBAR BAHU KIRI TIDAK MEMENUHI,0.91,KM,2025
528,5278,35,JAWA TIMUR,2025,KABUPATEN PASURUAN,PANDAAN - TRETES,LEBAR JALAN MEMENUHI,3.61,KM,2025
528,5279,35,JAWA TIMUR,2025,KABUPATEN PASURUAN,PANDAAN - TRETES,LEBAR JALAN TIDAK MEMENUHI,5.7,KM,2025
528,5280,35,JAWA TIMUR,2025,KABUPATEN PASURUAN,PANDAAN - TRETES,PANJANG JALAN,9.31,KM,2025
529,5281,35,JAWA TIMUR,2025,KABUPATEN PASURUAN,BTS. KOTA PASURUAN - KEJAYAN,BANGUNAN PELENGKAP,0.0,KM,2025
529,5282,35,JAWA TIMUR,2025,KABUPATEN PASURUAN,BTS. KOTA PASURUAN - KEJAYAN,KELANDAIAN MEMENUHI,0.0,KM,2025
529,5283,35,JAWA TIMUR,2025,KABUPATEN PASURUAN,BTS. KOTA PASURUAN - KEJAYAN,KELANDAIAN TIDAK MEMENUHI,0.0,KM,2025
529,5284,35,JAWA TIMUR,2025,KABUPATEN PASURUAN,BTS. KOTA PASURUAN - KEJAYAN,LEBAR BAHU KANAN MEMENUHI,1.72,KM,2025
529,5285,35,JAWA TIMUR,2025,KABUPATEN PASURUAN,BTS. KOTA PASURUAN - KEJAYAN,LEBAR BAHU KANAN TIDAK MEMENUHI,0.0,KM,2025
529,5286,35,JAWA TIMUR,2025,KABUPATEN PASURUAN,BTS. KOTA PASURUAN - KEJAYAN,LEBAR BAHU KIRI MEMENUHI,1.72,KM,2025
529,5287,35,JAWA TIMUR,2025,KABUPATEN PASURUAN,BTS. KOTA PASURUAN - KEJAYAN,LEBAR BAHU KIRI TIDAK MEMENUHI,0.0,KM,2025
529,5288,35,JAWA TIMUR,2025,KABUPATEN PASURUAN,BTS. KOTA PASURUAN - KEJAYAN,LEBAR JALAN MEMENUHI,1.72,KM,2025
529,5289,35,JAWA TIMUR,2025,KABUPATEN PASURUAN,BTS. KOTA PASURUAN - KEJAYAN,LEBAR JALAN TIDAK MEMENUHI,0.0,KM,2025
529,5290,35,JAWA TIMUR,2025,KABUPATEN PASURUAN,BTS. KOTA PASURUAN - KEJAYAN,PANJANG JALAN,1.72,KM,2025
530,5291,35,JAWA TIMUR,2025,KABUPATEN PASURUAN,KEJAYAN - TOSARI,BANGUNAN PELENGKAP,0.0,KM,2025
530,5292,35,JAWA TIMUR,2025,KABUPATEN PASURUAN,KEJAYAN - TOSARI,KELANDAIAN MEMENUHI,0.0,KM,2025
530,5293,35,JAWA TIMUR,2025,KABUPATEN PASURUAN,KEJAYAN - TOSARI,KELANDAIAN TIDAK MEMENUHI,0.0,KM,2025
530,5294,35,JAWA TIMUR,2025,KABUPATEN PASURUAN,KEJAYAN - TOSARI,LEBAR BAHU KANAN MEMENUHI,32.36,KM,2025
530,5295,35,JAWA TIMUR,2025,KABUPATEN PASURUAN,KEJAYAN - TOSARI,LEBAR BAHU KANAN TIDAK MEMENUHI,3.1,KM,2025
530,5296,35,JAWA TIMUR,2025,KABUPATEN PASURUAN,KEJAYAN - TOSARI,LEBAR BAHU KIRI MEMENUHI,31.16,KM,2025
530,5297,35,JAWA TIMUR,2025,KABUPATEN PASURUAN,KEJAYAN - TOSARI,LEBAR BAHU KIRI TIDAK MEMENUHI,4.3,KM,2025
530,5298,35,JAWA TIMUR,2025,KABUPATEN PASURUAN,KEJAYAN - TOSARI,LEBAR JALAN MEMENUHI,9.8,KM,2025
530,5299,35,JAWA TIMUR,2025,KABUPATEN PASURUAN,KEJAYAN - TOSARI,LEBAR JALAN TIDAK MEMENUHI,25.66,KM,2025
530,5300,35,JAWA TIMUR,2025,KABUPATEN PASURUAN,KEJAYAN - TOSARI,PANJANG JALAN,35.46,KM,2025
531,5301,35,JAWA TIMUR,2025,KABUPATEN PASURUAN,KEJAYAN - PURWOSARI,BANGUNAN PELENGKAP,0.0,KM,2025
531,5302,35,JAWA TIMUR,2025,KABUPATEN PASURUAN,KEJAYAN - PURWOSARI,KELANDAIAN MEMENUHI,0.0,KM,2025
531,5303,35,JAWA TIMUR,2025,KABUPATEN PASURUAN,KEJAYAN - PURWOSARI,KELANDAIAN TIDAK MEMENUHI,0.0,KM,2025
531,5304,35,JAWA TIMUR,2025,KABUPATEN PASURUAN,KEJAYAN - PURWOSARI,LEBAR BAHU KANAN MEMENUHI,18.27,KM,2025
531,5305,35,JAWA TIMUR,2025,KABUPATEN PASURUAN,KEJAYAN - PURWOSARI,LEBAR BAHU KANAN TIDAK MEMENUHI,0.8,KM,2025
531,5306,35,JAWA TIMUR,2025,KABUPATEN PASURUAN,KEJAYAN - PURWOSARI,LEBAR BAHU KIRI MEMENUHI,19.07,KM,2025
531,5307,35,JAWA TIMUR,2025,KABUPATEN PASURUAN,KEJAYAN - PURWOSARI,LEBAR BAHU KIRI TIDAK MEMENUHI,0.0,KM,2025
531,5308,35,JAWA TIMUR,2025,KABUPATEN PASURUAN,KEJAYAN - PURWOSARI,LEBAR JALAN MEMENUHI,19.07,KM,2025
531,5309,35,JAWA TIMUR,2025,KABUPATEN PASURUAN,KEJAYAN - PURWOSARI,LEBAR JALAN TIDAK MEMENUHI,0.0,KM,2025
531,5310,35,JAWA TIMUR,2025,KABUPATEN PASURUAN,KEJAYAN - PURWOSARI,PANJANG JALAN,19.07,KM,2025
532,5311,35,JAWA TIMUR,2025,KABUPATEN PASURUAN,PURWODADI - NONGKOJAJAR,BANGUNAN PELENGKAP,0.0,KM,2025
532,5312,35,JAWA TIMUR,2025,KABUPATEN PASURUAN,PURWODADI - NONGKOJAJAR,KELANDAIAN MEMENUHI,0.0,KM,2025
532,5313,35,JAWA TIMUR,2025,KABUPATEN PASURUAN,PURWODADI - NONGKOJAJAR,KELANDAIAN TIDAK MEMENUHI,0.0,KM,2025
532,5314,35,JAWA TIMUR,2025,KABUPATEN PASURUAN,PURWODADI - NONGKOJAJAR,LEBAR BAHU KANAN MEMENUHI,19.81,KM,2025
532,5315,35,JAWA TIMUR,2025,KABUPATEN PASURUAN,PURWODADI - NONGKOJAJAR,LEBAR BAHU KANAN TIDAK MEMENUHI,1.2,KM,2025
532,5316,35,JAWA TIMUR,2025,KABUPATEN PASURUAN,PURWODADI - NONGKOJAJAR,LEBAR BAHU KIRI MEMENUHI,20.91,KM,2025
532,5317,35,JAWA TIMUR,2025,KABUPATEN PASURUAN,PURWODADI - NONGKOJAJAR,LEBAR BAHU KIRI TIDAK MEMENUHI,0.1,KM,2025
532,5318,35,JAWA TIMUR,2025,KABUPATEN PASURUAN,PURWODADI - NONGKOJAJAR,LEBAR JALAN MEMENUHI,2.2,KM,2025
532,5319,35,JAWA TIMUR,2025,KABUPATEN PASURUAN,PURWODADI - NONGKOJAJAR,LEBAR JALAN TIDAK MEMENUHI,18.813,KM,2025
532,5320,35,JAWA TIMUR,2025,KABUPATEN PASURUAN,PURWODADI - NONGKOJAJAR,PANJANG JALAN,21.01,KM,2025
533,5321,35,JAWA TIMUR,2025,KABUPATEN SIDOARJO,KRIAN BY PASS (SIMPANG EMPAT) - KRIAN (SIMPANG LIMA),BANGUNAN PELENGKAP,0.0,KM,2025
533,5322,35,JAWA TIMUR,2025,KABUPATEN SIDOARJO,KRIAN BY PASS (SIMPANG EMPAT) - KRIAN (SIMPANG LIMA),KELANDAIAN MEMENUHI,0.0,KM,2025
533,5323,35,JAWA TIMUR,2025,KABUPATEN SIDOARJO,KRIAN BY PASS (SIMPANG EMPAT) - KRIAN (SIMPANG LIMA),KELANDAIAN TIDAK MEMENUHI,0.0,KM,2025
533,5324,35,JAWA TIMUR,2025,KABUPATEN SIDOARJO,KRIAN BY PASS (SIMPANG EMPAT) - KRIAN (SIMPANG LIMA),LEBAR BAHU KANAN MEMENUHI,0.7,KM,2025
533,5325,35,JAWA TIMUR,2025,KABUPATEN SIDOARJO,KRIAN BY PASS (SIMPANG EMPAT) - KRIAN (SIMPANG LIMA),LEBAR BAHU KANAN TIDAK MEMENUHI,0.63,KM,2025
533,5326,35,JAWA TIMUR,2025,KABUPATEN SIDOARJO,KRIAN BY PASS (SIMPANG EMPAT) - KRIAN (SIMPANG LIMA),LEBAR BAHU KIRI MEMENUHI,0.1,KM,2025
533,5327,35,JAWA TIMUR,2025,KABUPATEN SIDOARJO,KRIAN BY PASS (SIMPANG EMPAT) - KRIAN (SIMPANG LIMA),LEBAR BAHU KIRI TIDAK MEMENUHI,1.23,KM,2025
533,5328,35,JAWA TIMUR,2025,KABUPATEN SIDOARJO,KRIAN BY PASS (SIMPANG EMPAT) - KRIAN (SIMPANG LIMA),LEBAR JALAN MEMENUHI,0.7,KM,2025
533,5329,35,JAWA TIMUR,2025,KABUPATEN SIDOARJO,KRIAN BY PASS (SIMPANG EMPAT) - KRIAN (SIMPANG LIMA),LEBAR JALAN TIDAK MEMENUHI,0.63,KM,2025
533,5330,35,JAWA TIMUR,2025,KABUPATEN SIDOARJO,KRIAN BY PASS (SIMPANG EMPAT) - KRIAN (SIMPANG LIMA),PANJANG JALAN,1.33,KM,2025
534,5331,35,JAWA TIMUR,2025,KABUPATEN SIDOARJO,KRIAN - BTS. KAB. MOJOKERTO,BANGUNAN PELENGKAP,0.0,KM,2025
534,5332,35,JAWA TIMUR,2025,KABUPATEN SIDOARJO,KRIAN - BTS. KAB. MOJOKERTO,KELANDAIAN MEMENUHI,0.0,KM,2025
534,5333,35,JAWA TIMUR,2025,KABUPATEN SIDOARJO,KRIAN - BTS. KAB. MOJOKERTO,KELANDAIAN TIDAK MEMENUHI,0.0,KM,2025
534,5334,35,JAWA TIMUR,2025,KABUPATEN SIDOARJO,KRIAN - BTS. KAB. MOJOKERTO,LEBAR BAHU KANAN MEMENUHI,3.2,KM,2025
534,5335,35,JAWA TIMUR,2025,KABUPATEN SIDOARJO,KRIAN - BTS. KAB. MOJOKERTO,LEBAR BAHU KANAN TIDAK MEMENUHI,4.36,KM,2025
534,5336,35,JAWA TIMUR,2025,KABUPATEN SIDOARJO,KRIAN - BTS. KAB. MOJOKERTO,LEBAR BAHU KIRI MEMENUHI,6.76,KM,2025
534,5337,35,JAWA TIMUR,2025,KABUPATEN SIDOARJO,KRIAN - BTS. KAB. MOJOKERTO,LEBAR BAHU KIRI TIDAK MEMENUHI,0.8,KM,2025
534,5338,35,JAWA TIMUR,2025,KABUPATEN SIDOARJO,KRIAN - BTS. KAB. MOJOKERTO,LEBAR JALAN MEMENUHI,7.56,KM,2025
534,5339,35,JAWA TIMUR,2025,KABUPATEN SIDOARJO,KRIAN - BTS. KAB. MOJOKERTO,LEBAR JALAN TIDAK MEMENUHI,0.0,KM,2025
534,5340,35,JAWA TIMUR,2025,KABUPATEN SIDOARJO,KRIAN - BTS. KAB. MOJOKERTO,PANJANG JALAN,7.56,KM,2025
535,5341,35,JAWA TIMUR,2025,KABUPATEN SIDOARJO,JLN. PAHLAWAN,BANGUNAN PELENGKAP,0.0,KM,2025
535,5342,35,JAWA TIMUR,2025,KABUPATEN SIDOARJO,JLN. PAHLAWAN,KELANDAIAN MEMENUHI,0.0,KM,2025
535,5343,35,JAWA TIMUR,2025,KABUPATEN SIDOARJO,JLN. PAHLAWAN,KELANDAIAN TIDAK MEMENUHI,0.0,KM,2025
535,5344,35,JAWA TIMUR,2025,KABUPATEN SIDOARJO,JLN. PAHLAWAN,LEBAR BAHU KANAN MEMENUHI,0.0,KM,2025
535,5345,35,JAWA TIMUR,2025,KABUPATEN SIDOARJO,JLN. PAHLAWAN,LEBAR BAHU KANAN TIDAK MEMENUHI,3.4,KM,2025
535,5346,35,JAWA TIMUR,2025,KABUPATEN SIDOARJO,JLN. PAHLAWAN,LEBAR BAHU KIRI MEMENUHI,0.5,KM,2025
535,5347,35,JAWA TIMUR,2025,KABUPATEN SIDOARJO,JLN. PAHLAWAN,LEBAR BAHU KIRI TIDAK MEMENUHI,2.9,KM,2025
535,5348,35,JAWA TIMUR,2025,KABUPATEN SIDOARJO,JLN. PAHLAWAN,LEBAR JALAN MEMENUHI,3.4,KM,2025
535,5349,35,JAWA TIMUR,2025,KABUPATEN SIDOARJO,JLN. PAHLAWAN,LEBAR JALAN TIDAK MEMENUHI,0.0,KM,2025
535,5350,35,JAWA TIMUR,2025,KABUPATEN SIDOARJO,JLN. PAHLAWAN,PANJANG JALAN,3.4,KM,2025
536,5351,35,JAWA TIMUR,2025,KABUPATEN SIDOARJO,BTS. KOTA SIDOARJO - KRIAN,BANGUNAN PELENGKAP,0.0,KM,2025
536,5352,35,JAWA TIMUR,2025,KABUPATEN SIDOARJO,BTS. KOTA SIDOARJO - KRIAN,KELANDAIAN MEMENUHI,0.0,KM,2025
536,5353,35,JAWA TIMUR,2025,KABUPATEN SIDOARJO,BTS. KOTA SIDOARJO - KRIAN,KELANDAIAN TIDAK MEMENUHI,0.0,KM,2025
536,5354,35,JAWA TIMUR,2025,KABUPATEN SIDOARJO,BTS. KOTA SIDOARJO - KRIAN,LEBAR BAHU KANAN MEMENUHI,8.5,KM,2025
536,5355,35,JAWA TIMUR,2025,KABUPATEN SIDOARJO,BTS. KOTA SIDOARJO - KRIAN,LEBAR BAHU KANAN TIDAK MEMENUHI,6.32,KM,2025
536,5356,35,JAWA TIMUR,2025,KABUPATEN SIDOARJO,BTS. KOTA SIDOARJO - KRIAN,LEBAR BAHU KIRI MEMENUHI,10.8,KM,2025
536,5357,35,JAWA TIMUR,2025,KABUPATEN SIDOARJO,BTS. KOTA SIDOARJO - KRIAN,LEBAR BAHU KIRI TIDAK MEMENUHI,4.02,KM,2025
536,5358,35,JAWA TIMUR,2025,KABUPATEN SIDOARJO,BTS. KOTA SIDOARJO - KRIAN,LEBAR JALAN MEMENUHI,14.82,KM,2025
536,5359,35,JAWA TIMUR,2025,KABUPATEN SIDOARJO,BTS. KOTA SIDOARJO - KRIAN,LEBAR JALAN TIDAK MEMENUHI,0.0,KM,2025
536,5360,35,JAWA TIMUR,2025,KABUPATEN SIDOARJO,BTS. KOTA SIDOARJO - KRIAN,PANJANG JALAN,14.82,KM,2025
537,5361,35,JAWA TIMUR,2025,KABUPATEN SIDOARJO,SEPANJANG - TAMAN,BANGUNAN PELENGKAP,0.0,KM,2025
537,5362,35,JAWA TIMUR,2025,KABUPATEN SIDOARJO,SEPANJANG - TAMAN,KELANDAIAN MEMENUHI,0.0,KM,2025
537,5363,35,JAWA TIMUR,2025,KABUPATEN SIDOARJO,SEPANJANG - TAMAN,KELANDAIAN TIDAK MEMENUHI,0.0,KM,2025
537,5364,35,JAWA TIMUR,2025,KABUPATEN SIDOARJO,SEPANJANG - TAMAN,LEBAR BAHU KANAN MEMENUHI,0.0,KM,2025
537,5365,35,JAWA TIMUR,2025,KABUPATEN SIDOARJO,SEPANJANG - TAMAN,LEBAR BAHU KANAN TIDAK MEMENUHI,1.44,KM,2025
537,5366,35,JAWA TIMUR,2025,KABUPATEN SIDOARJO,SEPANJANG - TAMAN,LEBAR BAHU KIRI MEMENUHI,0.1,KM,2025
537,5367,35,JAWA TIMUR,2025,KABUPATEN SIDOARJO,SEPANJANG - TAMAN,LEBAR BAHU KIRI TIDAK MEMENUHI,1.34,KM,2025
537,5368,35,JAWA TIMUR,2025,KABUPATEN SIDOARJO,SEPANJANG - TAMAN,LEBAR JALAN MEMENUHI,1.44,KM,2025
537,5369,35,JAWA TIMUR,2025,KABUPATEN SIDOARJO,SEPANJANG - TAMAN,LEBAR JALAN TIDAK MEMENUHI,0.0,KM,2025
537,5370,35,JAWA TIMUR,2025,KABUPATEN SIDOARJO,SEPANJANG - TAMAN,PANJANG JALAN,1.44,KM,2025
538,5371,35,JAWA TIMUR,2025,KABUPATEN SIDOARJO,MLIRIP - BTS. KAB. MOJOKERTO,BANGUNAN PELENGKAP,0.0,KM,2025
538,5372,35,JAWA TIMUR,2025,KABUPATEN SIDOARJO,MLIRIP - BTS. KAB. MOJOKERTO,KELANDAIAN MEMENUHI,0.0,KM,2025
538,5373,35,JAWA TIMUR,2025,KABUPATEN SIDOARJO,MLIRIP - BTS. KAB. MOJOKERTO,KELANDAIAN TIDAK MEMENUHI,0.0,KM,2025
538,5374,35,JAWA TIMUR,2025,KABUPATEN SIDOARJO,MLIRIP - BTS. KAB. MOJOKERTO,LEBAR BAHU KANAN MEMENUHI,0.61,KM,2025
538,5375,35,JAWA TIMUR,2025,KABUPATEN SIDOARJO,MLIRIP - BTS. KAB. MOJOKERTO,LEBAR BAHU KANAN TIDAK MEMENUHI,0.0,KM,2025
538,5376,35,JAWA TIMUR,2025,KABUPATEN SIDOARJO,MLIRIP - BTS. KAB. MOJOKERTO,LEBAR BAHU KIRI MEMENUHI,0.61,KM,2025
538,5377,35,JAWA TIMUR,2025,KABUPATEN SIDOARJO,MLIRIP - BTS. KAB. MOJOKERTO,LEBAR BAHU KIRI TIDAK MEMENUHI,0.0,KM,2025
538,5378,35,JAWA TIMUR,2025,KABUPATEN SIDOARJO,MLIRIP - BTS. KAB. MOJOKERTO,LEBAR JALAN MEMENUHI,0.61,KM,2025
538,5379,35,JAWA TIMUR,2025,KABUPATEN SIDOARJO,MLIRIP - BTS. KAB. MOJOKERTO,LEBAR JALAN TIDAK MEMENUHI,0.0,KM,2025
538,5380,35,JAWA TIMUR,2025,KABUPATEN SIDOARJO,MLIRIP - BTS. KAB. MOJOKERTO,PANJANG JALAN,0.61,KM,2025
539,5381,35,JAWA TIMUR,2025,KABUPATEN MOJOKERTO,BTS. KAB. SIDOARJO - BTS. KOTA MOJOSARI,BANGUNAN PELENGKAP,0.0,KM,2025
539,5382,35,JAWA TIMUR,2025,KABUPATEN MOJOKERTO,BTS. KAB. SIDOARJO - BTS. KOTA MOJOSARI,KELANDAIAN MEMENUHI,0.0,KM,2025
539,5383,35,JAWA TIMUR,2025,KABUPATEN MOJOKERTO,BTS. KAB. SIDOARJO - BTS. KOTA MOJOSARI,KELANDAIAN TIDAK MEMENUHI,0.0,KM,2025
539,5384,35,JAWA TIMUR,2025,KABUPATEN MOJOKERTO,BTS. KAB. SIDOARJO - BTS. KOTA MOJOSARI,LEBAR BAHU KANAN MEMENUHI,2.69,KM,2025
539,5385,35,JAWA TIMUR,2025,KABUPATEN MOJOKERTO,BTS. KAB. SIDOARJO - BTS. KOTA MOJOSARI,LEBAR BAHU KANAN TIDAK MEMENUHI,0.0,KM,2025
539,5386,35,JAWA TIMUR,2025,KABUPATEN MOJOKERTO,BTS. KAB. SIDOARJO - BTS. KOTA MOJOSARI,LEBAR BAHU KIRI MEMENUHI,2.69,KM,2025
539,5387,35,JAWA TIMUR,2025,KABUPATEN MOJOKERTO,BTS. KAB. SIDOARJO - BTS. KOTA MOJOSARI,LEBAR BAHU KIRI TIDAK MEMENUHI,0.0,KM,2025
539,5388,35,JAWA TIMUR,2025,KABUPATEN MOJOKERTO,BTS. KAB. SIDOARJO - BTS. KOTA MOJOSARI,LEBAR JALAN MEMENUHI,2.69,KM,2025
539,5389,35,JAWA TIMUR,2025,KABUPATEN MOJOKERTO,BTS. KAB. SIDOARJO - BTS. KOTA MOJOSARI,LEBAR JALAN TIDAK MEMENUHI,0.0,KM,2025
539,5390,35,JAWA TIMUR,2025,KABUPATEN MOJOKERTO,BTS. KAB. SIDOARJO - BTS. KOTA MOJOSARI,PANJANG JALAN,2.69,KM,2025
540,5391,35,JAWA TIMUR,2025,KABUPATEN MOJOKERTO,JLN. PEMUDA (MOJOSARI),BANGUNAN PELENGKAP,0.0,KM,2025
540,5392,35,JAWA TIMUR,2025,KABUPATEN MOJOKERTO,JLN. PEMUDA (MOJOSARI),KELANDAIAN MEMENUHI,0.0,KM,2025
540,5393,35,JAWA TIMUR,2025,KABUPATEN MOJOKERTO,JLN. PEMUDA (MOJOSARI),KELANDAIAN TIDAK MEMENUHI,0.0,KM,2025
540,5394,35,JAWA TIMUR,2025,KABUPATEN MOJOKERTO,JLN. PEMUDA (MOJOSARI),LEBAR BAHU KANAN MEMENUHI,2.18,KM,2025
540,5395,35,JAWA TIMUR,2025,KABUPATEN MOJOKERTO,JLN. PEMUDA (MOJOSARI),LEBAR BAHU KANAN TIDAK MEMENUHI,0.0,KM,2025
540,5396,35,JAWA TIMUR,2025,KABUPATEN MOJOKERTO,JLN. PEMUDA (MOJOSARI),LEBAR BAHU KIRI MEMENUHI,2.18,KM,2025
540,5397,35,JAWA TIMUR,2025,KABUPATEN MOJOKERTO,JLN. PEMUDA (MOJOSARI),LEBAR BAHU KIRI TIDAK MEMENUHI,0.0,KM,2025
540,5398,35,JAWA TIMUR,2025,KABUPATEN MOJOKERTO,JLN. PEMUDA (MOJOSARI),LEBAR JALAN MEMENUHI,2.18,KM,2025
540,5399,35,JAWA TIMUR,2025,KABUPATEN MOJOKERTO,JLN. PEMUDA (MOJOSARI),LEBAR JALAN TIDAK MEMENUHI,0.0,KM,2025
540,5400,35,JAWA TIMUR,2025,KABUPATEN MOJOKERTO,JLN. PEMUDA (MOJOSARI),PANJANG JALAN,2.18,KM,2025
541,5401,35,JAWA TIMUR,2025,KABUPATEN MOJOKERTO,JLN. AIRLANGGA (MOJOSARI),BANGUNAN PELENGKAP,0.0,KM,2025
541,5402,35,JAWA TIMUR,2025,KABUPATEN MOJOKERTO,JLN. AIRLANGGA (MOJOSARI),KELANDAIAN MEMENUHI,0.0,KM,2025
541,5403,35,JAWA TIMUR,2025,KABUPATEN MOJOKERTO,JLN. AIRLANGGA (MOJOSARI),KELANDAIAN TIDAK MEMENUHI,0.0,KM,2025
541,5404,35,JAWA TIMUR,2025,KABUPATEN MOJOKERTO,JLN. AIRLANGGA (MOJOSARI),LEBAR BAHU KANAN MEMENUHI,0.78,KM,2025
541,5405,35,JAWA TIMUR,2025,KABUPATEN MOJOKERTO,JLN. AIRLANGGA (MOJOSARI),LEBAR BAHU KANAN TIDAK MEMENUHI,0.0,KM,2025
541,5406,35,JAWA TIMUR,2025,KABUPATEN MOJOKERTO,JLN. AIRLANGGA (MOJOSARI),LEBAR BAHU KIRI MEMENUHI,0.78,KM,2025
541,5407,35,JAWA TIMUR,2025,KABUPATEN MOJOKERTO,JLN. AIRLANGGA (MOJOSARI),LEBAR BAHU KIRI TIDAK MEMENUHI,0.0,KM,2025
541,5408,35,JAWA TIMUR,2025,KABUPATEN MOJOKERTO,JLN. AIRLANGGA (MOJOSARI),LEBAR JALAN MEMENUHI,0.78,KM,2025
541,5409,35,JAWA TIMUR,2025,KABUPATEN MOJOKERTO,JLN. AIRLANGGA (MOJOSARI),LEBAR JALAN TIDAK MEMENUHI,0.0,KM,2025
541,5410,35,JAWA TIMUR,2025,KABUPATEN MOJOKERTO,JLN. AIRLANGGA (MOJOSARI),PANJANG JALAN,0.78,KM,2025
542,5411,35,JAWA TIMUR,2025,KABUPATEN MOJOKERTO,JLN. HASANUDIN (MOJOSARI),BANGUNAN PELENGKAP,0.0,KM,2025
542,5412,35,JAWA TIMUR,2025,KABUPATEN MOJOKERTO,JLN. HASANUDIN (MOJOSARI),KELANDAIAN MEMENUHI,0.0,KM,2025
542,5413,35,JAWA TIMUR,2025,KABUPATEN MOJOKERTO,JLN. HASANUDIN (MOJOSARI),KELANDAIAN TIDAK MEMENUHI,0.0,KM,2025
542,5414,35,JAWA TIMUR,2025,KABUPATEN MOJOKERTO,JLN. HASANUDIN (MOJOSARI),LEBAR BAHU KANAN MEMENUHI,0.97,KM,2025
542,5415,35,JAWA TIMUR,2025,KABUPATEN MOJOKERTO,JLN. HASANUDIN (MOJOSARI),LEBAR BAHU KANAN TIDAK MEMENUHI,0.0,KM,2025
542,5416,35,JAWA TIMUR,2025,KABUPATEN MOJOKERTO,JLN. HASANUDIN (MOJOSARI),LEBAR BAHU KIRI MEMENUHI,0.97,KM,2025
542,5417,35,JAWA TIMUR,2025,KABUPATEN MOJOKERTO,JLN. HASANUDIN (MOJOSARI),LEBAR BAHU KIRI TIDAK MEMENUHI,0.0,KM,2025
542,5418,35,JAWA TIMUR,2025,KABUPATEN MOJOKERTO,JLN. HASANUDIN (MOJOSARI),LEBAR JALAN MEMENUHI,0.97,KM,2025
542,5419,35,JAWA TIMUR,2025,KABUPATEN MOJOKERTO,JLN. HASANUDIN (MOJOSARI),LEBAR JALAN TIDAK MEMENUHI,0.0,KM,2025
542,5420,35,JAWA TIMUR,2025,KABUPATEN MOJOKERTO,JLN. HASANUDIN (MOJOSARI),PANJANG JALAN,0.97,KM,2025
543,5421,35,JAWA TIMUR,2025,KABUPATEN MOJOKERTO,BTS. KOTA MOJOSARI - PANDANARUM,BANGUNAN PELENGKAP,0.0,KM,2025
543,5422,35,JAWA TIMUR,2025,KABUPATEN MOJOKERTO,BTS. KOTA MOJOSARI - PANDANARUM,KELANDAIAN MEMENUHI,0.0,KM,2025
543,5423,35,JAWA TIMUR,2025,KABUPATEN MOJOKERTO,BTS. KOTA MOJOSARI - PANDANARUM,KELANDAIAN TIDAK MEMENUHI,0.0,KM,2025
543,5424,35,JAWA TIMUR,2025,KABUPATEN MOJOKERTO,BTS. KOTA MOJOSARI - PANDANARUM,LEBAR BAHU KANAN MEMENUHI,9.35,KM,2025
543,5425,35,JAWA TIMUR,2025,KABUPATEN MOJOKERTO,BTS. KOTA MOJOSARI - PANDANARUM,LEBAR BAHU KANAN TIDAK MEMENUHI,0.0,KM,2025
543,5426,35,JAWA TIMUR,2025,KABUPATEN MOJOKERTO,BTS. KOTA MOJOSARI - PANDANARUM,LEBAR BAHU KIRI MEMENUHI,9.35,KM,2025
543,5427,35,JAWA TIMUR,2025,KABUPATEN MOJOKERTO,BTS. KOTA MOJOSARI - PANDANARUM,LEBAR BAHU KIRI TIDAK MEMENUHI,0.0,KM,2025
543,5428,35,JAWA TIMUR,2025,KABUPATEN MOJOKERTO,BTS. KOTA MOJOSARI - PANDANARUM,LEBAR JALAN MEMENUHI,1.45,KM,2025
543,5429,35,JAWA TIMUR,2025,KABUPATEN MOJOKERTO,BTS. KOTA MOJOSARI - PANDANARUM,LEBAR JALAN TIDAK MEMENUHI,7.9,KM,2025
543,5430,35,JAWA TIMUR,2025,KABUPATEN MOJOKERTO,BTS. KOTA MOJOSARI - PANDANARUM,PANJANG JALAN,9.35,KM,2025
544,5433,35,JAWA TIMUR,2025,KABUPATEN MOJOKERTO,PANDANARUM - PACET,KELANDAIAN TIDAK MEMENUHI,0.0,KM,2025
544,5434,35,JAWA TIMUR,2025,KABUPATEN MOJOKERTO,PANDANARUM - PACET,LEBAR BAHU KANAN MEMENUHI,6.26,KM,2025
544,5435,35,JAWA TIMUR,2025,KABUPATEN MOJOKERTO,PANDANARUM - PACET,LEBAR BAHU KANAN TIDAK MEMENUHI,0.0,KM,2025
544,5436,35,JAWA TIMUR,2025,KABUPATEN MOJOKERTO,PANDANARUM - PACET,LEBAR BAHU KIRI MEMENUHI,6.26,KM,2025
544,5431,35,JAWA TIMUR,2025,KABUPATEN MOJOKERTO,PANDANARUM - PACET,BANGUNAN PELENGKAP,0.0,KM,2025
544,5432,35,JAWA TIMUR,2025,KABUPATEN MOJOKERTO,PANDANARUM - PACET,KELANDAIAN MEMENUHI,0.0,KM,2025
544,5437,35,JAWA TIMUR,2025,KABUPATEN MOJOKERTO,PANDANARUM - PACET,LEBAR BAHU KIRI TIDAK MEMENUHI,0.0,KM,2025
544,5438,35,JAWA TIMUR,2025,KABUPATEN MOJOKERTO,PANDANARUM - PACET,LEBAR JALAN MEMENUHI,1.66,KM,2025
544,5439,35,JAWA TIMUR,2025,KABUPATEN MOJOKERTO,PANDANARUM - PACET,LEBAR JALAN TIDAK MEMENUHI,4.6,KM,2025
544,5440,35,JAWA TIMUR,2025,KABUPATEN MOJOKERTO,PANDANARUM - PACET,PANJANG JALAN,6.26,KM,2025
545,5441,35,JAWA TIMUR,2025,KABUPATEN MOJOKERTO,BTS.KOTA BATU (JBT. CANGAR II) - PACET,BANGUNAN PELENGKAP,0.0,KM,2025
545,5442,35,JAWA TIMUR,2025,KABUPATEN MOJOKERTO,BTS.KOTA BATU (JBT. CANGAR II) - PACET,KELANDAIAN MEMENUHI,0.0,KM,2025
545,5443,35,JAWA TIMUR,2025,KABUPATEN MOJOKERTO,BTS.KOTA BATU (JBT. CANGAR II) - PACET,KELANDAIAN TIDAK MEMENUHI,0.0,KM,2025
545,5444,35,JAWA TIMUR,2025,KABUPATEN MOJOKERTO,BTS.KOTA BATU (JBT. CANGAR II) - PACET,LEBAR BAHU KANAN MEMENUHI,10.3,KM,2025
545,5445,35,JAWA TIMUR,2025,KABUPATEN MOJOKERTO,BTS.KOTA BATU (JBT. CANGAR II) - PACET,LEBAR BAHU KANAN TIDAK MEMENUHI,0.0,KM,2025
545,5446,35,JAWA TIMUR,2025,KABUPATEN MOJOKERTO,BTS.KOTA BATU (JBT. CANGAR II) - PACET,LEBAR BAHU KIRI MEMENUHI,9.6,KM,2025
545,5447,35,JAWA TIMUR,2025,KABUPATEN MOJOKERTO,BTS.KOTA BATU (JBT. CANGAR II) - PACET,LEBAR BAHU KIRI TIDAK MEMENUHI,0.7,KM,2025
545,5448,35,JAWA TIMUR,2025,KABUPATEN MOJOKERTO,BTS.KOTA BATU (JBT. CANGAR II) - PACET,LEBAR JALAN MEMENUHI,0.3,KM,2025
545,5449,35,JAWA TIMUR,2025,KABUPATEN MOJOKERTO,BTS.KOTA BATU (JBT. CANGAR II) - PACET,LEBAR JALAN TIDAK MEMENUHI,10.0,KM,2025
545,5450,35,JAWA TIMUR,2025,KABUPATEN MOJOKERTO,BTS.KOTA BATU (JBT. CANGAR II) - PACET,PANJANG JALAN,10.3,KM,2025
546,5451,35,JAWA TIMUR,2025,KABUPATEN MOJOKERTO,BTS. KAB. GRESIK - MLIRIP,BANGUNAN PELENGKAP,0.0,KM,2025
546,5452,35,JAWA TIMUR,2025,KABUPATEN MOJOKERTO,BTS. KAB. GRESIK - MLIRIP,KELANDAIAN MEMENUHI,0.0,KM,2025
546,5453,35,JAWA TIMUR,2025,KABUPATEN MOJOKERTO,BTS. KAB. GRESIK - MLIRIP,KELANDAIAN TIDAK MEMENUHI,0.0,KM,2025
546,5454,35,JAWA TIMUR,2025,KABUPATEN MOJOKERTO,BTS. KAB. GRESIK - MLIRIP,LEBAR BAHU KANAN MEMENUHI,7.27,KM,2025
546,5455,35,JAWA TIMUR,2025,KABUPATEN MOJOKERTO,BTS. KAB. GRESIK - MLIRIP,LEBAR BAHU KANAN TIDAK MEMENUHI,0.0,KM,2025
546,5456,35,JAWA TIMUR,2025,KABUPATEN MOJOKERTO,BTS. KAB. GRESIK - MLIRIP,LEBAR BAHU KIRI MEMENUHI,7.27,KM,2025
546,5457,35,JAWA TIMUR,2025,KABUPATEN MOJOKERTO,BTS. KAB. GRESIK - MLIRIP,LEBAR BAHU KIRI TIDAK MEMENUHI,0.1,KM,2025
546,5458,35,JAWA TIMUR,2025,KABUPATEN MOJOKERTO,BTS. KAB. GRESIK - MLIRIP,LEBAR JALAN MEMENUHI,7.37,KM,2025
546,5459,35,JAWA TIMUR,2025,KABUPATEN MOJOKERTO,BTS. KAB. GRESIK - MLIRIP,LEBAR JALAN TIDAK MEMENUHI,0.0,KM,2025
546,5460,35,JAWA TIMUR,2025,KABUPATEN MOJOKERTO,BTS. KAB. GRESIK - MLIRIP,PANJANG JALAN,7.37,KM,2025
547,5461,35,JAWA TIMUR,2025,KABUPATEN MOJOKERTO,BTS. KAB. SIDOARJO - MOJOKERTO,BANGUNAN PELENGKAP,0.0,KM,2025
547,5462,35,JAWA TIMUR,2025,KABUPATEN MOJOKERTO,BTS. KAB. SIDOARJO - MOJOKERTO,KELANDAIAN MEMENUHI,0.0,KM,2025
547,5463,35,JAWA TIMUR,2025,KABUPATEN MOJOKERTO,BTS. KAB. SIDOARJO - MOJOKERTO,KELANDAIAN TIDAK MEMENUHI,0.0,KM,2025
547,5464,35,JAWA TIMUR,2025,KABUPATEN MOJOKERTO,BTS. KAB. SIDOARJO - MOJOKERTO,LEBAR BAHU KANAN MEMENUHI,3.86,KM,2025
547,5465,35,JAWA TIMUR,2025,KABUPATEN MOJOKERTO,BTS. KAB. SIDOARJO - MOJOKERTO,LEBAR BAHU KANAN TIDAK MEMENUHI,0.1,KM,2025
547,5466,35,JAWA TIMUR,2025,KABUPATEN MOJOKERTO,BTS. KAB. SIDOARJO - MOJOKERTO,LEBAR BAHU KIRI MEMENUHI,2.89,KM,2025
547,5467,35,JAWA TIMUR,2025,KABUPATEN MOJOKERTO,BTS. KAB. SIDOARJO - MOJOKERTO,LEBAR BAHU KIRI TIDAK MEMENUHI,0.4,KM,2025
547,5468,35,JAWA TIMUR,2025,KABUPATEN MOJOKERTO,BTS. KAB. SIDOARJO - MOJOKERTO,LEBAR JALAN MEMENUHI,1.3,KM,2025
547,5469,35,JAWA TIMUR,2025,KABUPATEN MOJOKERTO,BTS. KAB. SIDOARJO - MOJOKERTO,LEBAR JALAN TIDAK MEMENUHI,1.99,KM,2025
547,5470,35,JAWA TIMUR,2025,KABUPATEN MOJOKERTO,BTS. KAB. SIDOARJO - MOJOKERTO,PANJANG JALAN,3.29,KM,2025
548,5471,35,JAWA TIMUR,2025,KABUPATEN MOJOKERTO,MOJOKERTO - GEDEK,BANGUNAN PELENGKAP,0.0,KM,2025
548,5472,35,JAWA TIMUR,2025,KABUPATEN MOJOKERTO,MOJOKERTO - GEDEK,KELANDAIAN MEMENUHI,0.0,KM,2025
548,5473,35,JAWA TIMUR,2025,KABUPATEN MOJOKERTO,MOJOKERTO - GEDEK,KELANDAIAN TIDAK MEMENUHI,0.0,KM,2025
548,5474,35,JAWA TIMUR,2025,KABUPATEN MOJOKERTO,MOJOKERTO - GEDEK,LEBAR BAHU KANAN MEMENUHI,4.75,KM,2025
548,5475,35,JAWA TIMUR,2025,KABUPATEN MOJOKERTO,MOJOKERTO - GEDEK,LEBAR BAHU KANAN TIDAK MEMENUHI,0.0,KM,2025
548,5476,35,JAWA TIMUR,2025,KABUPATEN MOJOKERTO,MOJOKERTO - GEDEK,LEBAR BAHU KIRI MEMENUHI,1.9,KM,2025
548,5477,35,JAWA TIMUR,2025,KABUPATEN MOJOKERTO,MOJOKERTO - GEDEK,LEBAR BAHU KIRI TIDAK MEMENUHI,2.85,KM,2025
548,5478,35,JAWA TIMUR,2025,KABUPATEN MOJOKERTO,MOJOKERTO - GEDEK,LEBAR JALAN MEMENUHI,4.75,KM,2025
548,5479,35,JAWA TIMUR,2025,KABUPATEN MOJOKERTO,MOJOKERTO - GEDEK,LEBAR JALAN TIDAK MEMENUHI,0.0,KM,2025
548,5480,35,JAWA TIMUR,2025,KABUPATEN MOJOKERTO,MOJOKERTO - GEDEK,PANJANG JALAN,4.75,KM,2025
549,5481,35,JAWA TIMUR,2025,KABUPATEN MOJOKERTO,BTS. KAB. LAMONGAN - GEDEK,BANGUNAN PELENGKAP,0.0,KM,2025
549,5482,35,JAWA TIMUR,2025,KABUPATEN MOJOKERTO,BTS. KAB. LAMONGAN - GEDEK,KELANDAIAN MEMENUHI,0.0,KM,2025
549,5483,35,JAWA TIMUR,2025,KABUPATEN MOJOKERTO,BTS. KAB. LAMONGAN - GEDEK,KELANDAIAN TIDAK MEMENUHI,0.0,KM,2025
549,5484,35,JAWA TIMUR,2025,KABUPATEN MOJOKERTO,BTS. KAB. LAMONGAN - GEDEK,LEBAR BAHU KANAN MEMENUHI,17.65,KM,2025
549,5485,35,JAWA TIMUR,2025,KABUPATEN MOJOKERTO,BTS. KAB. LAMONGAN - GEDEK,LEBAR BAHU KANAN TIDAK MEMENUHI,0.5,KM,2025
549,5486,35,JAWA TIMUR,2025,KABUPATEN MOJOKERTO,BTS. KAB. LAMONGAN - GEDEK,LEBAR BAHU KIRI MEMENUHI,17.85,KM,2025
549,5487,35,JAWA TIMUR,2025,KABUPATEN MOJOKERTO,BTS. KAB. LAMONGAN - GEDEK,LEBAR BAHU KIRI TIDAK MEMENUHI,0.3,KM,2025
549,5488,35,JAWA TIMUR,2025,KABUPATEN MOJOKERTO,BTS. KAB. LAMONGAN - GEDEK,LEBAR JALAN MEMENUHI,17.05,KM,2025
549,5489,35,JAWA TIMUR,2025,KABUPATEN MOJOKERTO,BTS. KAB. LAMONGAN - GEDEK,LEBAR JALAN TIDAK MEMENUHI,1.1,KM,2025
549,5490,35,JAWA TIMUR,2025,KABUPATEN MOJOKERTO,BTS. KAB. LAMONGAN - GEDEK,PANJANG JALAN,18.15,KM,2025
550,5491,35,JAWA TIMUR,2025,KABUPATEN MOJOKERTO,GEDEK - BTS. KAB. JOMBANG,BANGUNAN PELENGKAP,0.0,KM,2025
550,5492,35,JAWA TIMUR,2025,KABUPATEN MOJOKERTO,GEDEK - BTS. KAB. JOMBANG,KELANDAIAN MEMENUHI,0.0,KM,2025
550,5493,35,JAWA TIMUR,2025,KABUPATEN MOJOKERTO,GEDEK - BTS. KAB. JOMBANG,KELANDAIAN TIDAK MEMENUHI,0.0,KM,2025
550,5494,35,JAWA TIMUR,2025,KABUPATEN MOJOKERTO,GEDEK - BTS. KAB. JOMBANG,LEBAR BAHU KANAN MEMENUHI,7.21,KM,2025
550,5495,35,JAWA TIMUR,2025,KABUPATEN MOJOKERTO,GEDEK - BTS. KAB. JOMBANG,LEBAR BAHU KANAN TIDAK MEMENUHI,0.0,KM,2025
550,5496,35,JAWA TIMUR,2025,KABUPATEN MOJOKERTO,GEDEK - BTS. KAB. JOMBANG,LEBAR BAHU KIRI MEMENUHI,7.21,KM,2025
550,5497,35,JAWA TIMUR,2025,KABUPATEN MOJOKERTO,GEDEK - BTS. KAB. JOMBANG,LEBAR BAHU KIRI TIDAK MEMENUHI,0.0,KM,2025
550,5498,35,JAWA TIMUR,2025,KABUPATEN MOJOKERTO,GEDEK - BTS. KAB. JOMBANG,LEBAR JALAN MEMENUHI,5.1,KM,2025
550,5499,35,JAWA TIMUR,2025,KABUPATEN MOJOKERTO,GEDEK - BTS. KAB. JOMBANG,LEBAR JALAN TIDAK MEMENUHI,2.11,KM,2025
550,5500,35,JAWA TIMUR,2025,KABUPATEN MOJOKERTO,GEDEK - BTS. KAB. JOMBANG,PANJANG JALAN,7.21,KM,2025
551,5501,35,JAWA TIMUR,2025,KABUPATEN JOMBANG,BTS. KAB. MOJOKERTO - PLOSO,BANGUNAN PELENGKAP,0.0,KM,2025
551,5502,35,JAWA TIMUR,2025,KABUPATEN JOMBANG,BTS. KAB. MOJOKERTO - PLOSO,KELANDAIAN MEMENUHI,0.0,KM,2025
551,5503,35,JAWA TIMUR,2025,KABUPATEN JOMBANG,BTS. KAB. MOJOKERTO - PLOSO,KELANDAIAN TIDAK MEMENUHI,0.0,KM,2025
551,5504,35,JAWA TIMUR,2025,KABUPATEN JOMBANG,BTS. KAB. MOJOKERTO - PLOSO,LEBAR BAHU KANAN MEMENUHI,12.7,KM,2025
551,5505,35,JAWA TIMUR,2025,KABUPATEN JOMBANG,BTS. KAB. MOJOKERTO - PLOSO,LEBAR BAHU KANAN TIDAK MEMENUHI,1.21,KM,2025
551,5506,35,JAWA TIMUR,2025,KABUPATEN JOMBANG,BTS. KAB. MOJOKERTO - PLOSO,LEBAR BAHU KIRI MEMENUHI,11.71,KM,2025
551,5507,35,JAWA TIMUR,2025,KABUPATEN JOMBANG,BTS. KAB. MOJOKERTO - PLOSO,LEBAR BAHU KIRI TIDAK MEMENUHI,2.2,KM,2025
551,5508,35,JAWA TIMUR,2025,KABUPATEN JOMBANG,BTS. KAB. MOJOKERTO - PLOSO,LEBAR JALAN MEMENUHI,13.91,KM,2025
551,5509,35,JAWA TIMUR,2025,KABUPATEN JOMBANG,BTS. KAB. MOJOKERTO - PLOSO,LEBAR JALAN TIDAK MEMENUHI,0.0,KM,2025
551,5510,35,JAWA TIMUR,2025,KABUPATEN JOMBANG,BTS. KAB. MOJOKERTO - PLOSO,PANJANG JALAN,13.91,KM,2025
552,5511,35,JAWA TIMUR,2025,KABUPATEN JOMBANG,BTS. KAB. LAMONGAN - PLOSO,BANGUNAN PELENGKAP,0.0,KM,2025
552,5512,35,JAWA TIMUR,2025,KABUPATEN JOMBANG,BTS. KAB. LAMONGAN - PLOSO,KELANDAIAN MEMENUHI,0.0,KM,2025
552,5513,35,JAWA TIMUR,2025,KABUPATEN JOMBANG,BTS. KAB. LAMONGAN - PLOSO,KELANDAIAN TIDAK MEMENUHI,0.0,KM,2025
552,5514,35,JAWA TIMUR,2025,KABUPATEN JOMBANG,BTS. KAB. LAMONGAN - PLOSO,LEBAR BAHU KANAN MEMENUHI,12.26,KM,2025
552,5515,35,JAWA TIMUR,2025,KABUPATEN JOMBANG,BTS. KAB. LAMONGAN - PLOSO,LEBAR BAHU KANAN TIDAK MEMENUHI,0.0,KM,2025
552,5516,35,JAWA TIMUR,2025,KABUPATEN JOMBANG,BTS. KAB. LAMONGAN - PLOSO,LEBAR BAHU KIRI MEMENUHI,12.26,KM,2025
552,5517,35,JAWA TIMUR,2025,KABUPATEN JOMBANG,BTS. KAB. LAMONGAN - PLOSO,LEBAR BAHU KIRI TIDAK MEMENUHI,0.0,KM,2025
552,5518,35,JAWA TIMUR,2025,KABUPATEN JOMBANG,BTS. KAB. LAMONGAN - PLOSO,LEBAR JALAN MEMENUHI,12.26,KM,2025
552,5519,35,JAWA TIMUR,2025,KABUPATEN JOMBANG,BTS. KAB. LAMONGAN - PLOSO,LEBAR JALAN TIDAK MEMENUHI,0.0,KM,2025
552,5520,35,JAWA TIMUR,2025,KABUPATEN JOMBANG,BTS. KAB. LAMONGAN - PLOSO,PANJANG JALAN,12.26,KM,2025
553,5521,35,JAWA TIMUR,2025,KABUPATEN JOMBANG,PLOSO - BTS. KOTA JOMBANG,BANGUNAN PELENGKAP,0.0,KM,2025
553,5522,35,JAWA TIMUR,2025,KABUPATEN JOMBANG,PLOSO - BTS. KOTA JOMBANG,KELANDAIAN MEMENUHI,0.0,KM,2025
553,5523,35,JAWA TIMUR,2025,KABUPATEN JOMBANG,PLOSO - BTS. KOTA JOMBANG,KELANDAIAN TIDAK MEMENUHI,0.0,KM,2025
553,5524,35,JAWA TIMUR,2025,KABUPATEN JOMBANG,PLOSO - BTS. KOTA JOMBANG,LEBAR BAHU KANAN MEMENUHI,6.58,KM,2025
553,5525,35,JAWA TIMUR,2025,KABUPATEN JOMBANG,PLOSO - BTS. KOTA JOMBANG,LEBAR BAHU KANAN TIDAK MEMENUHI,0.0,KM,2025
553,5526,35,JAWA TIMUR,2025,KABUPATEN JOMBANG,PLOSO - BTS. KOTA JOMBANG,LEBAR BAHU KIRI MEMENUHI,6.08,KM,2025
553,5527,35,JAWA TIMUR,2025,KABUPATEN JOMBANG,PLOSO - BTS. KOTA JOMBANG,LEBAR BAHU KIRI TIDAK MEMENUHI,0.5,KM,2025
553,5528,35,JAWA TIMUR,2025,KABUPATEN JOMBANG,PLOSO - BTS. KOTA JOMBANG,LEBAR JALAN MEMENUHI,6.58,KM,2025
553,5529,35,JAWA TIMUR,2025,KABUPATEN JOMBANG,PLOSO - BTS. KOTA JOMBANG,LEBAR JALAN TIDAK MEMENUHI,0.0,KM,2025
553,5530,35,JAWA TIMUR,2025,KABUPATEN JOMBANG,PLOSO - BTS. KOTA JOMBANG,PANJANG JALAN,6.58,KM,2025
554,5531,35,JAWA TIMUR,2025,KABUPATEN JOMBANG,JLN. WAHAB HASBULLAH,BANGUNAN PELENGKAP,0.0,KM,2025
554,5532,35,JAWA TIMUR,2025,KABUPATEN JOMBANG,JLN. WAHAB HASBULLAH,KELANDAIAN MEMENUHI,0.0,KM,2025
554,5533,35,JAWA TIMUR,2025,KABUPATEN JOMBANG,JLN. WAHAB HASBULLAH,KELANDAIAN TIDAK MEMENUHI,0.0,KM,2025
554,5534,35,JAWA TIMUR,2025,KABUPATEN JOMBANG,JLN. WAHAB HASBULLAH,LEBAR BAHU KANAN MEMENUHI,1.86,KM,2025
554,5535,35,JAWA TIMUR,2025,KABUPATEN JOMBANG,JLN. WAHAB HASBULLAH,LEBAR BAHU KANAN TIDAK MEMENUHI,0.0,KM,2025
554,5536,35,JAWA TIMUR,2025,KABUPATEN JOMBANG,JLN. WAHAB HASBULLAH,LEBAR BAHU KIRI MEMENUHI,1.86,KM,2025
554,5537,35,JAWA TIMUR,2025,KABUPATEN JOMBANG,JLN. WAHAB HASBULLAH,LEBAR BAHU KIRI TIDAK MEMENUHI,0.0,KM,2025
554,5538,35,JAWA TIMUR,2025,KABUPATEN JOMBANG,JLN. WAHAB HASBULLAH,LEBAR JALAN MEMENUHI,1.86,KM,2025
554,5539,35,JAWA TIMUR,2025,KABUPATEN JOMBANG,JLN. WAHAB HASBULLAH,LEBAR JALAN TIDAK MEMENUHI,0.0,KM,2025
554,5540,35,JAWA TIMUR,2025,KABUPATEN JOMBANG,JLN. WAHAB HASBULLAH,PANJANG JALAN,1.86,KM,2025
555,5541,35,JAWA TIMUR,2025,KABUPATEN JOMBANG,JALAN DAN JEMBATAN PLOSO BARU,BANGUNAN PELENGKAP,0.0,KM,2025
555,5542,35,JAWA TIMUR,2025,KABUPATEN JOMBANG,JALAN DAN JEMBATAN PLOSO BARU,KELANDAIAN MEMENUHI,0.0,KM,2025
555,5543,35,JAWA TIMUR,2025,KABUPATEN JOMBANG,JALAN DAN JEMBATAN PLOSO BARU,KELANDAIAN TIDAK MEMENUHI,0.0,KM,2025
555,5544,35,JAWA TIMUR,2025,KABUPATEN JOMBANG,JALAN DAN JEMBATAN PLOSO BARU,LEBAR BAHU KANAN MEMENUHI,0.0,KM,2025
555,5545,35,JAWA TIMUR,2025,KABUPATEN JOMBANG,JALAN DAN JEMBATAN PLOSO BARU,LEBAR BAHU KANAN TIDAK MEMENUHI,1.11,KM,2025
555,5546,35,JAWA TIMUR,2025,KABUPATEN JOMBANG,JALAN DAN JEMBATAN PLOSO BARU,LEBAR BAHU KIRI MEMENUHI,0.0,KM,2025
555,5547,35,JAWA TIMUR,2025,KABUPATEN JOMBANG,JALAN DAN JEMBATAN PLOSO BARU,LEBAR BAHU KIRI TIDAK MEMENUHI,1.11,KM,2025
555,5548,35,JAWA TIMUR,2025,KABUPATEN JOMBANG,JALAN DAN JEMBATAN PLOSO BARU,LEBAR JALAN MEMENUHI,1.11,KM,2025
555,5549,35,JAWA TIMUR,2025,KABUPATEN JOMBANG,JALAN DAN JEMBATAN PLOSO BARU,LEBAR JALAN TIDAK MEMENUHI,0.0,KM,2025
555,5550,35,JAWA TIMUR,2025,KABUPATEN JOMBANG,JALAN DAN JEMBATAN PLOSO BARU,PANJANG JALAN,1.11,KM,2025
556,5551,35,JAWA TIMUR,2025,KABUPATEN JOMBANG,JLN. HASYIM ASHARI,BANGUNAN PELENGKAP,0.0,KM,2025
556,5552,35,JAWA TIMUR,2025,KABUPATEN JOMBANG,JLN. HASYIM ASHARI,KELANDAIAN MEMENUHI,0.0,KM,2025
556,5553,35,JAWA TIMUR,2025,KABUPATEN JOMBANG,JLN. HASYIM ASHARI,KELANDAIAN TIDAK MEMENUHI,0.0,KM,2025
556,5554,35,JAWA TIMUR,2025,KABUPATEN JOMBANG,JLN. HASYIM ASHARI,LEBAR BAHU KANAN MEMENUHI,2.53,KM,2025
556,5555,35,JAWA TIMUR,2025,KABUPATEN JOMBANG,JLN. HASYIM ASHARI,LEBAR BAHU KANAN TIDAK MEMENUHI,0.0,KM,2025
556,5556,35,JAWA TIMUR,2025,KABUPATEN JOMBANG,JLN. HASYIM ASHARI,LEBAR BAHU KIRI MEMENUHI,2.43,KM,2025
556,5557,35,JAWA TIMUR,2025,KABUPATEN JOMBANG,JLN. HASYIM ASHARI,LEBAR BAHU KIRI TIDAK MEMENUHI,0.1,KM,2025
556,5558,35,JAWA TIMUR,2025,KABUPATEN JOMBANG,JLN. HASYIM ASHARI,LEBAR JALAN MEMENUHI,2.53,KM,2025
556,5559,35,JAWA TIMUR,2025,KABUPATEN JOMBANG,JLN. HASYIM ASHARI,LEBAR JALAN TIDAK MEMENUHI,0.0,KM,2025
556,5560,35,JAWA TIMUR,2025,KABUPATEN JOMBANG,JLN. HASYIM ASHARI,PANJANG JALAN,2.53,KM,2025
557,5561,35,JAWA TIMUR,2025,KABUPATEN JOMBANG,JLN. PROF. YAMIN,BANGUNAN PELENGKAP,0.0,KM,2025
557,5562,35,JAWA TIMUR,2025,KABUPATEN JOMBANG,JLN. PROF. YAMIN,KELANDAIAN MEMENUHI,0.0,KM,2025
557,5563,35,JAWA TIMUR,2025,KABUPATEN JOMBANG,JLN. PROF. YAMIN,KELANDAIAN TIDAK MEMENUHI,0.0,KM,2025
557,5564,35,JAWA TIMUR,2025,KABUPATEN JOMBANG,JLN. PROF. YAMIN,LEBAR BAHU KANAN MEMENUHI,2.06,KM,2025
557,5565,35,JAWA TIMUR,2025,KABUPATEN JOMBANG,JLN. PROF. YAMIN,LEBAR BAHU KANAN TIDAK MEMENUHI,0.0,KM,2025
557,5566,35,JAWA TIMUR,2025,KABUPATEN JOMBANG,JLN. PROF. YAMIN,LEBAR BAHU KIRI MEMENUHI,2.06,KM,2025
557,5567,35,JAWA TIMUR,2025,KABUPATEN JOMBANG,JLN. PROF. YAMIN,LEBAR BAHU KIRI TIDAK MEMENUHI,0.0,KM,2025
557,5568,35,JAWA TIMUR,2025,KABUPATEN JOMBANG,JLN. PROF. YAMIN,LEBAR JALAN MEMENUHI,0.5,KM,2025
557,5569,35,JAWA TIMUR,2025,KABUPATEN JOMBANG,JLN. PROF. YAMIN,LEBAR JALAN TIDAK MEMENUHI,1.56,KM,2025
557,5570,35,JAWA TIMUR,2025,KABUPATEN JOMBANG,JLN. PROF. YAMIN,PANJANG JALAN,2.06,KM,2025
558,5571,35,JAWA TIMUR,2025,KABUPATEN JOMBANG,BTS. KOTA JOMBANG - PULOREJO,BANGUNAN PELENGKAP,0.0,KM,2025
558,5572,35,JAWA TIMUR,2025,KABUPATEN JOMBANG,BTS. KOTA JOMBANG - PULOREJO,KELANDAIAN MEMENUHI,0.0,KM,2025
558,5573,35,JAWA TIMUR,2025,KABUPATEN JOMBANG,BTS. KOTA JOMBANG - PULOREJO,KELANDAIAN TIDAK MEMENUHI,0.0,KM,2025
558,5574,35,JAWA TIMUR,2025,KABUPATEN JOMBANG,BTS. KOTA JOMBANG - PULOREJO,LEBAR BAHU KANAN MEMENUHI,11.64,KM,2025
558,5575,35,JAWA TIMUR,2025,KABUPATEN JOMBANG,BTS. KOTA JOMBANG - PULOREJO,LEBAR BAHU KANAN TIDAK MEMENUHI,0.0,KM,2025
558,5576,35,JAWA TIMUR,2025,KABUPATEN JOMBANG,BTS. KOTA JOMBANG - PULOREJO,LEBAR BAHU KIRI MEMENUHI,11.64,KM,2025
558,5577,35,JAWA TIMUR,2025,KABUPATEN JOMBANG,BTS. KOTA JOMBANG - PULOREJO,LEBAR BAHU KIRI TIDAK MEMENUHI,0.0,KM,2025
558,5578,35,JAWA TIMUR,2025,KABUPATEN JOMBANG,BTS. KOTA JOMBANG - PULOREJO,LEBAR JALAN MEMENUHI,11.64,KM,2025
558,5579,35,JAWA TIMUR,2025,KABUPATEN JOMBANG,BTS. KOTA JOMBANG - PULOREJO,LEBAR JALAN TIDAK MEMENUHI,0.0,KM,2025
558,5580,35,JAWA TIMUR,2025,KABUPATEN JOMBANG,BTS. KOTA JOMBANG - PULOREJO,PANJANG JALAN,11.64,KM,2025
559,5581,35,JAWA TIMUR,2025,KABUPATEN JOMBANG,PULOREJO - BTS. KAB. KEDIRI (PARE),BANGUNAN PELENGKAP,0.0,KM,2025
559,5582,35,JAWA TIMUR,2025,KABUPATEN JOMBANG,PULOREJO - BTS. KAB. KEDIRI (PARE),KELANDAIAN MEMENUHI,0.0,KM,2025
559,5583,35,JAWA TIMUR,2025,KABUPATEN JOMBANG,PULOREJO - BTS. KAB. KEDIRI (PARE),KELANDAIAN TIDAK MEMENUHI,0.0,KM,2025
559,5584,35,JAWA TIMUR,2025,KABUPATEN JOMBANG,PULOREJO - BTS. KAB. KEDIRI (PARE),LEBAR BAHU KANAN MEMENUHI,2.89,KM,2025
559,5585,35,JAWA TIMUR,2025,KABUPATEN JOMBANG,PULOREJO - BTS. KAB. KEDIRI (PARE),LEBAR BAHU KANAN TIDAK MEMENUHI,0.0,KM,2025
559,5586,35,JAWA TIMUR,2025,KABUPATEN JOMBANG,PULOREJO - BTS. KAB. KEDIRI (PARE),LEBAR BAHU KIRI MEMENUHI,2.89,KM,2025
559,5587,35,JAWA TIMUR,2025,KABUPATEN JOMBANG,PULOREJO - BTS. KAB. KEDIRI (PARE),LEBAR BAHU KIRI TIDAK MEMENUHI,0.0,KM,2025
559,5588,35,JAWA TIMUR,2025,KABUPATEN JOMBANG,PULOREJO - BTS. KAB. KEDIRI (PARE),LEBAR JALAN MEMENUHI,0.0,KM,2025
559,5589,35,JAWA TIMUR,2025,KABUPATEN JOMBANG,PULOREJO - BTS. KAB. KEDIRI (PARE),LEBAR JALAN TIDAK MEMENUHI,2.89,KM,2025
559,5590,35,JAWA TIMUR,2025,KABUPATEN JOMBANG,PULOREJO - BTS. KAB. KEDIRI (PARE),PANJANG JALAN,2.88,KM,2025
560,5591,35,JAWA TIMUR,2025,KABUPATEN JOMBANG,PULOREJO - BTS. KAB. KEDIRI (KANDANGAN),BANGUNAN PELENGKAP,0.0,KM,2025
560,5592,35,JAWA TIMUR,2025,KABUPATEN JOMBANG,PULOREJO - BTS. KAB. KEDIRI (KANDANGAN),KELANDAIAN MEMENUHI,0.0,KM,2025
560,5593,35,JAWA TIMUR,2025,KABUPATEN JOMBANG,PULOREJO - BTS. KAB. KEDIRI (KANDANGAN),KELANDAIAN TIDAK MEMENUHI,0.0,KM,2025
560,5594,35,JAWA TIMUR,2025,KABUPATEN JOMBANG,PULOREJO - BTS. KAB. KEDIRI (KANDANGAN),LEBAR BAHU KANAN MEMENUHI,8.79,KM,2025
560,5595,35,JAWA TIMUR,2025,KABUPATEN JOMBANG,PULOREJO - BTS. KAB. KEDIRI (KANDANGAN),LEBAR BAHU KANAN TIDAK MEMENUHI,0.1,KM,2025
560,5596,35,JAWA TIMUR,2025,KABUPATEN JOMBANG,PULOREJO - BTS. KAB. KEDIRI (KANDANGAN),LEBAR BAHU KIRI MEMENUHI,8.89,KM,2025
560,5597,35,JAWA TIMUR,2025,KABUPATEN JOMBANG,PULOREJO - BTS. KAB. KEDIRI (KANDANGAN),LEBAR BAHU KIRI TIDAK MEMENUHI,0.0,KM,2025
560,5598,35,JAWA TIMUR,2025,KABUPATEN JOMBANG,PULOREJO - BTS. KAB. KEDIRI (KANDANGAN),LEBAR JALAN MEMENUHI,0.69,KM,2025
560,5599,35,JAWA TIMUR,2025,KABUPATEN JOMBANG,PULOREJO - BTS. KAB. KEDIRI (KANDANGAN),LEBAR JALAN TIDAK MEMENUHI,8.2,KM,2025
560,5600,35,JAWA TIMUR,2025,KABUPATEN JOMBANG,PULOREJO - BTS. KAB. KEDIRI (KANDANGAN),PANJANG JALAN,8.89,KM,2025
561,5601,35,JAWA TIMUR,2025,KABUPATEN NGANJUK,BTS.KAB. BOJONEGORO (PAJENG) - NGANJUK (GUYANGAN),BANGUNAN PELENGKAP,0.0,KM,2025
561,5602,35,JAWA TIMUR,2025,KABUPATEN NGANJUK,BTS.KAB. BOJONEGORO (PAJENG) - NGANJUK (GUYANGAN),KELANDAIAN MEMENUHI,0.0,KM,2025
561,5603,35,JAWA TIMUR,2025,KABUPATEN NGANJUK,BTS.KAB. BOJONEGORO (PAJENG) - NGANJUK (GUYANGAN),KELANDAIAN TIDAK MEMENUHI,0.0,KM,2025
561,5604,35,JAWA TIMUR,2025,KABUPATEN NGANJUK,BTS.KAB. BOJONEGORO (PAJENG) - NGANJUK (GUYANGAN),LEBAR BAHU KANAN MEMENUHI,20.81,KM,2025
561,5605,35,JAWA TIMUR,2025,KABUPATEN NGANJUK,BTS.KAB. BOJONEGORO (PAJENG) - NGANJUK (GUYANGAN),LEBAR BAHU KANAN TIDAK MEMENUHI,0.0,KM,2025
561,5606,35,JAWA TIMUR,2025,KABUPATEN NGANJUK,BTS.KAB. BOJONEGORO (PAJENG) - NGANJUK (GUYANGAN),LEBAR BAHU KIRI MEMENUHI,20.8,KM,2025
561,5607,35,JAWA TIMUR,2025,KABUPATEN NGANJUK,BTS.KAB. BOJONEGORO (PAJENG) - NGANJUK (GUYANGAN),LEBAR BAHU KIRI TIDAK MEMENUHI,0.0,KM,2025
561,5608,35,JAWA TIMUR,2025,KABUPATEN NGANJUK,BTS.KAB. BOJONEGORO (PAJENG) - NGANJUK (GUYANGAN),LEBAR JALAN MEMENUHI,2.61,KM,2025
561,5609,35,JAWA TIMUR,2025,KABUPATEN NGANJUK,BTS.KAB. BOJONEGORO (PAJENG) - NGANJUK (GUYANGAN),LEBAR JALAN TIDAK MEMENUHI,18.2,KM,2025
561,5610,35,JAWA TIMUR,2025,KABUPATEN NGANJUK,BTS.KAB. BOJONEGORO (PAJENG) - NGANJUK (GUYANGAN),PANJANG JALAN,20.81,KM,2025
562,5611,35,JAWA TIMUR,2025,KABUPATEN NGANJUK,GUYANGAN - SIMPANG EMPAT CANDI,BANGUNAN PELENGKAP,0.0,KM,2025
562,5612,35,JAWA TIMUR,2025,KABUPATEN NGANJUK,GUYANGAN - SIMPANG EMPAT CANDI,KELANDAIAN MEMENUHI,0.0,KM,2025
562,5613,35,JAWA TIMUR,2025,KABUPATEN NGANJUK,GUYANGAN - SIMPANG EMPAT CANDI,KELANDAIAN TIDAK MEMENUHI,0.0,KM,2025
562,5614,35,JAWA TIMUR,2025,KABUPATEN NGANJUK,GUYANGAN - SIMPANG EMPAT CANDI,LEBAR BAHU KANAN MEMENUHI,7.71,KM,2025
562,5615,35,JAWA TIMUR,2025,KABUPATEN NGANJUK,GUYANGAN - SIMPANG EMPAT CANDI,LEBAR BAHU KANAN TIDAK MEMENUHI,0.0,KM,2025
562,5616,35,JAWA TIMUR,2025,KABUPATEN NGANJUK,GUYANGAN - SIMPANG EMPAT CANDI,LEBAR BAHU KIRI MEMENUHI,7.71,KM,2025
562,5617,35,JAWA TIMUR,2025,KABUPATEN NGANJUK,GUYANGAN - SIMPANG EMPAT CANDI,LEBAR BAHU KIRI TIDAK MEMENUHI,0.0,KM,2025
562,5618,35,JAWA TIMUR,2025,KABUPATEN NGANJUK,GUYANGAN - SIMPANG EMPAT CANDI,LEBAR JALAN MEMENUHI,7.71,KM,2025
562,5619,35,JAWA TIMUR,2025,KABUPATEN NGANJUK,GUYANGAN - SIMPANG EMPAT CANDI,LEBAR JALAN TIDAK MEMENUHI,0.0,KM,2025
562,5620,35,JAWA TIMUR,2025,KABUPATEN NGANJUK,GUYANGAN - SIMPANG EMPAT CANDI,PANJANG JALAN,7.71,KM,2025
563,5621,35,JAWA TIMUR,2025,KABUPATEN NGANJUK,BTS. KOTA NGANJUK (SIMPANG EMPAT CANDI) - BTS. KAB. KEDIRI,BANGUNAN PELENGKAP,0.0,KM,2025
563,5622,35,JAWA TIMUR,2025,KABUPATEN NGANJUK,BTS. KOTA NGANJUK (SIMPANG EMPAT CANDI) - BTS. KAB. KEDIRI,KELANDAIAN MEMENUHI,0.0,KM,2025
563,5623,35,JAWA TIMUR,2025,KABUPATEN NGANJUK,BTS. KOTA NGANJUK (SIMPANG EMPAT CANDI) - BTS. KAB. KEDIRI,KELANDAIAN TIDAK MEMENUHI,0.0,KM,2025
563,5624,35,JAWA TIMUR,2025,KABUPATEN NGANJUK,BTS. KOTA NGANJUK (SIMPANG EMPAT CANDI) - BTS. KAB. KEDIRI,LEBAR BAHU KANAN MEMENUHI,10.23,KM,2025
563,5625,35,JAWA TIMUR,2025,KABUPATEN NGANJUK,BTS. KOTA NGANJUK (SIMPANG EMPAT CANDI) - BTS. KAB. KEDIRI,LEBAR BAHU KANAN TIDAK MEMENUHI,0.0,KM,2025
563,5626,35,JAWA TIMUR,2025,KABUPATEN NGANJUK,BTS. KOTA NGANJUK (SIMPANG EMPAT CANDI) - BTS. KAB. KEDIRI,LEBAR BAHU KIRI MEMENUHI,10.13,KM,2025
563,5627,35,JAWA TIMUR,2025,KABUPATEN NGANJUK,BTS. KOTA NGANJUK (SIMPANG EMPAT CANDI) - BTS. KAB. KEDIRI,LEBAR BAHU KIRI TIDAK MEMENUHI,0.1,KM,2025
563,5628,35,JAWA TIMUR,2025,KABUPATEN NGANJUK,BTS. KOTA NGANJUK (SIMPANG EMPAT CANDI) - BTS. KAB. KEDIRI,LEBAR JALAN MEMENUHI,10.23,KM,2025
563,5629,35,JAWA TIMUR,2025,KABUPATEN NGANJUK,BTS. KOTA NGANJUK (SIMPANG EMPAT CANDI) - BTS. KAB. KEDIRI,LEBAR JALAN TIDAK MEMENUHI,0.0,KM,2025
563,5630,35,JAWA TIMUR,2025,KABUPATEN NGANJUK,BTS. KOTA NGANJUK (SIMPANG EMPAT CANDI) - BTS. KAB. KEDIRI,PANJANG JALAN,10.23,KM,2025
564,5631,35,JAWA TIMUR,2025,KABUPATEN MADIUN,KALIGUNTING - BAJULAN,BANGUNAN PELENGKAP,0.0,KM,2025
564,5632,35,JAWA TIMUR,2025,KABUPATEN MADIUN,KALIGUNTING - BAJULAN,KELANDAIAN MEMENUHI,0.0,KM,2025
564,5633,35,JAWA TIMUR,2025,KABUPATEN MADIUN,KALIGUNTING - BAJULAN,KELANDAIAN TIDAK MEMENUHI,0.0,KM,2025
564,5634,35,JAWA TIMUR,2025,KABUPATEN MADIUN,KALIGUNTING - BAJULAN,LEBAR BAHU KANAN MEMENUHI,4.98,KM,2025
564,5635,35,JAWA TIMUR,2025,KABUPATEN MADIUN,KALIGUNTING - BAJULAN,LEBAR BAHU KANAN TIDAK MEMENUHI,0.0,KM,2025
564,5636,35,JAWA TIMUR,2025,KABUPATEN MADIUN,KALIGUNTING - BAJULAN,LEBAR BAHU KIRI MEMENUHI,4.98,KM,2025
564,5637,35,JAWA TIMUR,2025,KABUPATEN MADIUN,KALIGUNTING - BAJULAN,LEBAR BAHU KIRI TIDAK MEMENUHI,0.0,KM,2025
564,5638,35,JAWA TIMUR,2025,KABUPATEN MADIUN,KALIGUNTING - BAJULAN,LEBAR JALAN MEMENUHI,0.0,KM,2025
564,5639,35,JAWA TIMUR,2025,KABUPATEN MADIUN,KALIGUNTING - BAJULAN,LEBAR JALAN TIDAK MEMENUHI,4.98,KM,2025
564,5640,35,JAWA TIMUR,2025,KABUPATEN MADIUN,KALIGUNTING - BAJULAN,PANJANG JALAN,4.98,KM,2025
565,5641,35,JAWA TIMUR,2025,KABUPATEN MADIUN,JLN. PATIMURA (CARUBAN),BANGUNAN PELENGKAP,0.0,KM,2025
565,5642,35,JAWA TIMUR,2025,KABUPATEN MADIUN,JLN. PATIMURA (CARUBAN),KELANDAIAN MEMENUHI,0.0,KM,2025
565,5643,35,JAWA TIMUR,2025,KABUPATEN MADIUN,JLN. PATIMURA (CARUBAN),KELANDAIAN TIDAK MEMENUHI,0.0,KM,2025
565,5644,35,JAWA TIMUR,2025,KABUPATEN MADIUN,JLN. PATIMURA (CARUBAN),LEBAR BAHU KANAN MEMENUHI,0.95,KM,2025
565,5645,35,JAWA TIMUR,2025,KABUPATEN MADIUN,JLN. PATIMURA (CARUBAN),LEBAR BAHU KANAN TIDAK MEMENUHI,0.0,KM,2025
565,5646,35,JAWA TIMUR,2025,KABUPATEN MADIUN,JLN. PATIMURA (CARUBAN),LEBAR BAHU KIRI MEMENUHI,0.95,KM,2025
565,5647,35,JAWA TIMUR,2025,KABUPATEN MADIUN,JLN. PATIMURA (CARUBAN),LEBAR BAHU KIRI TIDAK MEMENUHI,0.0,KM,2025
565,5648,35,JAWA TIMUR,2025,KABUPATEN MADIUN,JLN. PATIMURA (CARUBAN),LEBAR JALAN MEMENUHI,0.95,KM,2025
565,5649,35,JAWA TIMUR,2025,KABUPATEN MADIUN,JLN. PATIMURA (CARUBAN),LEBAR JALAN TIDAK MEMENUHI,0.0,KM,2025
565,5650,35,JAWA TIMUR,2025,KABUPATEN MADIUN,JLN. PATIMURA (CARUBAN),PANJANG JALAN,0.95,KM,2025
566,5651,35,JAWA TIMUR,2025,KABUPATEN MAGETAN,MAOSPATI - BTS. KOTA MAGETAN,BANGUNAN PELENGKAP,0.0,KM,2025
566,5652,35,JAWA TIMUR,2025,KABUPATEN MAGETAN,MAOSPATI - BTS. KOTA MAGETAN,KELANDAIAN MEMENUHI,0.0,KM,2025
566,5653,35,JAWA TIMUR,2025,KABUPATEN MAGETAN,MAOSPATI - BTS. KOTA MAGETAN,KELANDAIAN TIDAK MEMENUHI,0.0,KM,2025
566,5654,35,JAWA TIMUR,2025,KABUPATEN MAGETAN,MAOSPATI - BTS. KOTA MAGETAN,LEBAR BAHU KANAN MEMENUHI,9.8,KM,2025
566,5655,35,JAWA TIMUR,2025,KABUPATEN MAGETAN,MAOSPATI - BTS. KOTA MAGETAN,LEBAR BAHU KANAN TIDAK MEMENUHI,0.0,KM,2025
566,5656,35,JAWA TIMUR,2025,KABUPATEN MAGETAN,MAOSPATI - BTS. KOTA MAGETAN,LEBAR BAHU KIRI MEMENUHI,5.8,KM,2025
566,5657,35,JAWA TIMUR,2025,KABUPATEN MAGETAN,MAOSPATI - BTS. KOTA MAGETAN,LEBAR BAHU KIRI TIDAK MEMENUHI,4.0,KM,2025
566,5658,35,JAWA TIMUR,2025,KABUPATEN MAGETAN,MAOSPATI - BTS. KOTA MAGETAN,LEBAR JALAN MEMENUHI,9.8,KM,2025
566,5659,35,JAWA TIMUR,2025,KABUPATEN MAGETAN,MAOSPATI - BTS. KOTA MAGETAN,LEBAR JALAN TIDAK MEMENUHI,0.0,KM,2025
566,5660,35,JAWA TIMUR,2025,KABUPATEN MAGETAN,MAOSPATI - BTS. KOTA MAGETAN,PANJANG JALAN,9.8,KM,2025
567,5661,35,JAWA TIMUR,2025,KABUPATEN MAGETAN,JLN. MONGINSIDI,BANGUNAN PELENGKAP,0.0,KM,2025
567,5662,35,JAWA TIMUR,2025,KABUPATEN MAGETAN,JLN. MONGINSIDI,KELANDAIAN MEMENUHI,0.0,KM,2025
567,5663,35,JAWA TIMUR,2025,KABUPATEN MAGETAN,JLN. MONGINSIDI,KELANDAIAN TIDAK MEMENUHI,0.0,KM,2025
567,5664,35,JAWA TIMUR,2025,KABUPATEN MAGETAN,JLN. MONGINSIDI,LEBAR BAHU KANAN MEMENUHI,0.57,KM,2025
567,5665,35,JAWA TIMUR,2025,KABUPATEN MAGETAN,JLN. MONGINSIDI,LEBAR BAHU KANAN TIDAK MEMENUHI,0.0,KM,2025
567,5666,35,JAWA TIMUR,2025,KABUPATEN MAGETAN,JLN. MONGINSIDI,LEBAR BAHU KIRI MEMENUHI,0.0,KM,2025
567,5667,35,JAWA TIMUR,2025,KABUPATEN MAGETAN,JLN. MONGINSIDI,LEBAR BAHU KIRI TIDAK MEMENUHI,0.57,KM,2025
567,5668,35,JAWA TIMUR,2025,KABUPATEN MAGETAN,JLN. MONGINSIDI,LEBAR JALAN MEMENUHI,0.57,KM,2025
567,5669,35,JAWA TIMUR,2025,KABUPATEN MAGETAN,JLN. MONGINSIDI,LEBAR JALAN TIDAK MEMENUHI,0.0,KM,2025
567,5670,35,JAWA TIMUR,2025,KABUPATEN MAGETAN,JLN. MONGINSIDI,PANJANG JALAN,0.57,KM,2025
568,5671,35,JAWA TIMUR,2025,KABUPATEN MAGETAN,JLN. DIPONEGORO,BANGUNAN PELENGKAP,0.0,KM,2025
568,5672,35,JAWA TIMUR,2025,KABUPATEN MAGETAN,JLN. DIPONEGORO,KELANDAIAN MEMENUHI,0.0,KM,2025
568,5673,35,JAWA TIMUR,2025,KABUPATEN MAGETAN,JLN. DIPONEGORO,KELANDAIAN TIDAK MEMENUHI,0.0,KM,2025
568,5674,35,JAWA TIMUR,2025,KABUPATEN MAGETAN,JLN. DIPONEGORO,LEBAR BAHU KANAN MEMENUHI,0.43,KM,2025
568,5675,35,JAWA TIMUR,2025,KABUPATEN MAGETAN,JLN. DIPONEGORO,LEBAR BAHU KANAN TIDAK MEMENUHI,0.0,KM,2025
568,5676,35,JAWA TIMUR,2025,KABUPATEN MAGETAN,JLN. DIPONEGORO,LEBAR BAHU KIRI MEMENUHI,0.0,KM,2025
568,5677,35,JAWA TIMUR,2025,KABUPATEN MAGETAN,JLN. DIPONEGORO,LEBAR BAHU KIRI TIDAK MEMENUHI,0.43,KM,2025
568,5678,35,JAWA TIMUR,2025,KABUPATEN MAGETAN,JLN. DIPONEGORO,LEBAR JALAN MEMENUHI,0.43,KM,2025
568,5679,35,JAWA TIMUR,2025,KABUPATEN MAGETAN,JLN. DIPONEGORO,LEBAR JALAN TIDAK MEMENUHI,0.0,KM,2025
568,5680,35,JAWA TIMUR,2025,KABUPATEN MAGETAN,JLN. DIPONEGORO,PANJANG JALAN,0.43,KM,2025
569,5681,35,JAWA TIMUR,2025,KABUPATEN MAGETAN,JLN. DR. SUTOMO,BANGUNAN PELENGKAP,0.0,KM,2025
569,5682,35,JAWA TIMUR,2025,KABUPATEN MAGETAN,JLN. DR. SUTOMO,KELANDAIAN MEMENUHI,0.0,KM,2025
569,5683,35,JAWA TIMUR,2025,KABUPATEN MAGETAN,JLN. DR. SUTOMO,KELANDAIAN TIDAK MEMENUHI,0.0,KM,2025
569,5684,35,JAWA TIMUR,2025,KABUPATEN MAGETAN,JLN. DR. SUTOMO,LEBAR BAHU KANAN MEMENUHI,0.27,KM,2025
569,5685,35,JAWA TIMUR,2025,KABUPATEN MAGETAN,JLN. DR. SUTOMO,LEBAR BAHU KANAN TIDAK MEMENUHI,0.0,KM,2025
569,5686,35,JAWA TIMUR,2025,KABUPATEN MAGETAN,JLN. DR. SUTOMO,LEBAR BAHU KIRI MEMENUHI,0.0,KM,2025
569,5687,35,JAWA TIMUR,2025,KABUPATEN MAGETAN,JLN. DR. SUTOMO,LEBAR BAHU KIRI TIDAK MEMENUHI,0.27,KM,2025
569,5688,35,JAWA TIMUR,2025,KABUPATEN MAGETAN,JLN. DR. SUTOMO,LEBAR JALAN MEMENUHI,0.27,KM,2025
569,5689,35,JAWA TIMUR,2025,KABUPATEN MAGETAN,JLN. DR. SUTOMO,LEBAR JALAN TIDAK MEMENUHI,0.0,KM,2025
569,5690,35,JAWA TIMUR,2025,KABUPATEN MAGETAN,JLN. DR. SUTOMO,PANJANG JALAN,0.27,KM,2025
570,5691,35,JAWA TIMUR,2025,KABUPATEN MAGETAN,JLN. A. YANI,BANGUNAN PELENGKAP,0.0,KM,2025
570,5692,35,JAWA TIMUR,2025,KABUPATEN MAGETAN,JLN. A. YANI,KELANDAIAN MEMENUHI,0.0,KM,2025
570,5693,35,JAWA TIMUR,2025,KABUPATEN MAGETAN,JLN. A. YANI,KELANDAIAN TIDAK MEMENUHI,0.0,KM,2025
570,5694,35,JAWA TIMUR,2025,KABUPATEN MAGETAN,JLN. A. YANI,LEBAR BAHU KANAN MEMENUHI,0.77,KM,2025
570,5695,35,JAWA TIMUR,2025,KABUPATEN MAGETAN,JLN. A. YANI,LEBAR BAHU KANAN TIDAK MEMENUHI,0.0,KM,2025
570,5696,35,JAWA TIMUR,2025,KABUPATEN MAGETAN,JLN. A. YANI,LEBAR BAHU KIRI MEMENUHI,0.0,KM,2025
570,5697,35,JAWA TIMUR,2025,KABUPATEN MAGETAN,JLN. A. YANI,LEBAR BAHU KIRI TIDAK MEMENUHI,0.77,KM,2025
570,5698,35,JAWA TIMUR,2025,KABUPATEN MAGETAN,JLN. A. YANI,LEBAR JALAN MEMENUHI,0.77,KM,2025
570,5699,35,JAWA TIMUR,2025,KABUPATEN MAGETAN,JLN. A. YANI,LEBAR JALAN TIDAK MEMENUHI,0.0,KM,2025
570,5700,35,JAWA TIMUR,2025,KABUPATEN MAGETAN,JLN. A. YANI,PANJANG JALAN,0.77,KM,2025
571,5701,35,JAWA TIMUR,2025,KABUPATEN MAGETAN,JLN. PB. SUDIRMAN,BANGUNAN PELENGKAP,0.0,KM,2025
571,5702,35,JAWA TIMUR,2025,KABUPATEN MAGETAN,JLN. PB. SUDIRMAN,KELANDAIAN MEMENUHI,0.0,KM,2025
571,5703,35,JAWA TIMUR,2025,KABUPATEN MAGETAN,JLN. PB. SUDIRMAN,KELANDAIAN TIDAK MEMENUHI,0.0,KM,2025
571,5704,35,JAWA TIMUR,2025,KABUPATEN MAGETAN,JLN. PB. SUDIRMAN,LEBAR BAHU KANAN MEMENUHI,0.77,KM,2025
571,5705,35,JAWA TIMUR,2025,KABUPATEN MAGETAN,JLN. PB. SUDIRMAN,LEBAR BAHU KANAN TIDAK MEMENUHI,0.0,KM,2025
571,5706,35,JAWA TIMUR,2025,KABUPATEN MAGETAN,JLN. PB. SUDIRMAN,LEBAR BAHU KIRI MEMENUHI,0.0,KM,2025
571,5707,35,JAWA TIMUR,2025,KABUPATEN MAGETAN,JLN. PB. SUDIRMAN,LEBAR BAHU KIRI TIDAK MEMENUHI,0.77,KM,2025
571,5708,35,JAWA TIMUR,2025,KABUPATEN MAGETAN,JLN. PB. SUDIRMAN,LEBAR JALAN MEMENUHI,0.77,KM,2025
571,5709,35,JAWA TIMUR,2025,KABUPATEN MAGETAN,JLN. PB. SUDIRMAN,LEBAR JALAN TIDAK MEMENUHI,0.0,KM,2025
571,5710,35,JAWA TIMUR,2025,KABUPATEN MAGETAN,JLN. PB. SUDIRMAN,PANJANG JALAN,0.77,KM,2025
572,5716,35,JAWA TIMUR,2025,KABUPATEN MAGETAN,JLN. PAHLAWAN,LEBAR BAHU KIRI MEMENUHI,0.0,KM,2025
572,5711,35,JAWA TIMUR,2025,KABUPATEN MAGETAN,JLN. PAHLAWAN,BANGUNAN PELENGKAP,0.0,KM,2025
572,5712,35,JAWA TIMUR,2025,KABUPATEN MAGETAN,JLN. PAHLAWAN,KELANDAIAN MEMENUHI,0.0,KM,2025
572,5713,35,JAWA TIMUR,2025,KABUPATEN MAGETAN,JLN. PAHLAWAN,KELANDAIAN TIDAK MEMENUHI,0.0,KM,2025
572,5714,35,JAWA TIMUR,2025,KABUPATEN MAGETAN,JLN. PAHLAWAN,LEBAR BAHU KANAN MEMENUHI,0.43,KM,2025
572,5715,35,JAWA TIMUR,2025,KABUPATEN MAGETAN,JLN. PAHLAWAN,LEBAR BAHU KANAN TIDAK MEMENUHI,0.0,KM,2025
572,5717,35,JAWA TIMUR,2025,KABUPATEN MAGETAN,JLN. PAHLAWAN,LEBAR BAHU KIRI TIDAK MEMENUHI,0.43,KM,2025
572,5718,35,JAWA TIMUR,2025,KABUPATEN MAGETAN,JLN. PAHLAWAN,LEBAR JALAN MEMENUHI,0.43,KM,2025
572,5719,35,JAWA TIMUR,2025,KABUPATEN MAGETAN,JLN. PAHLAWAN,LEBAR JALAN TIDAK MEMENUHI,0.0,KM,2025
572,5720,35,JAWA TIMUR,2025,KABUPATEN MAGETAN,JLN. PAHLAWAN,PANJANG JALAN,0.43,KM,2025
573,5721,35,JAWA TIMUR,2025,KABUPATEN MAGETAN,JLN. GUBENUR SURYO,BANGUNAN PELENGKAP,0.0,KM,2025
573,5722,35,JAWA TIMUR,2025,KABUPATEN MAGETAN,JLN. GUBENUR SURYO,KELANDAIAN MEMENUHI,0.0,KM,2025
573,5723,35,JAWA TIMUR,2025,KABUPATEN MAGETAN,JLN. GUBENUR SURYO,KELANDAIAN TIDAK MEMENUHI,0.0,KM,2025
573,5724,35,JAWA TIMUR,2025,KABUPATEN MAGETAN,JLN. GUBENUR SURYO,LEBAR BAHU KANAN MEMENUHI,1.87,KM,2025
573,5725,35,JAWA TIMUR,2025,KABUPATEN MAGETAN,JLN. GUBENUR SURYO,LEBAR BAHU KANAN TIDAK MEMENUHI,0.0,KM,2025
573,5726,35,JAWA TIMUR,2025,KABUPATEN MAGETAN,JLN. GUBENUR SURYO,LEBAR BAHU KIRI MEMENUHI,1.87,KM,2025
573,5727,35,JAWA TIMUR,2025,KABUPATEN MAGETAN,JLN. GUBENUR SURYO,LEBAR BAHU KIRI TIDAK MEMENUHI,0.0,KM,2025
573,5728,35,JAWA TIMUR,2025,KABUPATEN MAGETAN,JLN. GUBENUR SURYO,LEBAR JALAN MEMENUHI,1.87,KM,2025
573,5729,35,JAWA TIMUR,2025,KABUPATEN MAGETAN,JLN. GUBENUR SURYO,LEBAR JALAN TIDAK MEMENUHI,0.0,KM,2025
573,5730,35,JAWA TIMUR,2025,KABUPATEN MAGETAN,JLN. GUBENUR SURYO,PANJANG JALAN,1.87,KM,2025
574,5731,35,JAWA TIMUR,2025,KABUPATEN MAGETAN,BTS. KOTA MAGETAN - CEMOROSEWU (BTS. PROV. JATENG),BANGUNAN PELENGKAP,0.0,KM,2025
574,5732,35,JAWA TIMUR,2025,KABUPATEN MAGETAN,BTS. KOTA MAGETAN - CEMOROSEWU (BTS. PROV. JATENG),KELANDAIAN MEMENUHI,0.0,KM,2025
574,5733,35,JAWA TIMUR,2025,KABUPATEN MAGETAN,BTS. KOTA MAGETAN - CEMOROSEWU (BTS. PROV. JATENG),KELANDAIAN TIDAK MEMENUHI,0.0,KM,2025
574,5734,35,JAWA TIMUR,2025,KABUPATEN MAGETAN,BTS. KOTA MAGETAN - CEMOROSEWU (BTS. PROV. JATENG),LEBAR BAHU KANAN MEMENUHI,24.34,KM,2025
574,5735,35,JAWA TIMUR,2025,KABUPATEN MAGETAN,BTS. KOTA MAGETAN - CEMOROSEWU (BTS. PROV. JATENG),LEBAR BAHU KANAN TIDAK MEMENUHI,0.0,KM,2025
574,5736,35,JAWA TIMUR,2025,KABUPATEN MAGETAN,BTS. KOTA MAGETAN - CEMOROSEWU (BTS. PROV. JATENG),LEBAR BAHU KIRI MEMENUHI,22.4,KM,2025
574,5737,35,JAWA TIMUR,2025,KABUPATEN MAGETAN,BTS. KOTA MAGETAN - CEMOROSEWU (BTS. PROV. JATENG),LEBAR BAHU KIRI TIDAK MEMENUHI,1.94,KM,2025
574,5738,35,JAWA TIMUR,2025,KABUPATEN MAGETAN,BTS. KOTA MAGETAN - CEMOROSEWU (BTS. PROV. JATENG),LEBAR JALAN MEMENUHI,24.34,KM,2025
574,5739,35,JAWA TIMUR,2025,KABUPATEN MAGETAN,BTS. KOTA MAGETAN - CEMOROSEWU (BTS. PROV. JATENG),LEBAR JALAN TIDAK MEMENUHI,0.0,KM,2025
574,5740,35,JAWA TIMUR,2025,KABUPATEN MAGETAN,BTS. KOTA MAGETAN - CEMOROSEWU (BTS. PROV. JATENG),PANJANG JALAN,24.34,KM,2025
575,5741,35,JAWA TIMUR,2025,KABUPATEN NGAWI,JLN. GUBERNUR SURYO,BANGUNAN PELENGKAP,0.0,KM,2025
575,5742,35,JAWA TIMUR,2025,KABUPATEN NGAWI,JLN. GUBERNUR SURYO,KELANDAIAN MEMENUHI,0.0,KM,2025
575,5743,35,JAWA TIMUR,2025,KABUPATEN NGAWI,JLN. GUBERNUR SURYO,KELANDAIAN TIDAK MEMENUHI,0.0,KM,2025
575,5744,35,JAWA TIMUR,2025,KABUPATEN NGAWI,JLN. GUBERNUR SURYO,LEBAR BAHU KANAN MEMENUHI,0.0,KM,2025
575,5745,35,JAWA TIMUR,2025,KABUPATEN NGAWI,JLN. GUBERNUR SURYO,LEBAR BAHU KANAN TIDAK MEMENUHI,1.56,KM,2025
575,5746,35,JAWA TIMUR,2025,KABUPATEN NGAWI,JLN. GUBERNUR SURYO,LEBAR BAHU KIRI MEMENUHI,0.0,KM,2025
575,5747,35,JAWA TIMUR,2025,KABUPATEN NGAWI,JLN. GUBERNUR SURYO,LEBAR BAHU KIRI TIDAK MEMENUHI,1.56,KM,2025
575,5748,35,JAWA TIMUR,2025,KABUPATEN NGAWI,JLN. GUBERNUR SURYO,LEBAR JALAN MEMENUHI,1.56,KM,2025
575,5749,35,JAWA TIMUR,2025,KABUPATEN NGAWI,JLN. GUBERNUR SURYO,LEBAR JALAN TIDAK MEMENUHI,0.0,KM,2025
575,5750,35,JAWA TIMUR,2025,KABUPATEN NGAWI,JLN. GUBERNUR SURYO,PANJANG JALAN,1.56,KM,2025
576,5751,35,JAWA TIMUR,2025,KABUPATEN NGAWI,JLN. PANGLIMA SUDIRMAN,BANGUNAN PELENGKAP,0.0,KM,2025
576,5752,35,JAWA TIMUR,2025,KABUPATEN NGAWI,JLN. PANGLIMA SUDIRMAN,KELANDAIAN MEMENUHI,0.0,KM,2025
576,5753,35,JAWA TIMUR,2025,KABUPATEN NGAWI,JLN. PANGLIMA SUDIRMAN,KELANDAIAN TIDAK MEMENUHI,0.0,KM,2025
576,5754,35,JAWA TIMUR,2025,KABUPATEN NGAWI,JLN. PANGLIMA SUDIRMAN,LEBAR BAHU KANAN MEMENUHI,0.0,KM,2025
576,5755,35,JAWA TIMUR,2025,KABUPATEN NGAWI,JLN. PANGLIMA SUDIRMAN,LEBAR BAHU KANAN TIDAK MEMENUHI,1.37,KM,2025
576,5756,35,JAWA TIMUR,2025,KABUPATEN NGAWI,JLN. PANGLIMA SUDIRMAN,LEBAR BAHU KIRI MEMENUHI,0.0,KM,2025
576,5757,35,JAWA TIMUR,2025,KABUPATEN NGAWI,JLN. PANGLIMA SUDIRMAN,LEBAR BAHU KIRI TIDAK MEMENUHI,1.37,KM,2025
576,5758,35,JAWA TIMUR,2025,KABUPATEN NGAWI,JLN. PANGLIMA SUDIRMAN,LEBAR JALAN MEMENUHI,1.37,KM,2025
576,5759,35,JAWA TIMUR,2025,KABUPATEN NGAWI,JLN. PANGLIMA SUDIRMAN,LEBAR JALAN TIDAK MEMENUHI,0.0,KM,2025
576,5760,35,JAWA TIMUR,2025,KABUPATEN NGAWI,JLN. PANGLIMA SUDIRMAN,PANJANG JALAN,1.37,KM,2025
577,5761,35,JAWA TIMUR,2025,KABUPATEN NGAWI,JLN. A. YANI,BANGUNAN PELENGKAP,0.0,KM,2025
577,5762,35,JAWA TIMUR,2025,KABUPATEN NGAWI,JLN. A. YANI,KELANDAIAN MEMENUHI,0.0,KM,2025
577,5763,35,JAWA TIMUR,2025,KABUPATEN NGAWI,JLN. A. YANI,KELANDAIAN TIDAK MEMENUHI,0.0,KM,2025
577,5764,35,JAWA TIMUR,2025,KABUPATEN NGAWI,JLN. A. YANI,LEBAR BAHU KANAN MEMENUHI,0.0,KM,2025
577,5765,35,JAWA TIMUR,2025,KABUPATEN NGAWI,JLN. A. YANI,LEBAR BAHU KANAN TIDAK MEMENUHI,1.84,KM,2025
577,5766,35,JAWA TIMUR,2025,KABUPATEN NGAWI,JLN. A. YANI,LEBAR BAHU KIRI MEMENUHI,0.0,KM,2025
577,5767,35,JAWA TIMUR,2025,KABUPATEN NGAWI,JLN. A. YANI,LEBAR BAHU KIRI TIDAK MEMENUHI,1.84,KM,2025
577,5768,35,JAWA TIMUR,2025,KABUPATEN NGAWI,JLN. A. YANI,LEBAR JALAN MEMENUHI,1.84,KM,2025
577,5769,35,JAWA TIMUR,2025,KABUPATEN NGAWI,JLN. A. YANI,LEBAR JALAN TIDAK MEMENUHI,0.0,KM,2025
577,5770,35,JAWA TIMUR,2025,KABUPATEN NGAWI,JLN. A. YANI,PANJANG JALAN,1.84,KM,2025
578,5771,35,JAWA TIMUR,2025,KABUPATEN NGAWI,JLN. BASUKI RACMAD,BANGUNAN PELENGKAP,0.0,KM,2025
578,5772,35,JAWA TIMUR,2025,KABUPATEN NGAWI,JLN. BASUKI RACMAD,KELANDAIAN MEMENUHI,0.0,KM,2025
578,5773,35,JAWA TIMUR,2025,KABUPATEN NGAWI,JLN. BASUKI RACMAD,KELANDAIAN TIDAK MEMENUHI,0.0,KM,2025
578,5774,35,JAWA TIMUR,2025,KABUPATEN NGAWI,JLN. BASUKI RACMAD,LEBAR BAHU KANAN MEMENUHI,0.8,KM,2025
578,5775,35,JAWA TIMUR,2025,KABUPATEN NGAWI,JLN. BASUKI RACMAD,LEBAR BAHU KANAN TIDAK MEMENUHI,0.58,KM,2025
578,5776,35,JAWA TIMUR,2025,KABUPATEN NGAWI,JLN. BASUKI RACMAD,LEBAR BAHU KIRI MEMENUHI,0.8,KM,2025
578,5777,35,JAWA TIMUR,2025,KABUPATEN NGAWI,JLN. BASUKI RACMAD,LEBAR BAHU KIRI TIDAK MEMENUHI,0.58,KM,2025
578,5778,35,JAWA TIMUR,2025,KABUPATEN NGAWI,JLN. BASUKI RACMAD,LEBAR JALAN MEMENUHI,1.38,KM,2025
578,5779,35,JAWA TIMUR,2025,KABUPATEN NGAWI,JLN. BASUKI RACMAD,LEBAR JALAN TIDAK MEMENUHI,0.0,KM,2025
578,5780,35,JAWA TIMUR,2025,KABUPATEN NGAWI,JLN. BASUKI RACMAD,PANJANG JALAN,1.38,KM,2025
579,5781,35,JAWA TIMUR,2025,KABUPATEN NGAWI,JLN. SUKOWATI,BANGUNAN PELENGKAP,0.0,KM,2025
579,5782,35,JAWA TIMUR,2025,KABUPATEN NGAWI,JLN. SUKOWATI,KELANDAIAN MEMENUHI,0.0,KM,2025
579,5783,35,JAWA TIMUR,2025,KABUPATEN NGAWI,JLN. SUKOWATI,KELANDAIAN TIDAK MEMENUHI,0.0,KM,2025
579,5784,35,JAWA TIMUR,2025,KABUPATEN NGAWI,JLN. SUKOWATI,LEBAR BAHU KANAN MEMENUHI,0.92,KM,2025
579,5785,35,JAWA TIMUR,2025,KABUPATEN NGAWI,JLN. SUKOWATI,LEBAR BAHU KANAN TIDAK MEMENUHI,0.0,KM,2025
579,5786,35,JAWA TIMUR,2025,KABUPATEN NGAWI,JLN. SUKOWATI,LEBAR BAHU KIRI MEMENUHI,0.92,KM,2025
579,5787,35,JAWA TIMUR,2025,KABUPATEN NGAWI,JLN. SUKOWATI,LEBAR BAHU KIRI TIDAK MEMENUHI,0.0,KM,2025
579,5788,35,JAWA TIMUR,2025,KABUPATEN NGAWI,JLN. SUKOWATI,LEBAR JALAN MEMENUHI,0.92,KM,2025
579,5789,35,JAWA TIMUR,2025,KABUPATEN NGAWI,JLN. SUKOWATI,LEBAR JALAN TIDAK MEMENUHI,0.0,KM,2025
579,5790,35,JAWA TIMUR,2025,KABUPATEN NGAWI,JLN. SUKOWATI,PANJANG JALAN,0.92,KM,2025
580,5791,35,JAWA TIMUR,2025,KABUPATEN BOJONEGORO,BTS. KOTA BOJONEGORO - BTS. KAB. TUBAN,BANGUNAN PELENGKAP,0.0,KM,2025
580,5792,35,JAWA TIMUR,2025,KABUPATEN BOJONEGORO,BTS. KOTA BOJONEGORO - BTS. KAB. TUBAN,KELANDAIAN MEMENUHI,0.0,KM,2025
580,5793,35,JAWA TIMUR,2025,KABUPATEN BOJONEGORO,BTS. KOTA BOJONEGORO - BTS. KAB. TUBAN,KELANDAIAN TIDAK MEMENUHI,0.0,KM,2025
580,5794,35,JAWA TIMUR,2025,KABUPATEN BOJONEGORO,BTS. KOTA BOJONEGORO - BTS. KAB. TUBAN,LEBAR BAHU KANAN MEMENUHI,2.91,KM,2025
580,5795,35,JAWA TIMUR,2025,KABUPATEN BOJONEGORO,BTS. KOTA BOJONEGORO - BTS. KAB. TUBAN,LEBAR BAHU KANAN TIDAK MEMENUHI,0.2,KM,2025
580,5796,35,JAWA TIMUR,2025,KABUPATEN BOJONEGORO,BTS. KOTA BOJONEGORO - BTS. KAB. TUBAN,LEBAR BAHU KIRI MEMENUHI,2.91,KM,2025
580,5797,35,JAWA TIMUR,2025,KABUPATEN BOJONEGORO,BTS. KOTA BOJONEGORO - BTS. KAB. TUBAN,LEBAR BAHU KIRI TIDAK MEMENUHI,0.2,KM,2025
580,5798,35,JAWA TIMUR,2025,KABUPATEN BOJONEGORO,BTS. KOTA BOJONEGORO - BTS. KAB. TUBAN,LEBAR JALAN MEMENUHI,2.91,KM,2025
580,5799,35,JAWA TIMUR,2025,KABUPATEN BOJONEGORO,BTS. KOTA BOJONEGORO - BTS. KAB. TUBAN,LEBAR JALAN TIDAK MEMENUHI,0.2,KM,2025
580,5800,35,JAWA TIMUR,2025,KABUPATEN BOJONEGORO,BTS. KOTA BOJONEGORO - BTS. KAB. TUBAN,PANJANG JALAN,3.11,KM,2025
581,5801,35,JAWA TIMUR,2025,KABUPATEN BOJONEGORO,JLN. JAGUNG. SUPRAPTO,BANGUNAN PELENGKAP,0.0,KM,2025
581,5802,35,JAWA TIMUR,2025,KABUPATEN BOJONEGORO,JLN. JAGUNG. SUPRAPTO,KELANDAIAN MEMENUHI,0.0,KM,2025
581,5803,35,JAWA TIMUR,2025,KABUPATEN BOJONEGORO,JLN. JAGUNG. SUPRAPTO,KELANDAIAN TIDAK MEMENUHI,0.0,KM,2025
581,5804,35,JAWA TIMUR,2025,KABUPATEN BOJONEGORO,JLN. JAGUNG. SUPRAPTO,LEBAR BAHU KANAN MEMENUHI,0.0,KM,2025
581,5805,35,JAWA TIMUR,2025,KABUPATEN BOJONEGORO,JLN. JAGUNG. SUPRAPTO,LEBAR BAHU KANAN TIDAK MEMENUHI,0.56,KM,2025
581,5806,35,JAWA TIMUR,2025,KABUPATEN BOJONEGORO,JLN. JAGUNG. SUPRAPTO,LEBAR BAHU KIRI MEMENUHI,0.0,KM,2025
581,5807,35,JAWA TIMUR,2025,KABUPATEN BOJONEGORO,JLN. JAGUNG. SUPRAPTO,LEBAR BAHU KIRI TIDAK MEMENUHI,0.56,KM,2025
581,5808,35,JAWA TIMUR,2025,KABUPATEN BOJONEGORO,JLN. JAGUNG. SUPRAPTO,LEBAR JALAN MEMENUHI,0.56,KM,2025
581,5809,35,JAWA TIMUR,2025,KABUPATEN BOJONEGORO,JLN. JAGUNG. SUPRAPTO,LEBAR JALAN TIDAK MEMENUHI,0.0,KM,2025
581,5810,35,JAWA TIMUR,2025,KABUPATEN BOJONEGORO,JLN. JAGUNG. SUPRAPTO,PANJANG JALAN,0.56,KM,2025
582,5811,35,JAWA TIMUR,2025,KABUPATEN BOJONEGORO,JLN. SAWUNGGALING,BANGUNAN PELENGKAP,0.0,KM,2025
582,5812,35,JAWA TIMUR,2025,KABUPATEN BOJONEGORO,JLN. SAWUNGGALING,KELANDAIAN MEMENUHI,0.0,KM,2025
582,5813,35,JAWA TIMUR,2025,KABUPATEN BOJONEGORO,JLN. SAWUNGGALING,KELANDAIAN TIDAK MEMENUHI,0.0,KM,2025
582,5814,35,JAWA TIMUR,2025,KABUPATEN BOJONEGORO,JLN. SAWUNGGALING,LEBAR BAHU KANAN MEMENUHI,0.0,KM,2025
582,5815,35,JAWA TIMUR,2025,KABUPATEN BOJONEGORO,JLN. SAWUNGGALING,LEBAR BAHU KANAN TIDAK MEMENUHI,0.99,KM,2025
582,5816,35,JAWA TIMUR,2025,KABUPATEN BOJONEGORO,JLN. SAWUNGGALING,LEBAR BAHU KIRI MEMENUHI,0.0,KM,2025
582,5817,35,JAWA TIMUR,2025,KABUPATEN BOJONEGORO,JLN. SAWUNGGALING,LEBAR BAHU KIRI TIDAK MEMENUHI,0.99,KM,2025
582,5818,35,JAWA TIMUR,2025,KABUPATEN BOJONEGORO,JLN. SAWUNGGALING,LEBAR JALAN MEMENUHI,0.99,KM,2025
582,5819,35,JAWA TIMUR,2025,KABUPATEN BOJONEGORO,JLN. SAWUNGGALING,LEBAR JALAN TIDAK MEMENUHI,0.0,KM,2025
582,5820,35,JAWA TIMUR,2025,KABUPATEN BOJONEGORO,JLN. SAWUNGGALING,PANJANG JALAN,0.99,KM,2025
583,5821,35,JAWA TIMUR,2025,KABUPATEN BOJONEGORO,JLN. BASUKI RAHMAD,BANGUNAN PELENGKAP,0.0,KM,2025
583,5822,35,JAWA TIMUR,2025,KABUPATEN BOJONEGORO,JLN. BASUKI RAHMAD,KELANDAIAN MEMENUHI,0.0,KM,2025
583,5823,35,JAWA TIMUR,2025,KABUPATEN BOJONEGORO,JLN. BASUKI RAHMAD,KELANDAIAN TIDAK MEMENUHI,0.0,KM,2025
583,5824,35,JAWA TIMUR,2025,KABUPATEN BOJONEGORO,JLN. BASUKI RAHMAD,LEBAR BAHU KANAN MEMENUHI,0.0,KM,2025
583,5825,35,JAWA TIMUR,2025,KABUPATEN BOJONEGORO,JLN. BASUKI RAHMAD,LEBAR BAHU KANAN TIDAK MEMENUHI,1.55,KM,2025
583,5826,35,JAWA TIMUR,2025,KABUPATEN BOJONEGORO,JLN. BASUKI RAHMAD,LEBAR BAHU KIRI MEMENUHI,0.0,KM,2025
583,5827,35,JAWA TIMUR,2025,KABUPATEN BOJONEGORO,JLN. BASUKI RAHMAD,LEBAR BAHU KIRI TIDAK MEMENUHI,1.55,KM,2025
583,5828,35,JAWA TIMUR,2025,KABUPATEN BOJONEGORO,JLN. BASUKI RAHMAD,LEBAR JALAN MEMENUHI,1.55,KM,2025
583,5829,35,JAWA TIMUR,2025,KABUPATEN BOJONEGORO,JLN. BASUKI RAHMAD,LEBAR JALAN TIDAK MEMENUHI,0.0,KM,2025
583,5830,35,JAWA TIMUR,2025,KABUPATEN BOJONEGORO,JLN. BASUKI RAHMAD,PANJANG JALAN,1.55,KM,2025
584,5831,35,JAWA TIMUR,2025,KABUPATEN BOJONEGORO,JLN. COKROAMINOTO,BANGUNAN PELENGKAP,0.0,KM,2025
584,5832,35,JAWA TIMUR,2025,KABUPATEN BOJONEGORO,JLN. COKROAMINOTO,KELANDAIAN MEMENUHI,0.0,KM,2025
584,5833,35,JAWA TIMUR,2025,KABUPATEN BOJONEGORO,JLN. COKROAMINOTO,KELANDAIAN TIDAK MEMENUHI,0.0,KM,2025
584,5834,35,JAWA TIMUR,2025,KABUPATEN BOJONEGORO,JLN. COKROAMINOTO,LEBAR BAHU KANAN MEMENUHI,0.17,KM,2025
584,5835,35,JAWA TIMUR,2025,KABUPATEN BOJONEGORO,JLN. COKROAMINOTO,LEBAR BAHU KANAN TIDAK MEMENUHI,0.8,KM,2025
584,5836,35,JAWA TIMUR,2025,KABUPATEN BOJONEGORO,JLN. COKROAMINOTO,LEBAR BAHU KIRI MEMENUHI,0.0,KM,2025
584,5837,35,JAWA TIMUR,2025,KABUPATEN BOJONEGORO,JLN. COKROAMINOTO,LEBAR BAHU KIRI TIDAK MEMENUHI,0.97,KM,2025
584,5838,35,JAWA TIMUR,2025,KABUPATEN BOJONEGORO,JLN. COKROAMINOTO,LEBAR JALAN MEMENUHI,0.97,KM,2025
584,5839,35,JAWA TIMUR,2025,KABUPATEN BOJONEGORO,JLN. COKROAMINOTO,LEBAR JALAN TIDAK MEMENUHI,0.0,KM,2025
584,5840,35,JAWA TIMUR,2025,KABUPATEN BOJONEGORO,JLN. COKROAMINOTO,PANJANG JALAN,0.97,KM,2025
585,5841,35,JAWA TIMUR,2025,KABUPATEN BOJONEGORO,JLN. KH. R. MOCH. ROSYID,BANGUNAN PELENGKAP,0.0,KM,2025
585,5842,35,JAWA TIMUR,2025,KABUPATEN BOJONEGORO,JLN. KH. R. MOCH. ROSYID,KELANDAIAN MEMENUHI,0.0,KM,2025
585,5843,35,JAWA TIMUR,2025,KABUPATEN BOJONEGORO,JLN. KH. R. MOCH. ROSYID,KELANDAIAN TIDAK MEMENUHI,0.0,KM,2025
585,5844,35,JAWA TIMUR,2025,KABUPATEN BOJONEGORO,JLN. KH. R. MOCH. ROSYID,LEBAR BAHU KANAN MEMENUHI,2.84,KM,2025
585,5845,35,JAWA TIMUR,2025,KABUPATEN BOJONEGORO,JLN. KH. R. MOCH. ROSYID,LEBAR BAHU KANAN TIDAK MEMENUHI,0.2,KM,2025
585,5846,35,JAWA TIMUR,2025,KABUPATEN BOJONEGORO,JLN. KH. R. MOCH. ROSYID,LEBAR BAHU KIRI MEMENUHI,3.04,KM,2025
585,5847,35,JAWA TIMUR,2025,KABUPATEN BOJONEGORO,JLN. KH. R. MOCH. ROSYID,LEBAR BAHU KIRI TIDAK MEMENUHI,0.0,KM,2025
585,5848,35,JAWA TIMUR,2025,KABUPATEN BOJONEGORO,JLN. KH. R. MOCH. ROSYID,LEBAR JALAN MEMENUHI,3.04,KM,2025
585,5849,35,JAWA TIMUR,2025,KABUPATEN BOJONEGORO,JLN. KH. R. MOCH. ROSYID,LEBAR JALAN TIDAK MEMENUHI,0.0,KM,2025
585,5850,35,JAWA TIMUR,2025,KABUPATEN BOJONEGORO,JLN. KH. R. MOCH. ROSYID,PANJANG JALAN,3.04,KM,2025
586,5851,35,JAWA TIMUR,2025,KABUPATEN BOJONEGORO,BTS. KOTA BOJONEGORO - (PAJENG) BTS.KAB. NGANJUK,BANGUNAN PELENGKAP,0.0,KM,2025
586,5852,35,JAWA TIMUR,2025,KABUPATEN BOJONEGORO,BTS. KOTA BOJONEGORO - (PAJENG) BTS.KAB. NGANJUK,KELANDAIAN MEMENUHI,0.0,KM,2025
586,5853,35,JAWA TIMUR,2025,KABUPATEN BOJONEGORO,BTS. KOTA BOJONEGORO - (PAJENG) BTS.KAB. NGANJUK,KELANDAIAN TIDAK MEMENUHI,0.0,KM,2025
586,5854,35,JAWA TIMUR,2025,KABUPATEN BOJONEGORO,BTS. KOTA BOJONEGORO - (PAJENG) BTS.KAB. NGANJUK,LEBAR BAHU KANAN MEMENUHI,38.3,KM,2025
586,5855,35,JAWA TIMUR,2025,KABUPATEN BOJONEGORO,BTS. KOTA BOJONEGORO - (PAJENG) BTS.KAB. NGANJUK,LEBAR BAHU KANAN TIDAK MEMENUHI,0.1,KM,2025
586,5856,35,JAWA TIMUR,2025,KABUPATEN BOJONEGORO,BTS. KOTA BOJONEGORO - (PAJENG) BTS.KAB. NGANJUK,LEBAR BAHU KIRI MEMENUHI,37.7,KM,2025
586,5857,35,JAWA TIMUR,2025,KABUPATEN BOJONEGORO,BTS. KOTA BOJONEGORO - (PAJENG) BTS.KAB. NGANJUK,LEBAR BAHU KIRI TIDAK MEMENUHI,0.7,KM,2025
586,5858,35,JAWA TIMUR,2025,KABUPATEN BOJONEGORO,BTS. KOTA BOJONEGORO - (PAJENG) BTS.KAB. NGANJUK,LEBAR JALAN MEMENUHI,0.4,KM,2025
586,5859,35,JAWA TIMUR,2025,KABUPATEN BOJONEGORO,BTS. KOTA BOJONEGORO - (PAJENG) BTS.KAB. NGANJUK,LEBAR JALAN TIDAK MEMENUHI,38.0,KM,2025
586,5860,35,JAWA TIMUR,2025,KABUPATEN BOJONEGORO,BTS. KOTA BOJONEGORO - (PAJENG) BTS.KAB. NGANJUK,PANJANG JALAN,38.4,KM,2025
587,5861,35,JAWA TIMUR,2025,KABUPATEN TUBAN,BTS. KAB. BOJONEGORO - PONCO,BANGUNAN PELENGKAP,0.0,KM,2025
587,5862,35,JAWA TIMUR,2025,KABUPATEN TUBAN,BTS. KAB. BOJONEGORO - PONCO,KELANDAIAN MEMENUHI,0.0,KM,2025
587,5863,35,JAWA TIMUR,2025,KABUPATEN TUBAN,BTS. KAB. BOJONEGORO - PONCO,KELANDAIAN TIDAK MEMENUHI,0.0,KM,2025
587,5864,35,JAWA TIMUR,2025,KABUPATEN TUBAN,BTS. KAB. BOJONEGORO - PONCO,LEBAR BAHU KANAN MEMENUHI,3.66,KM,2025
587,5865,35,JAWA TIMUR,2025,KABUPATEN TUBAN,BTS. KAB. BOJONEGORO - PONCO,LEBAR BAHU KANAN TIDAK MEMENUHI,0.0,KM,2025
587,5866,35,JAWA TIMUR,2025,KABUPATEN TUBAN,BTS. KAB. BOJONEGORO - PONCO,LEBAR BAHU KIRI MEMENUHI,3.66,KM,2025
587,5867,35,JAWA TIMUR,2025,KABUPATEN TUBAN,BTS. KAB. BOJONEGORO - PONCO,LEBAR BAHU KIRI TIDAK MEMENUHI,0.0,KM,2025
587,5868,35,JAWA TIMUR,2025,KABUPATEN TUBAN,BTS. KAB. BOJONEGORO - PONCO,LEBAR JALAN MEMENUHI,3.66,KM,2025
587,5869,35,JAWA TIMUR,2025,KABUPATEN TUBAN,BTS. KAB. BOJONEGORO - PONCO,LEBAR JALAN TIDAK MEMENUHI,0.0,KM,2025
587,5870,35,JAWA TIMUR,2025,KABUPATEN TUBAN,BTS. KAB. BOJONEGORO - PONCO,PANJANG JALAN,3.66,KM,2025
588,5872,35,JAWA TIMUR,2025,KABUPATEN TUBAN,PONCO - JATIROGO (BTS. PROV. JATENG),KELANDAIAN MEMENUHI,0.0,KM,2025
588,5873,35,JAWA TIMUR,2025,KABUPATEN TUBAN,PONCO - JATIROGO (BTS. PROV. JATENG),KELANDAIAN TIDAK MEMENUHI,0.0,KM,2025
588,5874,35,JAWA TIMUR,2025,KABUPATEN TUBAN,PONCO - JATIROGO (BTS. PROV. JATENG),LEBAR BAHU KANAN MEMENUHI,39.16,KM,2025
588,5875,35,JAWA TIMUR,2025,KABUPATEN TUBAN,PONCO - JATIROGO (BTS. PROV. JATENG),LEBAR BAHU KANAN TIDAK MEMENUHI,3.6,KM,2025
588,5876,35,JAWA TIMUR,2025,KABUPATEN TUBAN,PONCO - JATIROGO (BTS. PROV. JATENG),LEBAR BAHU KIRI MEMENUHI,39.36,KM,2025
588,5871,35,JAWA TIMUR,2025,KABUPATEN TUBAN,PONCO - JATIROGO (BTS. PROV. JATENG),BANGUNAN PELENGKAP,0.0,KM,2025
588,5877,35,JAWA TIMUR,2025,KABUPATEN TUBAN,PONCO - JATIROGO (BTS. PROV. JATENG),LEBAR BAHU KIRI TIDAK MEMENUHI,3.4,KM,2025
588,5878,35,JAWA TIMUR,2025,KABUPATEN TUBAN,PONCO - JATIROGO (BTS. PROV. JATENG),LEBAR JALAN MEMENUHI,29.76,KM,2025
588,5879,35,JAWA TIMUR,2025,KABUPATEN TUBAN,PONCO - JATIROGO (BTS. PROV. JATENG),LEBAR JALAN TIDAK MEMENUHI,13.0,KM,2025
588,5880,35,JAWA TIMUR,2025,KABUPATEN TUBAN,PONCO - JATIROGO (BTS. PROV. JATENG),PANJANG JALAN,42.76,KM,2025
589,5881,35,JAWA TIMUR,2025,KABUPATEN TUBAN,PAKAH - PONCO,BANGUNAN PELENGKAP,0.0,KM,2025
589,5882,35,JAWA TIMUR,2025,KABUPATEN TUBAN,PAKAH - PONCO,KELANDAIAN MEMENUHI,0.0,KM,2025
589,5883,35,JAWA TIMUR,2025,KABUPATEN TUBAN,PAKAH - PONCO,KELANDAIAN TIDAK MEMENUHI,0.0,KM,2025
589,5884,35,JAWA TIMUR,2025,KABUPATEN TUBAN,PAKAH - PONCO,LEBAR BAHU KANAN MEMENUHI,32.91,KM,2025
589,5885,35,JAWA TIMUR,2025,KABUPATEN TUBAN,PAKAH - PONCO,LEBAR BAHU KANAN TIDAK MEMENUHI,2.9,KM,2025
589,5886,35,JAWA TIMUR,2025,KABUPATEN TUBAN,PAKAH - PONCO,LEBAR BAHU KIRI MEMENUHI,33.03,KM,2025
589,5887,35,JAWA TIMUR,2025,KABUPATEN TUBAN,PAKAH - PONCO,LEBAR BAHU KIRI TIDAK MEMENUHI,2.8,KM,2025
589,5888,35,JAWA TIMUR,2025,KABUPATEN TUBAN,PAKAH - PONCO,LEBAR JALAN MEMENUHI,25.43,KM,2025
589,5889,35,JAWA TIMUR,2025,KABUPATEN TUBAN,PAKAH - PONCO,LEBAR JALAN TIDAK MEMENUHI,10.4,KM,2025
589,5890,35,JAWA TIMUR,2025,KABUPATEN TUBAN,PAKAH - PONCO,PANJANG JALAN,35.83,KM,2025
590,5891,35,JAWA TIMUR,2025,KABUPATEN LAMONGAN,BABAT - BTS. KAB. JOMBANG,BANGUNAN PELENGKAP,0.0,KM,2025
590,5892,35,JAWA TIMUR,2025,KABUPATEN LAMONGAN,BABAT - BTS. KAB. JOMBANG,KELANDAIAN MEMENUHI,0.0,KM,2025
590,5893,35,JAWA TIMUR,2025,KABUPATEN LAMONGAN,BABAT - BTS. KAB. JOMBANG,KELANDAIAN TIDAK MEMENUHI,0.0,KM,2025
590,5894,35,JAWA TIMUR,2025,KABUPATEN LAMONGAN,BABAT - BTS. KAB. JOMBANG,LEBAR BAHU KANAN MEMENUHI,30.92,KM,2025
590,5895,35,JAWA TIMUR,2025,KABUPATEN LAMONGAN,BABAT - BTS. KAB. JOMBANG,LEBAR BAHU KANAN TIDAK MEMENUHI,0.0,KM,2025
590,5896,35,JAWA TIMUR,2025,KABUPATEN LAMONGAN,BABAT - BTS. KAB. JOMBANG,LEBAR BAHU KIRI MEMENUHI,30.92,KM,2025
590,5897,35,JAWA TIMUR,2025,KABUPATEN LAMONGAN,BABAT - BTS. KAB. JOMBANG,LEBAR BAHU KIRI TIDAK MEMENUHI,0.0,KM,2025
590,5898,35,JAWA TIMUR,2025,KABUPATEN LAMONGAN,BABAT - BTS. KAB. JOMBANG,LEBAR JALAN MEMENUHI,30.92,KM,2025
590,5899,35,JAWA TIMUR,2025,KABUPATEN LAMONGAN,BABAT - BTS. KAB. JOMBANG,LEBAR JALAN TIDAK MEMENUHI,0.0,KM,2025
590,5900,35,JAWA TIMUR,2025,KABUPATEN LAMONGAN,BABAT - BTS. KAB. JOMBANG,PANJANG JALAN,30.92,KM,2025
591,5901,35,JAWA TIMUR,2025,KABUPATEN LAMONGAN,JLN. LAMONG REJO,BANGUNAN PELENGKAP,0.0,KM,2025
591,5902,35,JAWA TIMUR,2025,KABUPATEN LAMONGAN,JLN. LAMONG REJO,KELANDAIAN MEMENUHI,0.0,KM,2025
591,5903,35,JAWA TIMUR,2025,KABUPATEN LAMONGAN,JLN. LAMONG REJO,KELANDAIAN TIDAK MEMENUHI,0.0,KM,2025
591,5904,35,JAWA TIMUR,2025,KABUPATEN LAMONGAN,JLN. LAMONG REJO,LEBAR BAHU KANAN MEMENUHI,1.09,KM,2025
591,5905,35,JAWA TIMUR,2025,KABUPATEN LAMONGAN,JLN. LAMONG REJO,LEBAR BAHU KANAN TIDAK MEMENUHI,0.0,KM,2025
591,5906,35,JAWA TIMUR,2025,KABUPATEN LAMONGAN,JLN. LAMONG REJO,LEBAR BAHU KIRI MEMENUHI,1.09,KM,2025
591,5907,35,JAWA TIMUR,2025,KABUPATEN LAMONGAN,JLN. LAMONG REJO,LEBAR BAHU KIRI TIDAK MEMENUHI,0.0,KM,2025
591,5908,35,JAWA TIMUR,2025,KABUPATEN LAMONGAN,JLN. LAMONG REJO,LEBAR JALAN MEMENUHI,1.09,KM,2025
591,5909,35,JAWA TIMUR,2025,KABUPATEN LAMONGAN,JLN. LAMONG REJO,LEBAR JALAN TIDAK MEMENUHI,0.0,KM,2025
591,5910,35,JAWA TIMUR,2025,KABUPATEN LAMONGAN,JLN. LAMONG REJO,PANJANG JALAN,1.09,KM,2025
592,5911,35,JAWA TIMUR,2025,KABUPATEN LAMONGAN,JLN. ACMAD DAHLAN,BANGUNAN PELENGKAP,0.0,KM,2025
592,5912,35,JAWA TIMUR,2025,KABUPATEN LAMONGAN,JLN. ACMAD DAHLAN,KELANDAIAN MEMENUHI,0.0,KM,2025
592,5913,35,JAWA TIMUR,2025,KABUPATEN LAMONGAN,JLN. ACMAD DAHLAN,KELANDAIAN TIDAK MEMENUHI,0.0,KM,2025
592,5914,35,JAWA TIMUR,2025,KABUPATEN LAMONGAN,JLN. ACMAD DAHLAN,LEBAR BAHU KANAN MEMENUHI,0.09,KM,2025
592,5915,35,JAWA TIMUR,2025,KABUPATEN LAMONGAN,JLN. ACMAD DAHLAN,LEBAR BAHU KANAN TIDAK MEMENUHI,0.0,KM,2025
592,5916,35,JAWA TIMUR,2025,KABUPATEN LAMONGAN,JLN. ACMAD DAHLAN,LEBAR BAHU KIRI MEMENUHI,0.09,KM,2025
592,5917,35,JAWA TIMUR,2025,KABUPATEN LAMONGAN,JLN. ACMAD DAHLAN,LEBAR BAHU KIRI TIDAK MEMENUHI,0.0,KM,2025
592,5918,35,JAWA TIMUR,2025,KABUPATEN LAMONGAN,JLN. ACMAD DAHLAN,LEBAR JALAN MEMENUHI,0.09,KM,2025
592,5919,35,JAWA TIMUR,2025,KABUPATEN LAMONGAN,JLN. ACMAD DAHLAN,LEBAR JALAN TIDAK MEMENUHI,0.0,KM,2025
592,5920,35,JAWA TIMUR,2025,KABUPATEN LAMONGAN,JLN. ACMAD DAHLAN,PANJANG JALAN,0.09,KM,2025
593,5921,35,JAWA TIMUR,2025,KABUPATEN LAMONGAN,JLN. SUNAN DRAJAD,BANGUNAN PELENGKAP,0.0,KM,2025
593,5922,35,JAWA TIMUR,2025,KABUPATEN LAMONGAN,JLN. SUNAN DRAJAD,KELANDAIAN MEMENUHI,0.0,KM,2025
593,5923,35,JAWA TIMUR,2025,KABUPATEN LAMONGAN,JLN. SUNAN DRAJAD,KELANDAIAN TIDAK MEMENUHI,0.0,KM,2025
593,5924,35,JAWA TIMUR,2025,KABUPATEN LAMONGAN,JLN. SUNAN DRAJAD,LEBAR BAHU KANAN MEMENUHI,0.69,KM,2025
593,5925,35,JAWA TIMUR,2025,KABUPATEN LAMONGAN,JLN. SUNAN DRAJAD,LEBAR BAHU KANAN TIDAK MEMENUHI,0.0,KM,2025
593,5926,35,JAWA TIMUR,2025,KABUPATEN LAMONGAN,JLN. SUNAN DRAJAD,LEBAR BAHU KIRI MEMENUHI,0.69,KM,2025
593,5927,35,JAWA TIMUR,2025,KABUPATEN LAMONGAN,JLN. SUNAN DRAJAD,LEBAR BAHU KIRI TIDAK MEMENUHI,0.0,KM,2025
593,5928,35,JAWA TIMUR,2025,KABUPATEN LAMONGAN,JLN. SUNAN DRAJAD,LEBAR JALAN MEMENUHI,0.69,KM,2025
593,5929,35,JAWA TIMUR,2025,KABUPATEN LAMONGAN,JLN. SUNAN DRAJAD,LEBAR JALAN TIDAK MEMENUHI,0.0,KM,2025
593,5930,35,JAWA TIMUR,2025,KABUPATEN LAMONGAN,JLN. SUNAN DRAJAD,PANJANG JALAN,0.69,KM,2025
594,5936,35,JAWA TIMUR,2025,KABUPATEN LAMONGAN,JLN. RAYA MANTUP (JLN. GAJAH MADA),LEBAR BAHU KIRI MEMENUHI,2.2,KM,2025
594,5931,35,JAWA TIMUR,2025,KABUPATEN LAMONGAN,JLN. RAYA MANTUP (JLN. GAJAH MADA),BANGUNAN PELENGKAP,0.0,KM,2025
594,5932,35,JAWA TIMUR,2025,KABUPATEN LAMONGAN,JLN. RAYA MANTUP (JLN. GAJAH MADA),KELANDAIAN MEMENUHI,0.0,KM,2025
594,5933,35,JAWA TIMUR,2025,KABUPATEN LAMONGAN,JLN. RAYA MANTUP (JLN. GAJAH MADA),KELANDAIAN TIDAK MEMENUHI,0.0,KM,2025
594,5934,35,JAWA TIMUR,2025,KABUPATEN LAMONGAN,JLN. RAYA MANTUP (JLN. GAJAH MADA),LEBAR BAHU KANAN MEMENUHI,2.2,KM,2025
594,5935,35,JAWA TIMUR,2025,KABUPATEN LAMONGAN,JLN. RAYA MANTUP (JLN. GAJAH MADA),LEBAR BAHU KANAN TIDAK MEMENUHI,0.0,KM,2025
594,5937,35,JAWA TIMUR,2025,KABUPATEN LAMONGAN,JLN. RAYA MANTUP (JLN. GAJAH MADA),LEBAR BAHU KIRI TIDAK MEMENUHI,0.0,KM,2025
594,5938,35,JAWA TIMUR,2025,KABUPATEN LAMONGAN,JLN. RAYA MANTUP (JLN. GAJAH MADA),LEBAR JALAN MEMENUHI,2.2,KM,2025
594,5939,35,JAWA TIMUR,2025,KABUPATEN LAMONGAN,JLN. RAYA MANTUP (JLN. GAJAH MADA),LEBAR JALAN TIDAK MEMENUHI,0.0,KM,2025
594,5940,35,JAWA TIMUR,2025,KABUPATEN LAMONGAN,JLN. RAYA MANTUP (JLN. GAJAH MADA),PANJANG JALAN,2.2,KM,2025
595,5950,35,JAWA TIMUR,2025,KABUPATEN LAMONGAN,BTS. KOTA LAMONGAN - BTS. KAB. MOJOKERTO,PANJANG JALAN,21.79,KM,2025
595,5942,35,JAWA TIMUR,2025,KABUPATEN LAMONGAN,BTS. KOTA LAMONGAN - BTS. KAB. MOJOKERTO,KELANDAIAN MEMENUHI,0.0,KM,2025
595,5943,35,JAWA TIMUR,2025,KABUPATEN LAMONGAN,BTS. KOTA LAMONGAN - BTS. KAB. MOJOKERTO,KELANDAIAN TIDAK MEMENUHI,0.0,KM,2025
595,5944,35,JAWA TIMUR,2025,KABUPATEN LAMONGAN,BTS. KOTA LAMONGAN - BTS. KAB. MOJOKERTO,LEBAR BAHU KANAN MEMENUHI,21.79,KM,2025
595,5945,35,JAWA TIMUR,2025,KABUPATEN LAMONGAN,BTS. KOTA LAMONGAN - BTS. KAB. MOJOKERTO,LEBAR BAHU KANAN TIDAK MEMENUHI,0.0,KM,2025
595,5946,35,JAWA TIMUR,2025,KABUPATEN LAMONGAN,BTS. KOTA LAMONGAN - BTS. KAB. MOJOKERTO,LEBAR BAHU KIRI MEMENUHI,21.79,KM,2025
595,5947,35,JAWA TIMUR,2025,KABUPATEN LAMONGAN,BTS. KOTA LAMONGAN - BTS. KAB. MOJOKERTO,LEBAR BAHU KIRI TIDAK MEMENUHI,0.0,KM,2025
595,5948,35,JAWA TIMUR,2025,KABUPATEN LAMONGAN,BTS. KOTA LAMONGAN - BTS. KAB. MOJOKERTO,LEBAR JALAN MEMENUHI,12.09,KM,2025
595,5941,35,JAWA TIMUR,2025,KABUPATEN LAMONGAN,BTS. KOTA LAMONGAN - BTS. KAB. MOJOKERTO,BANGUNAN PELENGKAP,0.0,KM,2025
595,5949,35,JAWA TIMUR,2025,KABUPATEN LAMONGAN,BTS. KOTA LAMONGAN - BTS. KAB. MOJOKERTO,LEBAR JALAN TIDAK MEMENUHI,9.7,KM,2025
596,5959,35,JAWA TIMUR,2025,KABUPATEN LAMONGAN,SUKODADI - SUMBERWUDI,LEBAR JALAN TIDAK MEMENUHI,10.98,KM,2025
596,5951,35,JAWA TIMUR,2025,KABUPATEN LAMONGAN,SUKODADI - SUMBERWUDI,BANGUNAN PELENGKAP,0.0,KM,2025
596,5952,35,JAWA TIMUR,2025,KABUPATEN LAMONGAN,SUKODADI - SUMBERWUDI,KELANDAIAN MEMENUHI,0.0,KM,2025
596,5953,35,JAWA TIMUR,2025,KABUPATEN LAMONGAN,SUKODADI - SUMBERWUDI,KELANDAIAN TIDAK MEMENUHI,0.0,KM,2025
596,5954,35,JAWA TIMUR,2025,KABUPATEN LAMONGAN,SUKODADI - SUMBERWUDI,LEBAR BAHU KANAN MEMENUHI,11.08,KM,2025
596,5955,35,JAWA TIMUR,2025,KABUPATEN LAMONGAN,SUKODADI - SUMBERWUDI,LEBAR BAHU KANAN TIDAK MEMENUHI,0.0,KM,2025
596,5956,35,JAWA TIMUR,2025,KABUPATEN LAMONGAN,SUKODADI - SUMBERWUDI,LEBAR BAHU KIRI MEMENUHI,11.08,KM,2025
596,5957,35,JAWA TIMUR,2025,KABUPATEN LAMONGAN,SUKODADI - SUMBERWUDI,LEBAR BAHU KIRI TIDAK MEMENUHI,0.0,KM,2025
596,5958,35,JAWA TIMUR,2025,KABUPATEN LAMONGAN,SUKODADI - SUMBERWUDI,LEBAR JALAN MEMENUHI,0.1,KM,2025
596,5960,35,JAWA TIMUR,2025,KABUPATEN LAMONGAN,SUKODADI - SUMBERWUDI,PANJANG JALAN,11.08,KM,2025
597,5963,35,JAWA TIMUR,2025,KABUPATEN LAMONGAN,SUMBERWUDI - KARANG GENENG,KELANDAIAN TIDAK MEMENUHI,0.0,KM,2025
597,5961,35,JAWA TIMUR,2025,KABUPATEN LAMONGAN,SUMBERWUDI - KARANG GENENG,BANGUNAN PELENGKAP,0.0,KM,2025
597,5962,35,JAWA TIMUR,2025,KABUPATEN LAMONGAN,SUMBERWUDI - KARANG GENENG,KELANDAIAN MEMENUHI,0.0,KM,2025
597,5964,35,JAWA TIMUR,2025,KABUPATEN LAMONGAN,SUMBERWUDI - KARANG GENENG,LEBAR BAHU KANAN MEMENUHI,2.4,KM,2025
597,5965,35,JAWA TIMUR,2025,KABUPATEN LAMONGAN,SUMBERWUDI - KARANG GENENG,LEBAR BAHU KANAN TIDAK MEMENUHI,0.0,KM,2025
597,5966,35,JAWA TIMUR,2025,KABUPATEN LAMONGAN,SUMBERWUDI - KARANG GENENG,LEBAR BAHU KIRI MEMENUHI,2.4,KM,2025
597,5967,35,JAWA TIMUR,2025,KABUPATEN LAMONGAN,SUMBERWUDI - KARANG GENENG,LEBAR BAHU KIRI TIDAK MEMENUHI,0.0,KM,2025
597,5968,35,JAWA TIMUR,2025,KABUPATEN LAMONGAN,SUMBERWUDI - KARANG GENENG,LEBAR JALAN MEMENUHI,0.0,KM,2025
597,5969,35,JAWA TIMUR,2025,KABUPATEN LAMONGAN,SUMBERWUDI - KARANG GENENG,LEBAR JALAN TIDAK MEMENUHI,2.4,KM,2025
597,5970,35,JAWA TIMUR,2025,KABUPATEN LAMONGAN,SUMBERWUDI - KARANG GENENG,PANJANG JALAN,2.4,KM,2025
598,5980,35,JAWA TIMUR,2025,KABUPATEN LAMONGAN,PETIYIN (BTS. KAB. GRESIK) - BANJARWATI,PANJANG JALAN,11.47,KM,2025
598,5971,35,JAWA TIMUR,2025,KABUPATEN LAMONGAN,PETIYIN (BTS. KAB. GRESIK) - BANJARWATI,BANGUNAN PELENGKAP,0.0,KM,2025
598,5972,35,JAWA TIMUR,2025,KABUPATEN LAMONGAN,PETIYIN (BTS. KAB. GRESIK) - BANJARWATI,KELANDAIAN MEMENUHI,0.0,KM,2025
598,5973,35,JAWA TIMUR,2025,KABUPATEN LAMONGAN,PETIYIN (BTS. KAB. GRESIK) - BANJARWATI,KELANDAIAN TIDAK MEMENUHI,0.0,KM,2025
598,5974,35,JAWA TIMUR,2025,KABUPATEN LAMONGAN,PETIYIN (BTS. KAB. GRESIK) - BANJARWATI,LEBAR BAHU KANAN MEMENUHI,11.47,KM,2025
598,5975,35,JAWA TIMUR,2025,KABUPATEN LAMONGAN,PETIYIN (BTS. KAB. GRESIK) - BANJARWATI,LEBAR BAHU KANAN TIDAK MEMENUHI,0.0,KM,2025
598,5976,35,JAWA TIMUR,2025,KABUPATEN LAMONGAN,PETIYIN (BTS. KAB. GRESIK) - BANJARWATI,LEBAR BAHU KIRI MEMENUHI,11.47,KM,2025
598,5977,35,JAWA TIMUR,2025,KABUPATEN LAMONGAN,PETIYIN (BTS. KAB. GRESIK) - BANJARWATI,LEBAR BAHU KIRI TIDAK MEMENUHI,0.0,KM,2025
598,5978,35,JAWA TIMUR,2025,KABUPATEN LAMONGAN,PETIYIN (BTS. KAB. GRESIK) - BANJARWATI,LEBAR JALAN MEMENUHI,6.0,KM,2025
598,5979,35,JAWA TIMUR,2025,KABUPATEN LAMONGAN,PETIYIN (BTS. KAB. GRESIK) - BANJARWATI,LEBAR JALAN TIDAK MEMENUHI,5.47,KM,2025
599,5989,35,JAWA TIMUR,2025,KABUPATEN GRESIK,BTS. KOTA SURABAYA - DRIYOREJO - LEGUNDI,LEBAR JALAN TIDAK MEMENUHI,0.0,KM,2025
599,5981,35,JAWA TIMUR,2025,KABUPATEN GRESIK,BTS. KOTA SURABAYA - DRIYOREJO - LEGUNDI,BANGUNAN PELENGKAP,0.0,KM,2025
599,5982,35,JAWA TIMUR,2025,KABUPATEN GRESIK,BTS. KOTA SURABAYA - DRIYOREJO - LEGUNDI,KELANDAIAN MEMENUHI,0.0,KM,2025
599,5983,35,JAWA TIMUR,2025,KABUPATEN GRESIK,BTS. KOTA SURABAYA - DRIYOREJO - LEGUNDI,KELANDAIAN TIDAK MEMENUHI,0.0,KM,2025
599,5984,35,JAWA TIMUR,2025,KABUPATEN GRESIK,BTS. KOTA SURABAYA - DRIYOREJO - LEGUNDI,LEBAR BAHU KANAN MEMENUHI,10.97,KM,2025
599,5985,35,JAWA TIMUR,2025,KABUPATEN GRESIK,BTS. KOTA SURABAYA - DRIYOREJO - LEGUNDI,LEBAR BAHU KANAN TIDAK MEMENUHI,0.4,KM,2025
599,5986,35,JAWA TIMUR,2025,KABUPATEN GRESIK,BTS. KOTA SURABAYA - DRIYOREJO - LEGUNDI,LEBAR BAHU KIRI MEMENUHI,10.37,KM,2025
599,5987,35,JAWA TIMUR,2025,KABUPATEN GRESIK,BTS. KOTA SURABAYA - DRIYOREJO - LEGUNDI,LEBAR BAHU KIRI TIDAK MEMENUHI,1.0,KM,2025
599,5988,35,JAWA TIMUR,2025,KABUPATEN GRESIK,BTS. KOTA SURABAYA - DRIYOREJO - LEGUNDI,LEBAR JALAN MEMENUHI,11.37,KM,2025
599,5990,35,JAWA TIMUR,2025,KABUPATEN GRESIK,BTS. KOTA SURABAYA - DRIYOREJO - LEGUNDI,PANJANG JALAN,11.37,KM,2025
600,5999,35,JAWA TIMUR,2025,KABUPATEN GRESIK,LEGUNDI - BTS. KAB. MOJOKERTO,LEBAR JALAN TIDAK MEMENUHI,0.0,KM,2025
600,5991,35,JAWA TIMUR,2025,KABUPATEN GRESIK,LEGUNDI - BTS. KAB. MOJOKERTO,BANGUNAN PELENGKAP,0.0,KM,2025
600,5992,35,JAWA TIMUR,2025,KABUPATEN GRESIK,LEGUNDI - BTS. KAB. MOJOKERTO,KELANDAIAN MEMENUHI,0.0,KM,2025
600,5996,35,JAWA TIMUR,2025,KABUPATEN GRESIK,LEGUNDI - BTS. KAB. MOJOKERTO,LEBAR BAHU KIRI MEMENUHI,8.71,KM,2025
600,5993,35,JAWA TIMUR,2025,KABUPATEN GRESIK,LEGUNDI - BTS. KAB. MOJOKERTO,KELANDAIAN TIDAK MEMENUHI,0.0,KM,2025
600,5994,35,JAWA TIMUR,2025,KABUPATEN GRESIK,LEGUNDI - BTS. KAB. MOJOKERTO,LEBAR BAHU KANAN MEMENUHI,7.51,KM,2025
600,5995,35,JAWA TIMUR,2025,KABUPATEN GRESIK,LEGUNDI - BTS. KAB. MOJOKERTO,LEBAR BAHU KANAN TIDAK MEMENUHI,2.2,KM,2025
600,5997,35,JAWA TIMUR,2025,KABUPATEN GRESIK,LEGUNDI - BTS. KAB. MOJOKERTO,LEBAR BAHU KIRI TIDAK MEMENUHI,1.0,KM,2025
600,5998,35,JAWA TIMUR,2025,KABUPATEN GRESIK,LEGUNDI - BTS. KAB. MOJOKERTO,LEBAR JALAN MEMENUHI,9.71,KM,2025
600,6000,35,JAWA TIMUR,2025,KABUPATEN GRESIK,LEGUNDI - BTS. KAB. MOJOKERTO,PANJANG JALAN,9.71,KM,2025
601,6006,35,JAWA TIMUR,2025,KABUPATEN GRESIK,KARANG GENENG (BTS. KAB. LAMONGAN) - PETIYIN (BTS. KAB.   GRESIK),LEBAR BAHU KIRI MEMENUHI,3.48,KM,2025
601,6001,35,JAWA TIMUR,2025,KABUPATEN GRESIK,KARANG GENENG (BTS. KAB. LAMONGAN) - PETIYIN (BTS. KAB.   GRESIK),BANGUNAN PELENGKAP,0.0,KM,2025
601,6002,35,JAWA TIMUR,2025,KABUPATEN GRESIK,KARANG GENENG (BTS. KAB. LAMONGAN) - PETIYIN (BTS. KAB.   GRESIK),KELANDAIAN MEMENUHI,0.0,KM,2025
601,6003,35,JAWA TIMUR,2025,KABUPATEN GRESIK,KARANG GENENG (BTS. KAB. LAMONGAN) - PETIYIN (BTS. KAB.   GRESIK),KELANDAIAN TIDAK MEMENUHI,0.0,KM,2025
601,6004,35,JAWA TIMUR,2025,KABUPATEN GRESIK,KARANG GENENG (BTS. KAB. LAMONGAN) - PETIYIN (BTS. KAB.   GRESIK),LEBAR BAHU KANAN MEMENUHI,3.48,KM,2025
601,6005,35,JAWA TIMUR,2025,KABUPATEN GRESIK,KARANG GENENG (BTS. KAB. LAMONGAN) - PETIYIN (BTS. KAB.   GRESIK),LEBAR BAHU KANAN TIDAK MEMENUHI,0.0,KM,2025
601,6007,35,JAWA TIMUR,2025,KABUPATEN GRESIK,KARANG GENENG (BTS. KAB. LAMONGAN) - PETIYIN (BTS. KAB.   GRESIK),LEBAR BAHU KIRI TIDAK MEMENUHI,0.0,KM,2025
601,6008,35,JAWA TIMUR,2025,KABUPATEN GRESIK,KARANG GENENG (BTS. KAB. LAMONGAN) - PETIYIN (BTS. KAB.   GRESIK),LEBAR JALAN MEMENUHI,0.0,KM,2025
601,6009,35,JAWA TIMUR,2025,KABUPATEN GRESIK,KARANG GENENG (BTS. KAB. LAMONGAN) - PETIYIN (BTS. KAB.   GRESIK),LEBAR JALAN TIDAK MEMENUHI,3.48,KM,2025
601,6010,35,JAWA TIMUR,2025,KABUPATEN GRESIK,KARANG GENENG (BTS. KAB. LAMONGAN) - PETIYIN (BTS. KAB.   GRESIK),PANJANG JALAN,3.48,KM,2025
602,6011,35,JAWA TIMUR,2025,KABUPATEN SAMPANG,JLN. KUSUMA BANGSA,BANGUNAN PELENGKAP,0.0,KM,2025
602,6012,35,JAWA TIMUR,2025,KABUPATEN SAMPANG,JLN. KUSUMA BANGSA,KELANDAIAN MEMENUHI,0.0,KM,2025
602,6013,35,JAWA TIMUR,2025,KABUPATEN SAMPANG,JLN. KUSUMA BANGSA,KELANDAIAN TIDAK MEMENUHI,0.0,KM,2025
602,6014,35,JAWA TIMUR,2025,KABUPATEN SAMPANG,JLN. KUSUMA BANGSA,LEBAR BAHU KANAN MEMENUHI,0.0,KM,2025
602,6015,35,JAWA TIMUR,2025,KABUPATEN SAMPANG,JLN. KUSUMA BANGSA,LEBAR BAHU KANAN TIDAK MEMENUHI,0.96,KM,2025
602,6016,35,JAWA TIMUR,2025,KABUPATEN SAMPANG,JLN. KUSUMA BANGSA,LEBAR BAHU KIRI MEMENUHI,0.0,KM,2025
602,6017,35,JAWA TIMUR,2025,KABUPATEN SAMPANG,JLN. KUSUMA BANGSA,LEBAR BAHU KIRI TIDAK MEMENUHI,0.96,KM,2025
602,6018,35,JAWA TIMUR,2025,KABUPATEN SAMPANG,JLN. KUSUMA BANGSA,LEBAR JALAN MEMENUHI,0.5,KM,2025
602,6019,35,JAWA TIMUR,2025,KABUPATEN SAMPANG,JLN. KUSUMA BANGSA,LEBAR JALAN TIDAK MEMENUHI,0.46,KM,2025
602,6020,35,JAWA TIMUR,2025,KABUPATEN SAMPANG,JLN. KUSUMA BANGSA,PANJANG JALAN,0.96,KM,2025
603,6021,35,JAWA TIMUR,2025,KABUPATEN SAMPANG,BTS. KOTA SAMPANG - KETAPANG,BANGUNAN PELENGKAP,0.0,KM,2025
603,6022,35,JAWA TIMUR,2025,KABUPATEN SAMPANG,BTS. KOTA SAMPANG - KETAPANG,KELANDAIAN MEMENUHI,0.0,KM,2025
603,6023,35,JAWA TIMUR,2025,KABUPATEN SAMPANG,BTS. KOTA SAMPANG - KETAPANG,KELANDAIAN TIDAK MEMENUHI,0.0,KM,2025
603,6024,35,JAWA TIMUR,2025,KABUPATEN SAMPANG,BTS. KOTA SAMPANG - KETAPANG,LEBAR BAHU KANAN MEMENUHI,37.31,KM,2025
603,6025,35,JAWA TIMUR,2025,KABUPATEN SAMPANG,BTS. KOTA SAMPANG - KETAPANG,LEBAR BAHU KANAN TIDAK MEMENUHI,0.0,KM,2025
603,6026,35,JAWA TIMUR,2025,KABUPATEN SAMPANG,BTS. KOTA SAMPANG - KETAPANG,LEBAR BAHU KIRI MEMENUHI,37.31,KM,2025
603,6027,35,JAWA TIMUR,2025,KABUPATEN SAMPANG,BTS. KOTA SAMPANG - KETAPANG,LEBAR BAHU KIRI TIDAK MEMENUHI,0.0,KM,2025
603,6028,35,JAWA TIMUR,2025,KABUPATEN SAMPANG,BTS. KOTA SAMPANG - KETAPANG,LEBAR JALAN MEMENUHI,0.0,KM,2025
603,6029,35,JAWA TIMUR,2025,KABUPATEN SAMPANG,BTS. KOTA SAMPANG - KETAPANG,LEBAR JALAN TIDAK MEMENUHI,37.31,KM,2025
603,6030,35,JAWA TIMUR,2025,KABUPATEN SAMPANG,BTS. KOTA SAMPANG - KETAPANG,PANJANG JALAN,37.31,KM,2025
604,6031,35,JAWA TIMUR,2025,KABUPATEN SAMPANG,JLN. IMAM BONJOL,BANGUNAN PELENGKAP,0.0,KM,2025
604,6032,35,JAWA TIMUR,2025,KABUPATEN SAMPANG,JLN. IMAM BONJOL,KELANDAIAN MEMENUHI,0.0,KM,2025
604,6033,35,JAWA TIMUR,2025,KABUPATEN SAMPANG,JLN. IMAM BONJOL,KELANDAIAN TIDAK MEMENUHI,0.0,KM,2025
604,6034,35,JAWA TIMUR,2025,KABUPATEN SAMPANG,JLN. IMAM BONJOL,LEBAR BAHU KANAN MEMENUHI,0.81,KM,2025
604,6035,35,JAWA TIMUR,2025,KABUPATEN SAMPANG,JLN. IMAM BONJOL,LEBAR BAHU KANAN TIDAK MEMENUHI,0.0,KM,2025
604,6036,35,JAWA TIMUR,2025,KABUPATEN SAMPANG,JLN. IMAM BONJOL,LEBAR BAHU KIRI MEMENUHI,0.0,KM,2025
604,6037,35,JAWA TIMUR,2025,KABUPATEN SAMPANG,JLN. IMAM BONJOL,LEBAR BAHU KIRI TIDAK MEMENUHI,0.81,KM,2025
604,6038,35,JAWA TIMUR,2025,KABUPATEN SAMPANG,JLN. IMAM BONJOL,LEBAR JALAN MEMENUHI,0.81,KM,2025
604,6039,35,JAWA TIMUR,2025,KABUPATEN SAMPANG,JLN. IMAM BONJOL,LEBAR JALAN TIDAK MEMENUHI,0.0,KM,2025
604,6040,35,JAWA TIMUR,2025,KABUPATEN SAMPANG,JLN. IMAM BONJOL,PANJANG JALAN,0.81,KM,2025
605,6041,35,JAWA TIMUR,2025,KABUPATEN SAMPANG,BTS. KOTA SAMPANG - OMBEN,BANGUNAN PELENGKAP,0.0,KM,2025
605,6042,35,JAWA TIMUR,2025,KABUPATEN SAMPANG,BTS. KOTA SAMPANG - OMBEN,KELANDAIAN MEMENUHI,0.0,KM,2025
605,6043,35,JAWA TIMUR,2025,KABUPATEN SAMPANG,BTS. KOTA SAMPANG - OMBEN,KELANDAIAN TIDAK MEMENUHI,0.0,KM,2025
605,6044,35,JAWA TIMUR,2025,KABUPATEN SAMPANG,BTS. KOTA SAMPANG - OMBEN,LEBAR BAHU KANAN MEMENUHI,11.81,KM,2025
605,6045,35,JAWA TIMUR,2025,KABUPATEN SAMPANG,BTS. KOTA SAMPANG - OMBEN,LEBAR BAHU KANAN TIDAK MEMENUHI,0.0,KM,2025
605,6046,35,JAWA TIMUR,2025,KABUPATEN SAMPANG,BTS. KOTA SAMPANG - OMBEN,LEBAR BAHU KIRI MEMENUHI,11.81,KM,2025
605,6047,35,JAWA TIMUR,2025,KABUPATEN SAMPANG,BTS. KOTA SAMPANG - OMBEN,LEBAR BAHU KIRI TIDAK MEMENUHI,0.0,KM,2025
605,6048,35,JAWA TIMUR,2025,KABUPATEN SAMPANG,BTS. KOTA SAMPANG - OMBEN,LEBAR JALAN MEMENUHI,0.0,KM,2025
605,6049,35,JAWA TIMUR,2025,KABUPATEN SAMPANG,BTS. KOTA SAMPANG - OMBEN,LEBAR JALAN TIDAK MEMENUHI,11.81,KM,2025
605,6050,35,JAWA TIMUR,2025,KABUPATEN SAMPANG,BTS. KOTA SAMPANG - OMBEN,PANJANG JALAN,11.81,KM,2025
606,6051,35,JAWA TIMUR,2025,KABUPATEN SAMPANG,OMBEN - BTS. KAB. PAMEKASAN,BANGUNAN PELENGKAP,0.0,KM,2025
606,6052,35,JAWA TIMUR,2025,KABUPATEN SAMPANG,OMBEN - BTS. KAB. PAMEKASAN,KELANDAIAN MEMENUHI,0.0,KM,2025
606,6053,35,JAWA TIMUR,2025,KABUPATEN SAMPANG,OMBEN - BTS. KAB. PAMEKASAN,KELANDAIAN TIDAK MEMENUHI,0.0,KM,2025
606,6054,35,JAWA TIMUR,2025,KABUPATEN SAMPANG,OMBEN - BTS. KAB. PAMEKASAN,LEBAR BAHU KANAN MEMENUHI,5.35,KM,2025
606,6055,35,JAWA TIMUR,2025,KABUPATEN SAMPANG,OMBEN - BTS. KAB. PAMEKASAN,LEBAR BAHU KANAN TIDAK MEMENUHI,0.0,KM,2025
606,6056,35,JAWA TIMUR,2025,KABUPATEN SAMPANG,OMBEN - BTS. KAB. PAMEKASAN,LEBAR BAHU KIRI MEMENUHI,5.35,KM,2025
606,6057,35,JAWA TIMUR,2025,KABUPATEN SAMPANG,OMBEN - BTS. KAB. PAMEKASAN,LEBAR BAHU KIRI TIDAK MEMENUHI,0.0,KM,2025
606,6058,35,JAWA TIMUR,2025,KABUPATEN SAMPANG,OMBEN - BTS. KAB. PAMEKASAN,LEBAR JALAN MEMENUHI,0.0,KM,2025
606,6059,35,JAWA TIMUR,2025,KABUPATEN SAMPANG,OMBEN - BTS. KAB. PAMEKASAN,LEBAR JALAN TIDAK MEMENUHI,5.35,KM,2025
606,6060,35,JAWA TIMUR,2025,KABUPATEN SAMPANG,OMBEN - BTS. KAB. PAMEKASAN,PANJANG JALAN,5.35,KM,2025
607,6061,35,JAWA TIMUR,2025,KABUPATEN SAMPANG,TORJUN - ROGUNG,BANGUNAN PELENGKAP,0.0,KM,2025
607,6062,35,JAWA TIMUR,2025,KABUPATEN SAMPANG,TORJUN - ROGUNG,KELANDAIAN MEMENUHI,0.0,KM,2025
607,6063,35,JAWA TIMUR,2025,KABUPATEN SAMPANG,TORJUN - ROGUNG,KELANDAIAN TIDAK MEMENUHI,0.0,KM,2025
607,6064,35,JAWA TIMUR,2025,KABUPATEN SAMPANG,TORJUN - ROGUNG,LEBAR BAHU KANAN MEMENUHI,5.06,KM,2025
607,6065,35,JAWA TIMUR,2025,KABUPATEN SAMPANG,TORJUN - ROGUNG,LEBAR BAHU KANAN TIDAK MEMENUHI,1.0,KM,2025
607,6066,35,JAWA TIMUR,2025,KABUPATEN SAMPANG,TORJUN - ROGUNG,LEBAR BAHU KIRI MEMENUHI,0.1,KM,2025
607,6067,35,JAWA TIMUR,2025,KABUPATEN SAMPANG,TORJUN - ROGUNG,LEBAR BAHU KIRI TIDAK MEMENUHI,5.96,KM,2025
607,6068,35,JAWA TIMUR,2025,KABUPATEN SAMPANG,TORJUN - ROGUNG,LEBAR JALAN MEMENUHI,4.96,KM,2025
607,6069,35,JAWA TIMUR,2025,KABUPATEN SAMPANG,TORJUN - ROGUNG,LEBAR JALAN TIDAK MEMENUHI,1.1,KM,2025
607,6070,35,JAWA TIMUR,2025,KABUPATEN SAMPANG,TORJUN - ROGUNG,PANJANG JALAN,6.06,KM,2025
608,6071,35,JAWA TIMUR,2025,KABUPATEN SAMPANG,ROGUNG - SAMPANG (SP3 JL. MANGKUBUMI),BANGUNAN PELENGKAP,0.0,KM,2025
608,6072,35,JAWA TIMUR,2025,KABUPATEN SAMPANG,ROGUNG - SAMPANG (SP3 JL. MANGKUBUMI),KELANDAIAN MEMENUHI,0.0,KM,2025
608,6073,35,JAWA TIMUR,2025,KABUPATEN SAMPANG,ROGUNG - SAMPANG (SP3 JL. MANGKUBUMI),KELANDAIAN TIDAK MEMENUHI,0.0,KM,2025
608,6074,35,JAWA TIMUR,2025,KABUPATEN SAMPANG,ROGUNG - SAMPANG (SP3 JL. MANGKUBUMI),LEBAR BAHU KANAN MEMENUHI,13.29,KM,2025
608,6075,35,JAWA TIMUR,2025,KABUPATEN SAMPANG,ROGUNG - SAMPANG (SP3 JL. MANGKUBUMI),LEBAR BAHU KANAN TIDAK MEMENUHI,0.0,KM,2025
608,6076,35,JAWA TIMUR,2025,KABUPATEN SAMPANG,ROGUNG - SAMPANG (SP3 JL. MANGKUBUMI),LEBAR BAHU KIRI MEMENUHI,13.29,KM,2025
608,6077,35,JAWA TIMUR,2025,KABUPATEN SAMPANG,ROGUNG - SAMPANG (SP3 JL. MANGKUBUMI),LEBAR BAHU KIRI TIDAK MEMENUHI,0.0,KM,2025
608,6078,35,JAWA TIMUR,2025,KABUPATEN SAMPANG,ROGUNG - SAMPANG (SP3 JL. MANGKUBUMI),LEBAR JALAN MEMENUHI,0.0,KM,2025
608,6079,35,JAWA TIMUR,2025,KABUPATEN SAMPANG,ROGUNG - SAMPANG (SP3 JL. MANGKUBUMI),LEBAR JALAN TIDAK MEMENUHI,13.29,KM,2025
608,6080,35,JAWA TIMUR,2025,KABUPATEN SAMPANG,ROGUNG - SAMPANG (SP3 JL. MANGKUBUMI),PANJANG JALAN,13.29,KM,2025
609,6081,35,JAWA TIMUR,2025,KABUPATEN SAMPANG,JLN. MANGKUBUMI,BANGUNAN PELENGKAP,0.0,KM,2025
609,6082,35,JAWA TIMUR,2025,KABUPATEN SAMPANG,JLN. MANGKUBUMI,KELANDAIAN MEMENUHI,0.0,KM,2025
609,6083,35,JAWA TIMUR,2025,KABUPATEN SAMPANG,JLN. MANGKUBUMI,KELANDAIAN TIDAK MEMENUHI,0.0,KM,2025
609,6084,35,JAWA TIMUR,2025,KABUPATEN SAMPANG,JLN. MANGKUBUMI,LEBAR BAHU KANAN MEMENUHI,0.0,KM,2025
609,6085,35,JAWA TIMUR,2025,KABUPATEN SAMPANG,JLN. MANGKUBUMI,LEBAR BAHU KANAN TIDAK MEMENUHI,0.32,KM,2025
609,6086,35,JAWA TIMUR,2025,KABUPATEN SAMPANG,JLN. MANGKUBUMI,LEBAR BAHU KIRI MEMENUHI,0.0,KM,2025
609,6087,35,JAWA TIMUR,2025,KABUPATEN SAMPANG,JLN. MANGKUBUMI,LEBAR BAHU KIRI TIDAK MEMENUHI,0.32,KM,2025
609,6088,35,JAWA TIMUR,2025,KABUPATEN SAMPANG,JLN. MANGKUBUMI,LEBAR JALAN MEMENUHI,0.1,KM,2025
609,6089,35,JAWA TIMUR,2025,KABUPATEN SAMPANG,JLN. MANGKUBUMI,LEBAR JALAN TIDAK MEMENUHI,0.22,KM,2025
609,6090,35,JAWA TIMUR,2025,KABUPATEN SAMPANG,JLN. MANGKUBUMI,PANJANG JALAN,0.32,KM,2025
610,6091,35,JAWA TIMUR,2025,KABUPATEN SAMPANG,JL. MAGBUL,BANGUNAN PELENGKAP,0.0,KM,2025
610,6092,35,JAWA TIMUR,2025,KABUPATEN SAMPANG,JL. MAGBUL,KELANDAIAN MEMENUHI,0.0,KM,2025
610,6093,35,JAWA TIMUR,2025,KABUPATEN SAMPANG,JL. MAGBUL,KELANDAIAN TIDAK MEMENUHI,0.0,KM,2025
610,6094,35,JAWA TIMUR,2025,KABUPATEN SAMPANG,JL. MAGBUL,LEBAR BAHU KANAN MEMENUHI,1.6,KM,2025
610,6095,35,JAWA TIMUR,2025,KABUPATEN SAMPANG,JL. MAGBUL,LEBAR BAHU KANAN TIDAK MEMENUHI,0.15,KM,2025
610,6096,35,JAWA TIMUR,2025,KABUPATEN SAMPANG,JL. MAGBUL,LEBAR BAHU KIRI MEMENUHI,1.75,KM,2025
610,6097,35,JAWA TIMUR,2025,KABUPATEN SAMPANG,JL. MAGBUL,LEBAR BAHU KIRI TIDAK MEMENUHI,0.0,KM,2025
610,6098,35,JAWA TIMUR,2025,KABUPATEN SAMPANG,JL. MAGBUL,LEBAR JALAN MEMENUHI,1.6,KM,2025
610,6099,35,JAWA TIMUR,2025,KABUPATEN SAMPANG,JL. MAGBUL,LEBAR JALAN TIDAK MEMENUHI,0.15,KM,2025
610,6100,35,JAWA TIMUR,2025,KABUPATEN SAMPANG,JL. MAGBUL,PANJANG JALAN,1.75,KM,2025
611,6101,35,JAWA TIMUR,2025,KABUPATEN PAMEKASAN,JLN. STADION,BANGUNAN PELENGKAP,0.0,KM,2025
611,6102,35,JAWA TIMUR,2025,KABUPATEN PAMEKASAN,JLN. STADION,KELANDAIAN MEMENUHI,0.0,KM,2025
611,6103,35,JAWA TIMUR,2025,KABUPATEN PAMEKASAN,JLN. STADION,KELANDAIAN TIDAK MEMENUHI,0.0,KM,2025
611,6104,35,JAWA TIMUR,2025,KABUPATEN PAMEKASAN,JLN. STADION,LEBAR BAHU KANAN MEMENUHI,0.31,KM,2025
611,6105,35,JAWA TIMUR,2025,KABUPATEN PAMEKASAN,JLN. STADION,LEBAR BAHU KANAN TIDAK MEMENUHI,0.9,KM,2025
611,6106,35,JAWA TIMUR,2025,KABUPATEN PAMEKASAN,JLN. STADION,LEBAR BAHU KIRI MEMENUHI,0.31,KM,2025
611,6107,35,JAWA TIMUR,2025,KABUPATEN PAMEKASAN,JLN. STADION,LEBAR BAHU KIRI TIDAK MEMENUHI,0.9,KM,2025
611,6108,35,JAWA TIMUR,2025,KABUPATEN PAMEKASAN,JLN. STADION,LEBAR JALAN MEMENUHI,1.21,KM,2025
611,6109,35,JAWA TIMUR,2025,KABUPATEN PAMEKASAN,JLN. STADION,LEBAR JALAN TIDAK MEMENUHI,0.0,KM,2025
611,6110,35,JAWA TIMUR,2025,KABUPATEN PAMEKASAN,JLN. STADION,PANJANG JALAN,1.21,KM,2025
612,6111,35,JAWA TIMUR,2025,KABUPATEN PAMEKASAN,JLN. RAYA NYALARAN,BANGUNAN PELENGKAP,0.0,KM,2025
612,6112,35,JAWA TIMUR,2025,KABUPATEN PAMEKASAN,JLN. RAYA NYALARAN,KELANDAIAN MEMENUHI,0.0,KM,2025
612,6113,35,JAWA TIMUR,2025,KABUPATEN PAMEKASAN,JLN. RAYA NYALARAN,KELANDAIAN TIDAK MEMENUHI,0.0,KM,2025
612,6114,35,JAWA TIMUR,2025,KABUPATEN PAMEKASAN,JLN. RAYA NYALARAN,LEBAR BAHU KANAN MEMENUHI,1.56,KM,2025
612,6115,35,JAWA TIMUR,2025,KABUPATEN PAMEKASAN,JLN. RAYA NYALARAN,LEBAR BAHU KANAN TIDAK MEMENUHI,0.0,KM,2025
612,6116,35,JAWA TIMUR,2025,KABUPATEN PAMEKASAN,JLN. RAYA NYALARAN,LEBAR BAHU KIRI MEMENUHI,1.56,KM,2025
612,6117,35,JAWA TIMUR,2025,KABUPATEN PAMEKASAN,JLN. RAYA NYALARAN,LEBAR BAHU KIRI TIDAK MEMENUHI,0.0,KM,2025
612,6118,35,JAWA TIMUR,2025,KABUPATEN PAMEKASAN,JLN. RAYA NYALARAN,LEBAR JALAN MEMENUHI,1.06,KM,2025
612,6119,35,JAWA TIMUR,2025,KABUPATEN PAMEKASAN,JLN. RAYA NYALARAN,LEBAR JALAN TIDAK MEMENUHI,0.5,KM,2025
612,6120,35,JAWA TIMUR,2025,KABUPATEN PAMEKASAN,JLN. RAYA NYALARAN,PANJANG JALAN,1.56,KM,2025
613,6121,35,JAWA TIMUR,2025,KABUPATEN PAMEKASAN,JLN. RAYA BLUMBUNGAN,BANGUNAN PELENGKAP,0.0,KM,2025
613,6122,35,JAWA TIMUR,2025,KABUPATEN PAMEKASAN,JLN. RAYA BLUMBUNGAN,KELANDAIAN MEMENUHI,0.0,KM,2025
613,6123,35,JAWA TIMUR,2025,KABUPATEN PAMEKASAN,JLN. RAYA BLUMBUNGAN,KELANDAIAN TIDAK MEMENUHI,0.0,KM,2025
613,6124,35,JAWA TIMUR,2025,KABUPATEN PAMEKASAN,JLN. RAYA BLUMBUNGAN,LEBAR BAHU KANAN MEMENUHI,2.43,KM,2025
613,6125,35,JAWA TIMUR,2025,KABUPATEN PAMEKASAN,JLN. RAYA BLUMBUNGAN,LEBAR BAHU KANAN TIDAK MEMENUHI,0.0,KM,2025
613,6126,35,JAWA TIMUR,2025,KABUPATEN PAMEKASAN,JLN. RAYA BLUMBUNGAN,LEBAR BAHU KIRI MEMENUHI,2.43,KM,2025
613,6127,35,JAWA TIMUR,2025,KABUPATEN PAMEKASAN,JLN. RAYA BLUMBUNGAN,LEBAR BAHU KIRI TIDAK MEMENUHI,0.0,KM,2025
613,6128,35,JAWA TIMUR,2025,KABUPATEN PAMEKASAN,JLN. RAYA BLUMBUNGAN,LEBAR JALAN MEMENUHI,2.33,KM,2025
613,6129,35,JAWA TIMUR,2025,KABUPATEN PAMEKASAN,JLN. RAYA BLUMBUNGAN,LEBAR JALAN TIDAK MEMENUHI,0.1,KM,2025
613,6130,35,JAWA TIMUR,2025,KABUPATEN PAMEKASAN,JLN. RAYA BLUMBUNGAN,PANJANG JALAN,2.43,KM,2025
614,6131,35,JAWA TIMUR,2025,KABUPATEN PAMEKASAN,BTS. KOTA PAMEKASAN - SOTABAR,BANGUNAN PELENGKAP,0.0,KM,2025
614,6132,35,JAWA TIMUR,2025,KABUPATEN PAMEKASAN,BTS. KOTA PAMEKASAN - SOTABAR,KELANDAIAN MEMENUHI,0.0,KM,2025
614,6133,35,JAWA TIMUR,2025,KABUPATEN PAMEKASAN,BTS. KOTA PAMEKASAN - SOTABAR,KELANDAIAN TIDAK MEMENUHI,0.0,KM,2025
614,6134,35,JAWA TIMUR,2025,KABUPATEN PAMEKASAN,BTS. KOTA PAMEKASAN - SOTABAR,LEBAR BAHU KANAN MEMENUHI,29.48,KM,2025
614,6135,35,JAWA TIMUR,2025,KABUPATEN PAMEKASAN,BTS. KOTA PAMEKASAN - SOTABAR,LEBAR BAHU KANAN TIDAK MEMENUHI,5.5,KM,2025
614,6136,35,JAWA TIMUR,2025,KABUPATEN PAMEKASAN,BTS. KOTA PAMEKASAN - SOTABAR,LEBAR BAHU KIRI MEMENUHI,29.48,KM,2025
614,6137,35,JAWA TIMUR,2025,KABUPATEN PAMEKASAN,BTS. KOTA PAMEKASAN - SOTABAR,LEBAR BAHU KIRI TIDAK MEMENUHI,5.5,KM,2025
614,6138,35,JAWA TIMUR,2025,KABUPATEN PAMEKASAN,BTS. KOTA PAMEKASAN - SOTABAR,LEBAR JALAN MEMENUHI,14.58,KM,2025
614,6139,35,JAWA TIMUR,2025,KABUPATEN PAMEKASAN,BTS. KOTA PAMEKASAN - SOTABAR,LEBAR JALAN TIDAK MEMENUHI,20.4,KM,2025
614,6140,35,JAWA TIMUR,2025,KABUPATEN PAMEKASAN,BTS. KOTA PAMEKASAN - SOTABAR,PANJANG JALAN,34.98,KM,2025
615,6141,35,JAWA TIMUR,2025,KABUPATEN PAMEKASAN,BTS. KAB. SAMPANG - BTS. KOTA PAMEKASAN,BANGUNAN PELENGKAP,0.0,KM,2025
615,6142,35,JAWA TIMUR,2025,KABUPATEN PAMEKASAN,BTS. KAB. SAMPANG - BTS. KOTA PAMEKASAN,KELANDAIAN MEMENUHI,0.0,KM,2025
615,6143,35,JAWA TIMUR,2025,KABUPATEN PAMEKASAN,BTS. KAB. SAMPANG - BTS. KOTA PAMEKASAN,KELANDAIAN TIDAK MEMENUHI,0.0,KM,2025
615,6144,35,JAWA TIMUR,2025,KABUPATEN PAMEKASAN,BTS. KAB. SAMPANG - BTS. KOTA PAMEKASAN,LEBAR BAHU KANAN MEMENUHI,10.83,KM,2025
615,6145,35,JAWA TIMUR,2025,KABUPATEN PAMEKASAN,BTS. KAB. SAMPANG - BTS. KOTA PAMEKASAN,LEBAR BAHU KANAN TIDAK MEMENUHI,0.0,KM,2025
615,6146,35,JAWA TIMUR,2025,KABUPATEN PAMEKASAN,BTS. KAB. SAMPANG - BTS. KOTA PAMEKASAN,LEBAR BAHU KIRI MEMENUHI,3.03,KM,2025
615,6147,35,JAWA TIMUR,2025,KABUPATEN PAMEKASAN,BTS. KAB. SAMPANG - BTS. KOTA PAMEKASAN,LEBAR BAHU KIRI TIDAK MEMENUHI,7.8,KM,2025
615,6148,35,JAWA TIMUR,2025,KABUPATEN PAMEKASAN,BTS. KAB. SAMPANG - BTS. KOTA PAMEKASAN,LEBAR JALAN MEMENUHI,0.2,KM,2025
615,6149,35,JAWA TIMUR,2025,KABUPATEN PAMEKASAN,BTS. KAB. SAMPANG - BTS. KOTA PAMEKASAN,LEBAR JALAN TIDAK MEMENUHI,10.63,KM,2025
615,6150,35,JAWA TIMUR,2025,KABUPATEN PAMEKASAN,BTS. KAB. SAMPANG - BTS. KOTA PAMEKASAN,PANJANG JALAN,10.83,KM,2025
616,6151,35,JAWA TIMUR,2025,KABUPATEN PAMEKASAN,JLN. RAYA PROPOH,BANGUNAN PELENGKAP,0.0,KM,2025
616,6152,35,JAWA TIMUR,2025,KABUPATEN PAMEKASAN,JLN. RAYA PROPOH,KELANDAIAN MEMENUHI,0.0,KM,2025
616,6153,35,JAWA TIMUR,2025,KABUPATEN PAMEKASAN,JLN. RAYA PROPOH,KELANDAIAN TIDAK MEMENUHI,0.0,KM,2025
616,6154,35,JAWA TIMUR,2025,KABUPATEN PAMEKASAN,JLN. RAYA PROPOH,LEBAR BAHU KANAN MEMENUHI,0.0,KM,2025
616,6155,35,JAWA TIMUR,2025,KABUPATEN PAMEKASAN,JLN. RAYA PROPOH,LEBAR BAHU KANAN TIDAK MEMENUHI,0.61,KM,2025
616,6156,35,JAWA TIMUR,2025,KABUPATEN PAMEKASAN,JLN. RAYA PROPOH,LEBAR BAHU KIRI MEMENUHI,0.0,KM,2025
616,6157,35,JAWA TIMUR,2025,KABUPATEN PAMEKASAN,JLN. RAYA PROPOH,LEBAR BAHU KIRI TIDAK MEMENUHI,0.61,KM,2025
616,6158,35,JAWA TIMUR,2025,KABUPATEN PAMEKASAN,JLN. RAYA PROPOH,LEBAR JALAN MEMENUHI,0.3,KM,2025
616,6159,35,JAWA TIMUR,2025,KABUPATEN PAMEKASAN,JLN. RAYA PROPOH,LEBAR JALAN TIDAK MEMENUHI,0.31,KM,2025
616,6160,35,JAWA TIMUR,2025,KABUPATEN PAMEKASAN,JLN. RAYA PROPOH,PANJANG JALAN,0.61,KM,2025
617,6161,35,JAWA TIMUR,2025,KABUPATEN PAMEKASAN,JLN. DIRGAHAYU,BANGUNAN PELENGKAP,0.0,KM,2025
617,6162,35,JAWA TIMUR,2025,KABUPATEN PAMEKASAN,JLN. DIRGAHAYU,KELANDAIAN MEMENUHI,0.0,KM,2025
617,6163,35,JAWA TIMUR,2025,KABUPATEN PAMEKASAN,JLN. DIRGAHAYU,KELANDAIAN TIDAK MEMENUHI,0.0,KM,2025
617,6164,35,JAWA TIMUR,2025,KABUPATEN PAMEKASAN,JLN. DIRGAHAYU,LEBAR BAHU KANAN MEMENUHI,0.0,KM,2025
617,6165,35,JAWA TIMUR,2025,KABUPATEN PAMEKASAN,JLN. DIRGAHAYU,LEBAR BAHU KANAN TIDAK MEMENUHI,1.79,KM,2025
617,6166,35,JAWA TIMUR,2025,KABUPATEN PAMEKASAN,JLN. DIRGAHAYU,LEBAR BAHU KIRI MEMENUHI,0.0,KM,2025
617,6167,35,JAWA TIMUR,2025,KABUPATEN PAMEKASAN,JLN. DIRGAHAYU,LEBAR BAHU KIRI TIDAK MEMENUHI,1.79,KM,2025
617,6168,35,JAWA TIMUR,2025,KABUPATEN PAMEKASAN,JLN. DIRGAHAYU,LEBAR JALAN MEMENUHI,1.59,KM,2025
617,6169,35,JAWA TIMUR,2025,KABUPATEN PAMEKASAN,JLN. DIRGAHAYU,LEBAR JALAN TIDAK MEMENUHI,0.2,KM,2025
617,6170,35,JAWA TIMUR,2025,KABUPATEN PAMEKASAN,JLN. DIRGAHAYU,PANJANG JALAN,1.79,KM,2025
618,6171,35,JAWA TIMUR,2025,KABUPATEN PAMEKASAN,JLN. PINTU GERBANG,BANGUNAN PELENGKAP,0.0,KM,2025
618,6172,35,JAWA TIMUR,2025,KABUPATEN PAMEKASAN,JLN. PINTU GERBANG,KELANDAIAN MEMENUHI,0.0,KM,2025
618,6173,35,JAWA TIMUR,2025,KABUPATEN PAMEKASAN,JLN. PINTU GERBANG,KELANDAIAN TIDAK MEMENUHI,0.0,KM,2025
618,6174,35,JAWA TIMUR,2025,KABUPATEN PAMEKASAN,JLN. PINTU GERBANG,LEBAR BAHU KANAN MEMENUHI,0.0,KM,2025
618,6175,35,JAWA TIMUR,2025,KABUPATEN PAMEKASAN,JLN. PINTU GERBANG,LEBAR BAHU KANAN TIDAK MEMENUHI,0.26,KM,2025
618,6176,35,JAWA TIMUR,2025,KABUPATEN PAMEKASAN,JLN. PINTU GERBANG,LEBAR BAHU KIRI MEMENUHI,0.0,KM,2025
618,6177,35,JAWA TIMUR,2025,KABUPATEN PAMEKASAN,JLN. PINTU GERBANG,LEBAR BAHU KIRI TIDAK MEMENUHI,0.26,KM,2025
618,6178,35,JAWA TIMUR,2025,KABUPATEN PAMEKASAN,JLN. PINTU GERBANG,LEBAR JALAN MEMENUHI,0.26,KM,2025
618,6179,35,JAWA TIMUR,2025,KABUPATEN PAMEKASAN,JLN. PINTU GERBANG,LEBAR JALAN TIDAK MEMENUHI,0.0,KM,2025
618,6180,35,JAWA TIMUR,2025,KABUPATEN PAMEKASAN,JLN. PINTU GERBANG,PANJANG JALAN,0.26,KM,2025
619,6181,35,JAWA TIMUR,2025,KABUPATEN PAMEKASAN,JLN. KABUPATEN,BANGUNAN PELENGKAP,0.0,KM,2025
619,6182,35,JAWA TIMUR,2025,KABUPATEN PAMEKASAN,JLN. KABUPATEN,KELANDAIAN MEMENUHI,0.0,KM,2025
619,6183,35,JAWA TIMUR,2025,KABUPATEN PAMEKASAN,JLN. KABUPATEN,KELANDAIAN TIDAK MEMENUHI,0.0,KM,2025
619,6184,35,JAWA TIMUR,2025,KABUPATEN PAMEKASAN,JLN. KABUPATEN,LEBAR BAHU KANAN MEMENUHI,0.0,KM,2025
619,6185,35,JAWA TIMUR,2025,KABUPATEN PAMEKASAN,JLN. KABUPATEN,LEBAR BAHU KANAN TIDAK MEMENUHI,0.41,KM,2025
619,6186,35,JAWA TIMUR,2025,KABUPATEN PAMEKASAN,JLN. KABUPATEN,LEBAR BAHU KIRI MEMENUHI,0.0,KM,2025
619,6187,35,JAWA TIMUR,2025,KABUPATEN PAMEKASAN,JLN. KABUPATEN,LEBAR BAHU KIRI TIDAK MEMENUHI,0.41,KM,2025
619,6188,35,JAWA TIMUR,2025,KABUPATEN PAMEKASAN,JLN. KABUPATEN,LEBAR JALAN MEMENUHI,0.41,KM,2025
619,6189,35,JAWA TIMUR,2025,KABUPATEN PAMEKASAN,JLN. KABUPATEN,LEBAR JALAN TIDAK MEMENUHI,0.0,KM,2025
619,6190,35,JAWA TIMUR,2025,KABUPATEN PAMEKASAN,JLN. KABUPATEN,PANJANG JALAN,0.41,KM,2025
620,6191,35,JAWA TIMUR,2025,KABUPATEN PAMEKASAN,JLN. DIPONEGORO,BANGUNAN PELENGKAP,0.0,KM,2025
620,6192,35,JAWA TIMUR,2025,KABUPATEN PAMEKASAN,JLN. DIPONEGORO,KELANDAIAN MEMENUHI,0.0,KM,2025
620,6193,35,JAWA TIMUR,2025,KABUPATEN PAMEKASAN,JLN. DIPONEGORO,KELANDAIAN TIDAK MEMENUHI,0.0,KM,2025
620,6194,35,JAWA TIMUR,2025,KABUPATEN PAMEKASAN,JLN. DIPONEGORO,LEBAR BAHU KANAN MEMENUHI,0.0,KM,2025
620,6195,35,JAWA TIMUR,2025,KABUPATEN PAMEKASAN,JLN. DIPONEGORO,LEBAR BAHU KANAN TIDAK MEMENUHI,0.46,KM,2025
620,6196,35,JAWA TIMUR,2025,KABUPATEN PAMEKASAN,JLN. DIPONEGORO,LEBAR BAHU KIRI MEMENUHI,0.0,KM,2025
620,6197,35,JAWA TIMUR,2025,KABUPATEN PAMEKASAN,JLN. DIPONEGORO,LEBAR BAHU KIRI TIDAK MEMENUHI,0.46,KM,2025
620,6198,35,JAWA TIMUR,2025,KABUPATEN PAMEKASAN,JLN. DIPONEGORO,LEBAR JALAN MEMENUHI,0.46,KM,2025
620,6199,35,JAWA TIMUR,2025,KABUPATEN PAMEKASAN,JLN. DIPONEGORO,LEBAR JALAN TIDAK MEMENUHI,0.0,KM,2025
620,6200,35,JAWA TIMUR,2025,KABUPATEN PAMEKASAN,JLN. DIPONEGORO,PANJANG JALAN,0.46,KM,2025
621,6201,35,JAWA TIMUR,2025,KABUPATEN SUMENEP,JLN. IMAM BONJOL,BANGUNAN PELENGKAP,0.0,KM,2025
621,6202,35,JAWA TIMUR,2025,KABUPATEN SUMENEP,JLN. IMAM BONJOL,KELANDAIAN MEMENUHI,0.0,KM,2025
621,6203,35,JAWA TIMUR,2025,KABUPATEN SUMENEP,JLN. IMAM BONJOL,KELANDAIAN TIDAK MEMENUHI,0.0,KM,2025
621,6204,35,JAWA TIMUR,2025,KABUPATEN SUMENEP,JLN. IMAM BONJOL,LEBAR BAHU KANAN MEMENUHI,0.0,KM,2025
621,6205,35,JAWA TIMUR,2025,KABUPATEN SUMENEP,JLN. IMAM BONJOL,LEBAR BAHU KANAN TIDAK MEMENUHI,0.54,KM,2025
621,6206,35,JAWA TIMUR,2025,KABUPATEN SUMENEP,JLN. IMAM BONJOL,LEBAR BAHU KIRI MEMENUHI,0.0,KM,2025
621,6207,35,JAWA TIMUR,2025,KABUPATEN SUMENEP,JLN. IMAM BONJOL,LEBAR BAHU KIRI TIDAK MEMENUHI,0.54,KM,2025
621,6208,35,JAWA TIMUR,2025,KABUPATEN SUMENEP,JLN. IMAM BONJOL,LEBAR JALAN MEMENUHI,0.54,KM,2025
621,6209,35,JAWA TIMUR,2025,KABUPATEN SUMENEP,JLN. IMAM BONJOL,LEBAR JALAN TIDAK MEMENUHI,0.0,KM,2025
621,6210,35,JAWA TIMUR,2025,KABUPATEN SUMENEP,JLN. IMAM BONJOL,PANJANG JALAN,0.54,KM,2025
622,6211,35,JAWA TIMUR,2025,KABUPATEN SUMENEP,JLN. RAYA GAPURA,BANGUNAN PELENGKAP,0.0,KM,2025
622,6212,35,JAWA TIMUR,2025,KABUPATEN SUMENEP,JLN. RAYA GAPURA,KELANDAIAN MEMENUHI,0.0,KM,2025
622,6213,35,JAWA TIMUR,2025,KABUPATEN SUMENEP,JLN. RAYA GAPURA,KELANDAIAN TIDAK MEMENUHI,0.0,KM,2025
622,6214,35,JAWA TIMUR,2025,KABUPATEN SUMENEP,JLN. RAYA GAPURA,LEBAR BAHU KANAN MEMENUHI,0.8,KM,2025
622,6215,35,JAWA TIMUR,2025,KABUPATEN SUMENEP,JLN. RAYA GAPURA,LEBAR BAHU KANAN TIDAK MEMENUHI,0.37,KM,2025
622,6216,35,JAWA TIMUR,2025,KABUPATEN SUMENEP,JLN. RAYA GAPURA,LEBAR BAHU KIRI MEMENUHI,0.17,KM,2025
622,6217,35,JAWA TIMUR,2025,KABUPATEN SUMENEP,JLN. RAYA GAPURA,LEBAR BAHU KIRI TIDAK MEMENUHI,1.0,KM,2025
622,6218,35,JAWA TIMUR,2025,KABUPATEN SUMENEP,JLN. RAYA GAPURA,LEBAR JALAN MEMENUHI,0.37,KM,2025
622,6219,35,JAWA TIMUR,2025,KABUPATEN SUMENEP,JLN. RAYA GAPURA,LEBAR JALAN TIDAK MEMENUHI,0.8,KM,2025
622,6220,35,JAWA TIMUR,2025,KABUPATEN SUMENEP,JLN. RAYA GAPURA,PANJANG JALAN,1.17,KM,2025
623,6221,35,JAWA TIMUR,2025,KABUPATEN SUMENEP,BTS. KOTA SUMENEP - PANTAI LUMBANG,BANGUNAN PELENGKAP,0.0,KM,2025
623,6222,35,JAWA TIMUR,2025,KABUPATEN SUMENEP,BTS. KOTA SUMENEP - PANTAI LUMBANG,KELANDAIAN MEMENUHI,0.0,KM,2025
623,6223,35,JAWA TIMUR,2025,KABUPATEN SUMENEP,BTS. KOTA SUMENEP - PANTAI LUMBANG,KELANDAIAN TIDAK MEMENUHI,0.0,KM,2025
623,6224,35,JAWA TIMUR,2025,KABUPATEN SUMENEP,BTS. KOTA SUMENEP - PANTAI LUMBANG,LEBAR BAHU KANAN MEMENUHI,20.4,KM,2025
623,6225,35,JAWA TIMUR,2025,KABUPATEN SUMENEP,BTS. KOTA SUMENEP - PANTAI LUMBANG,LEBAR BAHU KANAN TIDAK MEMENUHI,5.5,KM,2025
623,6226,35,JAWA TIMUR,2025,KABUPATEN SUMENEP,BTS. KOTA SUMENEP - PANTAI LUMBANG,LEBAR BAHU KIRI MEMENUHI,21.7,KM,2025
623,6227,35,JAWA TIMUR,2025,KABUPATEN SUMENEP,BTS. KOTA SUMENEP - PANTAI LUMBANG,LEBAR BAHU KIRI TIDAK MEMENUHI,4.2,KM,2025
623,6228,35,JAWA TIMUR,2025,KABUPATEN SUMENEP,BTS. KOTA SUMENEP - PANTAI LUMBANG,LEBAR JALAN MEMENUHI,1.4,KM,2025
623,6229,35,JAWA TIMUR,2025,KABUPATEN SUMENEP,BTS. KOTA SUMENEP - PANTAI LUMBANG,LEBAR JALAN TIDAK MEMENUHI,24.5,KM,2025
623,6230,35,JAWA TIMUR,2025,KABUPATEN SUMENEP,BTS. KOTA SUMENEP - PANTAI LUMBANG,PANJANG JALAN,25.9,KM,2025
624,6231,35,JAWA TIMUR,2025,KOTA KEDIRI,JLN. SERSAN BAHRUN,BANGUNAN PELENGKAP,0.0,KM,2025
624,6232,35,JAWA TIMUR,2025,KOTA KEDIRI,JLN. SERSAN BAHRUN,KELANDAIAN MEMENUHI,0.0,KM,2025
624,6233,35,JAWA TIMUR,2025,KOTA KEDIRI,JLN. SERSAN BAHRUN,KELANDAIAN TIDAK MEMENUHI,0.0,KM,2025
624,6234,35,JAWA TIMUR,2025,KOTA KEDIRI,JLN. SERSAN BAHRUN,LEBAR BAHU KANAN MEMENUHI,0.45,KM,2025
624,6235,35,JAWA TIMUR,2025,KOTA KEDIRI,JLN. SERSAN BAHRUN,LEBAR BAHU KANAN TIDAK MEMENUHI,0.3,KM,2025
624,6236,35,JAWA TIMUR,2025,KOTA KEDIRI,JLN. SERSAN BAHRUN,LEBAR BAHU KIRI MEMENUHI,0.0,KM,2025
624,6237,35,JAWA TIMUR,2025,KOTA KEDIRI,JLN. SERSAN BAHRUN,LEBAR BAHU KIRI TIDAK MEMENUHI,0.75,KM,2025
624,6238,35,JAWA TIMUR,2025,KOTA KEDIRI,JLN. SERSAN BAHRUN,LEBAR JALAN MEMENUHI,0.75,KM,2025
624,6239,35,JAWA TIMUR,2025,KOTA KEDIRI,JLN. SERSAN BAHRUN,LEBAR JALAN TIDAK MEMENUHI,0.0,KM,2025
624,6240,35,JAWA TIMUR,2025,KOTA KEDIRI,JLN. SERSAN BAHRUN,PANJANG JALAN,0.75,KM,2025
625,6241,35,JAWA TIMUR,2025,KOTA KEDIRI,JLN. GATOT SUBROTO,BANGUNAN PELENGKAP,0.0,KM,2025
625,6242,35,JAWA TIMUR,2025,KOTA KEDIRI,JLN. GATOT SUBROTO,KELANDAIAN MEMENUHI,0.0,KM,2025
625,6243,35,JAWA TIMUR,2025,KOTA KEDIRI,JLN. GATOT SUBROTO,KELANDAIAN TIDAK MEMENUHI,0.0,KM,2025
625,6244,35,JAWA TIMUR,2025,KOTA KEDIRI,JLN. GATOT SUBROTO,LEBAR BAHU KANAN MEMENUHI,0.0,KM,2025
625,6245,35,JAWA TIMUR,2025,KOTA KEDIRI,JLN. GATOT SUBROTO,LEBAR BAHU KANAN TIDAK MEMENUHI,1.3,KM,2025
625,6246,35,JAWA TIMUR,2025,KOTA KEDIRI,JLN. GATOT SUBROTO,LEBAR BAHU KIRI MEMENUHI,0.0,KM,2025
625,6247,35,JAWA TIMUR,2025,KOTA KEDIRI,JLN. GATOT SUBROTO,LEBAR BAHU KIRI TIDAK MEMENUHI,1.3,KM,2025
625,6248,35,JAWA TIMUR,2025,KOTA KEDIRI,JLN. GATOT SUBROTO,LEBAR JALAN MEMENUHI,1.3,KM,2025
625,6249,35,JAWA TIMUR,2025,KOTA KEDIRI,JLN. GATOT SUBROTO,LEBAR JALAN TIDAK MEMENUHI,0.0,KM,2025
625,6250,35,JAWA TIMUR,2025,KOTA KEDIRI,JLN. GATOT SUBROTO,PANJANG JALAN,1.3,KM,2025
626,6251,35,JAWA TIMUR,2025,KOTA KEDIRI,JLN. AHMAD DAHLAN,BANGUNAN PELENGKAP,0.0,KM,2025
626,6252,35,JAWA TIMUR,2025,KOTA KEDIRI,JLN. AHMAD DAHLAN,KELANDAIAN MEMENUHI,0.0,KM,2025
626,6253,35,JAWA TIMUR,2025,KOTA KEDIRI,JLN. AHMAD DAHLAN,KELANDAIAN TIDAK MEMENUHI,0.0,KM,2025
626,6254,35,JAWA TIMUR,2025,KOTA KEDIRI,JLN. AHMAD DAHLAN,LEBAR BAHU KANAN MEMENUHI,0.0,KM,2025
626,6255,35,JAWA TIMUR,2025,KOTA KEDIRI,JLN. AHMAD DAHLAN,LEBAR BAHU KANAN TIDAK MEMENUHI,0.33,KM,2025
626,6256,35,JAWA TIMUR,2025,KOTA KEDIRI,JLN. AHMAD DAHLAN,LEBAR BAHU KIRI MEMENUHI,0.0,KM,2025
626,6257,35,JAWA TIMUR,2025,KOTA KEDIRI,JLN. AHMAD DAHLAN,LEBAR BAHU KIRI TIDAK MEMENUHI,0.33,KM,2025
626,6258,35,JAWA TIMUR,2025,KOTA KEDIRI,JLN. AHMAD DAHLAN,LEBAR JALAN MEMENUHI,0.33,KM,2025
626,6259,35,JAWA TIMUR,2025,KOTA KEDIRI,JLN. AHMAD DAHLAN,LEBAR JALAN TIDAK MEMENUHI,0.0,KM,2025
626,6260,35,JAWA TIMUR,2025,KOTA KEDIRI,JLN. AHMAD DAHLAN,PANJANG JALAN,0.33,KM,2025
627,6261,35,JAWA TIMUR,2025,KOTA KEDIRI,JLN. KAPT. TENDEAN,BANGUNAN PELENGKAP,0.0,KM,2025
627,6262,35,JAWA TIMUR,2025,KOTA KEDIRI,JLN. KAPT. TENDEAN,KELANDAIAN MEMENUHI,0.0,KM,2025
627,6263,35,JAWA TIMUR,2025,KOTA KEDIRI,JLN. KAPT. TENDEAN,KELANDAIAN TIDAK MEMENUHI,0.0,KM,2025
627,6264,35,JAWA TIMUR,2025,KOTA KEDIRI,JLN. KAPT. TENDEAN,LEBAR BAHU KANAN MEMENUHI,2.45,KM,2025
627,6265,35,JAWA TIMUR,2025,KOTA KEDIRI,JLN. KAPT. TENDEAN,LEBAR BAHU KANAN TIDAK MEMENUHI,1.5,KM,2025
627,6266,35,JAWA TIMUR,2025,KOTA KEDIRI,JLN. KAPT. TENDEAN,LEBAR BAHU KIRI MEMENUHI,1.1,KM,2025
627,6267,35,JAWA TIMUR,2025,KOTA KEDIRI,JLN. KAPT. TENDEAN,LEBAR BAHU KIRI TIDAK MEMENUHI,2.85,KM,2025
627,6268,35,JAWA TIMUR,2025,KOTA KEDIRI,JLN. KAPT. TENDEAN,LEBAR JALAN MEMENUHI,2.4,KM,2025
627,6269,35,JAWA TIMUR,2025,KOTA KEDIRI,JLN. KAPT. TENDEAN,LEBAR JALAN TIDAK MEMENUHI,1.55,KM,2025
627,6270,35,JAWA TIMUR,2025,KOTA KEDIRI,JLN. KAPT. TENDEAN,PANJANG JALAN,3.95,KM,2025
628,6271,35,JAWA TIMUR,2025,KOTA KEDIRI,JLN. A. YANI,BANGUNAN PELENGKAP,0.0,KM,2025
628,6272,35,JAWA TIMUR,2025,KOTA KEDIRI,JLN. A. YANI,KELANDAIAN MEMENUHI,0.0,KM,2025
628,6273,35,JAWA TIMUR,2025,KOTA KEDIRI,JLN. A. YANI,KELANDAIAN TIDAK MEMENUHI,0.0,KM,2025
628,6274,35,JAWA TIMUR,2025,KOTA KEDIRI,JLN. A. YANI,LEBAR BAHU KANAN MEMENUHI,0.0,KM,2025
628,6275,35,JAWA TIMUR,2025,KOTA KEDIRI,JLN. A. YANI,LEBAR BAHU KANAN TIDAK MEMENUHI,1.1,KM,2025
628,6276,35,JAWA TIMUR,2025,KOTA KEDIRI,JLN. A. YANI,LEBAR BAHU KIRI MEMENUHI,0.0,KM,2025
628,6277,35,JAWA TIMUR,2025,KOTA KEDIRI,JLN. A. YANI,LEBAR BAHU KIRI TIDAK MEMENUHI,1.1,KM,2025
628,6278,35,JAWA TIMUR,2025,KOTA KEDIRI,JLN. A. YANI,LEBAR JALAN MEMENUHI,1.1,KM,2025
628,6279,35,JAWA TIMUR,2025,KOTA KEDIRI,JLN. A. YANI,LEBAR JALAN TIDAK MEMENUHI,0.0,KM,2025
628,6280,35,JAWA TIMUR,2025,KOTA KEDIRI,JLN. A. YANI,PANJANG JALAN,1.1,KM,2025
629,6281,35,JAWA TIMUR,2025,KOTA KEDIRI,JLN. MYJEN SUPRAPTO,BANGUNAN PELENGKAP,0.0,KM,2025
629,6282,35,JAWA TIMUR,2025,KOTA KEDIRI,JLN. MYJEN SUPRAPTO,KELANDAIAN MEMENUHI,0.0,KM,2025
629,6283,35,JAWA TIMUR,2025,KOTA KEDIRI,JLN. MYJEN SUPRAPTO,KELANDAIAN TIDAK MEMENUHI,0.0,KM,2025
629,6284,35,JAWA TIMUR,2025,KOTA KEDIRI,JLN. MYJEN SUPRAPTO,LEBAR BAHU KANAN MEMENUHI,0.59,KM,2025
629,6285,35,JAWA TIMUR,2025,KOTA KEDIRI,JLN. MYJEN SUPRAPTO,LEBAR BAHU KANAN TIDAK MEMENUHI,0.0,KM,2025
629,6286,35,JAWA TIMUR,2025,KOTA KEDIRI,JLN. MYJEN SUPRAPTO,LEBAR BAHU KIRI MEMENUHI,0.59,KM,2025
629,6287,35,JAWA TIMUR,2025,KOTA KEDIRI,JLN. MYJEN SUPRAPTO,LEBAR BAHU KIRI TIDAK MEMENUHI,0.0,KM,2025
629,6288,35,JAWA TIMUR,2025,KOTA KEDIRI,JLN. MYJEN SUPRAPTO,LEBAR JALAN MEMENUHI,0.59,KM,2025
629,6289,35,JAWA TIMUR,2025,KOTA KEDIRI,JLN. MYJEN SUPRAPTO,LEBAR JALAN TIDAK MEMENUHI,0.0,KM,2025
629,6290,35,JAWA TIMUR,2025,KOTA KEDIRI,JLN. MYJEN SUPRAPTO,PANJANG JALAN,0.59,KM,2025
630,6291,35,JAWA TIMUR,2025,KOTA KEDIRI,JLN. LETJEN SUTOYO,BANGUNAN PELENGKAP,0.0,KM,2025
630,6292,35,JAWA TIMUR,2025,KOTA KEDIRI,JLN. LETJEN SUTOYO,KELANDAIAN MEMENUHI,0.0,KM,2025
630,6293,35,JAWA TIMUR,2025,KOTA KEDIRI,JLN. LETJEN SUTOYO,KELANDAIAN TIDAK MEMENUHI,0.0,KM,2025
630,6294,35,JAWA TIMUR,2025,KOTA KEDIRI,JLN. LETJEN SUTOYO,LEBAR BAHU KANAN MEMENUHI,0.65,KM,2025
630,6295,35,JAWA TIMUR,2025,KOTA KEDIRI,JLN. LETJEN SUTOYO,LEBAR BAHU KANAN TIDAK MEMENUHI,0.0,KM,2025
630,6296,35,JAWA TIMUR,2025,KOTA KEDIRI,JLN. LETJEN SUTOYO,LEBAR BAHU KIRI MEMENUHI,0.65,KM,2025
630,6297,35,JAWA TIMUR,2025,KOTA KEDIRI,JLN. LETJEN SUTOYO,LEBAR BAHU KIRI TIDAK MEMENUHI,0.0,KM,2025
630,6298,35,JAWA TIMUR,2025,KOTA KEDIRI,JLN. LETJEN SUTOYO,LEBAR JALAN MEMENUHI,0.65,KM,2025
630,6299,35,JAWA TIMUR,2025,KOTA KEDIRI,JLN. LETJEN SUTOYO,LEBAR JALAN TIDAK MEMENUHI,0.0,KM,2025
630,6300,35,JAWA TIMUR,2025,KOTA KEDIRI,JLN. LETJEN SUTOYO,PANJANG JALAN,0.65,KM,2025
631,6301,35,JAWA TIMUR,2025,KOTA KEDIRI,JLN. DI. PANJAITAN,BANGUNAN PELENGKAP,0.0,KM,2025
631,6302,35,JAWA TIMUR,2025,KOTA KEDIRI,JLN. DI. PANJAITAN,KELANDAIAN MEMENUHI,0.0,KM,2025
631,6303,35,JAWA TIMUR,2025,KOTA KEDIRI,JLN. DI. PANJAITAN,KELANDAIAN TIDAK MEMENUHI,0.0,KM,2025
631,6304,35,JAWA TIMUR,2025,KOTA KEDIRI,JLN. DI. PANJAITAN,LEBAR BAHU KANAN MEMENUHI,0.4,KM,2025
631,6305,35,JAWA TIMUR,2025,KOTA KEDIRI,JLN. DI. PANJAITAN,LEBAR BAHU KANAN TIDAK MEMENUHI,0.0,KM,2025
631,6306,35,JAWA TIMUR,2025,KOTA KEDIRI,JLN. DI. PANJAITAN,LEBAR BAHU KIRI MEMENUHI,0.4,KM,2025
631,6307,35,JAWA TIMUR,2025,KOTA KEDIRI,JLN. DI. PANJAITAN,LEBAR BAHU KIRI TIDAK MEMENUHI,0.0,KM,2025
631,6308,35,JAWA TIMUR,2025,KOTA KEDIRI,JLN. DI. PANJAITAN,LEBAR JALAN MEMENUHI,0.4,KM,2025
631,6309,35,JAWA TIMUR,2025,KOTA KEDIRI,JLN. DI. PANJAITAN,LEBAR JALAN TIDAK MEMENUHI,0.0,KM,2025
631,6310,35,JAWA TIMUR,2025,KOTA KEDIRI,JLN. DI. PANJAITAN,PANJANG JALAN,0.4,KM,2025
632,6311,35,JAWA TIMUR,2025,KOTA BLITAR,JLN. TANJUNG,BANGUNAN PELENGKAP,0.0,KM,2025
632,6312,35,JAWA TIMUR,2025,KOTA BLITAR,JLN. TANJUNG,KELANDAIAN MEMENUHI,0.0,KM,2025
632,6313,35,JAWA TIMUR,2025,KOTA BLITAR,JLN. TANJUNG,KELANDAIAN TIDAK MEMENUHI,0.0,KM,2025
632,6314,35,JAWA TIMUR,2025,KOTA BLITAR,JLN. TANJUNG,LEBAR BAHU KANAN MEMENUHI,2.57,KM,2025
632,6315,35,JAWA TIMUR,2025,KOTA BLITAR,JLN. TANJUNG,LEBAR BAHU KANAN TIDAK MEMENUHI,0.0,KM,2025
632,6316,35,JAWA TIMUR,2025,KOTA BLITAR,JLN. TANJUNG,LEBAR BAHU KIRI MEMENUHI,2.57,KM,2025
632,6317,35,JAWA TIMUR,2025,KOTA BLITAR,JLN. TANJUNG,LEBAR BAHU KIRI TIDAK MEMENUHI,0.0,KM,2025
632,6318,35,JAWA TIMUR,2025,KOTA BLITAR,JLN. TANJUNG,LEBAR JALAN MEMENUHI,2.57,KM,2025
632,6319,35,JAWA TIMUR,2025,KOTA BLITAR,JLN. TANJUNG,LEBAR JALAN TIDAK MEMENUHI,0.0,KM,2025
632,6320,35,JAWA TIMUR,2025,KOTA BLITAR,JLN. TANJUNG,PANJANG JALAN,2.57,KM,2025
633,6321,35,JAWA TIMUR,2025,KOTA BLITAR,JLN. CEPAKA,BANGUNAN PELENGKAP,0.0,KM,2025
633,6322,35,JAWA TIMUR,2025,KOTA BLITAR,JLN. CEPAKA,KELANDAIAN MEMENUHI,0.0,KM,2025
633,6323,35,JAWA TIMUR,2025,KOTA BLITAR,JLN. CEPAKA,KELANDAIAN TIDAK MEMENUHI,0.0,KM,2025
633,6324,35,JAWA TIMUR,2025,KOTA BLITAR,JLN. CEPAKA,LEBAR BAHU KANAN MEMENUHI,0.38,KM,2025
633,6325,35,JAWA TIMUR,2025,KOTA BLITAR,JLN. CEPAKA,LEBAR BAHU KANAN TIDAK MEMENUHI,0.0,KM,2025
633,6326,35,JAWA TIMUR,2025,KOTA BLITAR,JLN. CEPAKA,LEBAR BAHU KIRI MEMENUHI,0.38,KM,2025
633,6327,35,JAWA TIMUR,2025,KOTA BLITAR,JLN. CEPAKA,LEBAR BAHU KIRI TIDAK MEMENUHI,0.0,KM,2025
633,6328,35,JAWA TIMUR,2025,KOTA BLITAR,JLN. CEPAKA,LEBAR JALAN MEMENUHI,0.38,KM,2025
633,6329,35,JAWA TIMUR,2025,KOTA BLITAR,JLN. CEPAKA,LEBAR JALAN TIDAK MEMENUHI,0.0,KM,2025
633,6330,35,JAWA TIMUR,2025,KOTA BLITAR,JLN. CEPAKA,PANJANG JALAN,0.38,KM,2025
634,6331,35,JAWA TIMUR,2025,KOTA BLITAR,JLN. CEMARA,BANGUNAN PELENGKAP,0.0,KM,2025
634,6332,35,JAWA TIMUR,2025,KOTA BLITAR,JLN. CEMARA,KELANDAIAN MEMENUHI,0.0,KM,2025
634,6333,35,JAWA TIMUR,2025,KOTA BLITAR,JLN. CEMARA,KELANDAIAN TIDAK MEMENUHI,0.0,KM,2025
634,6334,35,JAWA TIMUR,2025,KOTA BLITAR,JLN. CEMARA,LEBAR BAHU KANAN MEMENUHI,2.31,KM,2025
634,6335,35,JAWA TIMUR,2025,KOTA BLITAR,JLN. CEMARA,LEBAR BAHU KANAN TIDAK MEMENUHI,0.0,KM,2025
634,6336,35,JAWA TIMUR,2025,KOTA BLITAR,JLN. CEMARA,LEBAR BAHU KIRI MEMENUHI,2.31,KM,2025
634,6337,35,JAWA TIMUR,2025,KOTA BLITAR,JLN. CEMARA,LEBAR BAHU KIRI TIDAK MEMENUHI,0.0,KM,2025
634,6338,35,JAWA TIMUR,2025,KOTA BLITAR,JLN. CEMARA,LEBAR JALAN MEMENUHI,0.51,KM,2025
634,6339,35,JAWA TIMUR,2025,KOTA BLITAR,JLN. CEMARA,LEBAR JALAN TIDAK MEMENUHI,1.8,KM,2025
634,6340,35,JAWA TIMUR,2025,KOTA BLITAR,JLN. CEMARA,PANJANG JALAN,2.31,KM,2025
635,6341,35,JAWA TIMUR,2025,KOTA MALANG,JLN. TLOGO MAS,BANGUNAN PELENGKAP,0.0,KM,2025
635,6342,35,JAWA TIMUR,2025,KOTA MALANG,JLN. TLOGO MAS,KELANDAIAN MEMENUHI,0.0,KM,2025
635,6343,35,JAWA TIMUR,2025,KOTA MALANG,JLN. TLOGO MAS,KELANDAIAN TIDAK MEMENUHI,0.0,KM,2025
635,6344,35,JAWA TIMUR,2025,KOTA MALANG,JLN. TLOGO MAS,LEBAR BAHU KANAN MEMENUHI,1.2,KM,2025
635,6345,35,JAWA TIMUR,2025,KOTA MALANG,JLN. TLOGO MAS,LEBAR BAHU KANAN TIDAK MEMENUHI,1.07,KM,2025
635,6346,35,JAWA TIMUR,2025,KOTA MALANG,JLN. TLOGO MAS,LEBAR BAHU KIRI MEMENUHI,1.97,KM,2025
635,6347,35,JAWA TIMUR,2025,KOTA MALANG,JLN. TLOGO MAS,LEBAR BAHU KIRI TIDAK MEMENUHI,0.3,KM,2025
635,6348,35,JAWA TIMUR,2025,KOTA MALANG,JLN. TLOGO MAS,LEBAR JALAN MEMENUHI,2.27,KM,2025
635,6349,35,JAWA TIMUR,2025,KOTA MALANG,JLN. TLOGO MAS,LEBAR JALAN TIDAK MEMENUHI,0.0,KM,2025
635,6350,35,JAWA TIMUR,2025,KOTA MALANG,JLN. TLOGO MAS,PANJANG JALAN,2.27,KM,2025
636,6351,35,JAWA TIMUR,2025,KOTA MALANG,JLN. MAYJEN. HARIYONO,BANGUNAN PELENGKAP,0.0,KM,2025
636,6352,35,JAWA TIMUR,2025,KOTA MALANG,JLN. MAYJEN. HARIYONO,KELANDAIAN MEMENUHI,0.0,KM,2025
636,6353,35,JAWA TIMUR,2025,KOTA MALANG,JLN. MAYJEN. HARIYONO,KELANDAIAN TIDAK MEMENUHI,0.0,KM,2025
636,6354,35,JAWA TIMUR,2025,KOTA MALANG,JLN. MAYJEN. HARIYONO,LEBAR BAHU KANAN MEMENUHI,0.4,KM,2025
636,6355,35,JAWA TIMUR,2025,KOTA MALANG,JLN. MAYJEN. HARIYONO,LEBAR BAHU KANAN TIDAK MEMENUHI,1.5,KM,2025
636,6356,35,JAWA TIMUR,2025,KOTA MALANG,JLN. MAYJEN. HARIYONO,LEBAR BAHU KIRI MEMENUHI,0.0,KM,2025
636,6357,35,JAWA TIMUR,2025,KOTA MALANG,JLN. MAYJEN. HARIYONO,LEBAR BAHU KIRI TIDAK MEMENUHI,1.9,KM,2025
636,6358,35,JAWA TIMUR,2025,KOTA MALANG,JLN. MAYJEN. HARIYONO,LEBAR JALAN MEMENUHI,1.9,KM,2025
636,6359,35,JAWA TIMUR,2025,KOTA MALANG,JLN. MAYJEN. HARIYONO,LEBAR JALAN TIDAK MEMENUHI,0.0,KM,2025
636,6360,35,JAWA TIMUR,2025,KOTA MALANG,JLN. MAYJEN. HARIYONO,PANJANG JALAN,1.9,KM,2025
637,6361,35,JAWA TIMUR,2025,KOTA MALANG,JLN. SUKARNO - HATTA,BANGUNAN PELENGKAP,0.0,KM,2025
637,6362,35,JAWA TIMUR,2025,KOTA MALANG,JLN. SUKARNO - HATTA,KELANDAIAN MEMENUHI,0.0,KM,2025
637,6363,35,JAWA TIMUR,2025,KOTA MALANG,JLN. SUKARNO - HATTA,KELANDAIAN TIDAK MEMENUHI,0.0,KM,2025
637,6364,35,JAWA TIMUR,2025,KOTA MALANG,JLN. SUKARNO - HATTA,LEBAR BAHU KANAN MEMENUHI,0.3,KM,2025
637,6365,35,JAWA TIMUR,2025,KOTA MALANG,JLN. SUKARNO - HATTA,LEBAR BAHU KANAN TIDAK MEMENUHI,2.37,KM,2025
637,6366,35,JAWA TIMUR,2025,KOTA MALANG,JLN. SUKARNO - HATTA,LEBAR BAHU KIRI MEMENUHI,0.1,KM,2025
637,6367,35,JAWA TIMUR,2025,KOTA MALANG,JLN. SUKARNO - HATTA,LEBAR BAHU KIRI TIDAK MEMENUHI,2.57,KM,2025
637,6368,35,JAWA TIMUR,2025,KOTA MALANG,JLN. SUKARNO - HATTA,LEBAR JALAN MEMENUHI,2.66,KM,2025
637,6369,35,JAWA TIMUR,2025,KOTA MALANG,JLN. SUKARNO - HATTA,LEBAR JALAN TIDAK MEMENUHI,0.0,KM,2025
637,6370,35,JAWA TIMUR,2025,KOTA MALANG,JLN. SUKARNO - HATTA,PANJANG JALAN,2.67,KM,2025
638,6371,35,JAWA TIMUR,2025,KOTA MALANG,JLN. BOROBUDUR,BANGUNAN PELENGKAP,0.0,KM,2025
638,6372,35,JAWA TIMUR,2025,KOTA MALANG,JLN. BOROBUDUR,KELANDAIAN MEMENUHI,0.0,KM,2025
638,6373,35,JAWA TIMUR,2025,KOTA MALANG,JLN. BOROBUDUR,KELANDAIAN TIDAK MEMENUHI,0.0,KM,2025
638,6374,35,JAWA TIMUR,2025,KOTA MALANG,JLN. BOROBUDUR,LEBAR BAHU KANAN MEMENUHI,0.0,KM,2025
638,6375,35,JAWA TIMUR,2025,KOTA MALANG,JLN. BOROBUDUR,LEBAR BAHU KANAN TIDAK MEMENUHI,1.09,KM,2025
638,6376,35,JAWA TIMUR,2025,KOTA MALANG,JLN. BOROBUDUR,LEBAR BAHU KIRI MEMENUHI,0.0,KM,2025
638,6377,35,JAWA TIMUR,2025,KOTA MALANG,JLN. BOROBUDUR,LEBAR BAHU KIRI TIDAK MEMENUHI,1.09,KM,2025
638,6378,35,JAWA TIMUR,2025,KOTA MALANG,JLN. BOROBUDUR,LEBAR JALAN MEMENUHI,1.09,KM,2025
638,6379,35,JAWA TIMUR,2025,KOTA MALANG,JLN. BOROBUDUR,LEBAR JALAN TIDAK MEMENUHI,0.0,KM,2025
638,6380,35,JAWA TIMUR,2025,KOTA MALANG,JLN. BOROBUDUR,PANJANG JALAN,1.09,KM,2025
639,6381,35,JAWA TIMUR,2025,KOTA MALANG,JLN. A. YANI,BANGUNAN PELENGKAP,0.0,KM,2025
639,6382,35,JAWA TIMUR,2025,KOTA MALANG,JLN. A. YANI,KELANDAIAN MEMENUHI,0.0,KM,2025
639,6383,35,JAWA TIMUR,2025,KOTA MALANG,JLN. A. YANI,KELANDAIAN TIDAK MEMENUHI,0.0,KM,2025
639,6384,35,JAWA TIMUR,2025,KOTA MALANG,JLN. A. YANI,LEBAR BAHU KANAN MEMENUHI,0.0,KM,2025
639,6385,35,JAWA TIMUR,2025,KOTA MALANG,JLN. A. YANI,LEBAR BAHU KANAN TIDAK MEMENUHI,1.58,KM,2025
639,6386,35,JAWA TIMUR,2025,KOTA MALANG,JLN. A. YANI,LEBAR BAHU KIRI MEMENUHI,0.0,KM,2025
639,6387,35,JAWA TIMUR,2025,KOTA MALANG,JLN. A. YANI,LEBAR BAHU KIRI TIDAK MEMENUHI,1.58,KM,2025
639,6388,35,JAWA TIMUR,2025,KOTA MALANG,JLN. A. YANI,LEBAR JALAN MEMENUHI,1.58,KM,2025
639,6389,35,JAWA TIMUR,2025,KOTA MALANG,JLN. A. YANI,LEBAR JALAN TIDAK MEMENUHI,0.0,KM,2025
639,6390,35,JAWA TIMUR,2025,KOTA MALANG,JLN. A. YANI,PANJANG JALAN,1.58,KM,2025
640,6391,35,JAWA TIMUR,2025,KOTA MALANG,JLN. KOL. SUGIONO,BANGUNAN PELENGKAP,0.0,KM,2025
640,6392,35,JAWA TIMUR,2025,KOTA MALANG,JLN. KOL. SUGIONO,KELANDAIAN MEMENUHI,0.0,KM,2025
640,6393,35,JAWA TIMUR,2025,KOTA MALANG,JLN. KOL. SUGIONO,KELANDAIAN TIDAK MEMENUHI,0.0,KM,2025
640,6394,35,JAWA TIMUR,2025,KOTA MALANG,JLN. KOL. SUGIONO,LEBAR BAHU KANAN MEMENUHI,1.03,KM,2025
640,6395,35,JAWA TIMUR,2025,KOTA MALANG,JLN. KOL. SUGIONO,LEBAR BAHU KANAN TIDAK MEMENUHI,0.0,KM,2025
640,6396,35,JAWA TIMUR,2025,KOTA MALANG,JLN. KOL. SUGIONO,LEBAR BAHU KIRI MEMENUHI,0.63,KM,2025
640,6397,35,JAWA TIMUR,2025,KOTA MALANG,JLN. KOL. SUGIONO,LEBAR BAHU KIRI TIDAK MEMENUHI,0.4,KM,2025
640,6398,35,JAWA TIMUR,2025,KOTA MALANG,JLN. KOL. SUGIONO,LEBAR JALAN MEMENUHI,1.03,KM,2025
640,6399,35,JAWA TIMUR,2025,KOTA MALANG,JLN. KOL. SUGIONO,LEBAR JALAN TIDAK MEMENUHI,0.0,KM,2025
640,6400,35,JAWA TIMUR,2025,KOTA MALANG,JLN. KOL. SUGIONO,PANJANG JALAN,1.03,KM,2025
641,6401,35,JAWA TIMUR,2025,KOTA MALANG,JLN. LAKSDA ADISUCIPTO,BANGUNAN PELENGKAP,0.0,KM,2025
641,6402,35,JAWA TIMUR,2025,KOTA MALANG,JLN. LAKSDA ADISUCIPTO,KELANDAIAN MEMENUHI,0.0,KM,2025
641,6403,35,JAWA TIMUR,2025,KOTA MALANG,JLN. LAKSDA ADISUCIPTO,KELANDAIAN TIDAK MEMENUHI,0.0,KM,2025
641,6404,35,JAWA TIMUR,2025,KOTA MALANG,JLN. LAKSDA ADISUCIPTO,LEBAR BAHU KANAN MEMENUHI,2.34,KM,2025
641,6405,35,JAWA TIMUR,2025,KOTA MALANG,JLN. LAKSDA ADISUCIPTO,LEBAR BAHU KANAN TIDAK MEMENUHI,0.3,KM,2025
641,6406,35,JAWA TIMUR,2025,KOTA MALANG,JLN. LAKSDA ADISUCIPTO,LEBAR BAHU KIRI MEMENUHI,1.94,KM,2025
641,6407,35,JAWA TIMUR,2025,KOTA MALANG,JLN. LAKSDA ADISUCIPTO,LEBAR BAHU KIRI TIDAK MEMENUHI,0.7,KM,2025
641,6408,35,JAWA TIMUR,2025,KOTA MALANG,JLN. LAKSDA ADISUCIPTO,LEBAR JALAN MEMENUHI,2.5,KM,2025
641,6409,35,JAWA TIMUR,2025,KOTA MALANG,JLN. LAKSDA ADISUCIPTO,LEBAR JALAN TIDAK MEMENUHI,0.14,KM,2025
641,6410,35,JAWA TIMUR,2025,KOTA MALANG,JLN. LAKSDA ADISUCIPTO,PANJANG JALAN,2.64,KM,2025
642,6411,35,JAWA TIMUR,2025,KOTA PASURUAN,JLN. KH. AHMAD DAHLAN/POHJENTREK,BANGUNAN PELENGKAP,0.0,KM,2025
642,6412,35,JAWA TIMUR,2025,KOTA PASURUAN,JLN. KH. AHMAD DAHLAN/POHJENTREK,KELANDAIAN MEMENUHI,0.0,KM,2025
642,6413,35,JAWA TIMUR,2025,KOTA PASURUAN,JLN. KH. AHMAD DAHLAN/POHJENTREK,KELANDAIAN TIDAK MEMENUHI,0.0,KM,2025
642,6414,35,JAWA TIMUR,2025,KOTA PASURUAN,JLN. KH. AHMAD DAHLAN/POHJENTREK,LEBAR BAHU KANAN MEMENUHI,0.68,KM,2025
642,6415,35,JAWA TIMUR,2025,KOTA PASURUAN,JLN. KH. AHMAD DAHLAN/POHJENTREK,LEBAR BAHU KANAN TIDAK MEMENUHI,0.6,KM,2025
642,6416,35,JAWA TIMUR,2025,KOTA PASURUAN,JLN. KH. AHMAD DAHLAN/POHJENTREK,LEBAR BAHU KIRI MEMENUHI,0.68,KM,2025
642,6417,35,JAWA TIMUR,2025,KOTA PASURUAN,JLN. KH. AHMAD DAHLAN/POHJENTREK,LEBAR BAHU KIRI TIDAK MEMENUHI,0.6,KM,2025
642,6418,35,JAWA TIMUR,2025,KOTA PASURUAN,JLN. KH. AHMAD DAHLAN/POHJENTREK,LEBAR JALAN MEMENUHI,1.28,KM,2025
642,6419,35,JAWA TIMUR,2025,KOTA PASURUAN,JLN. KH. AHMAD DAHLAN/POHJENTREK,LEBAR JALAN TIDAK MEMENUHI,0.0,KM,2025
642,6420,35,JAWA TIMUR,2025,KOTA PASURUAN,JLN. KH. AHMAD DAHLAN/POHJENTREK,PANJANG JALAN,1.28,KM,2025
643,6421,35,JAWA TIMUR,2025,KOTA SURABAYA,JLN. MASTRIP,BANGUNAN PELENGKAP,0.0,KM,2025
643,6422,35,JAWA TIMUR,2025,KOTA SURABAYA,JLN. MASTRIP,KELANDAIAN MEMENUHI,0.0,KM,2025
643,6423,35,JAWA TIMUR,2025,KOTA SURABAYA,JLN. MASTRIP,KELANDAIAN TIDAK MEMENUHI,0.0,KM,2025
643,6424,35,JAWA TIMUR,2025,KOTA SURABAYA,JLN. MASTRIP,LEBAR BAHU KANAN MEMENUHI,3.25,KM,2025
643,6425,35,JAWA TIMUR,2025,KOTA SURABAYA,JLN. MASTRIP,LEBAR BAHU KANAN TIDAK MEMENUHI,4.6,KM,2025
643,6426,35,JAWA TIMUR,2025,KOTA SURABAYA,JLN. MASTRIP,LEBAR BAHU KIRI MEMENUHI,6.25,KM,2025
643,6427,35,JAWA TIMUR,2025,KOTA SURABAYA,JLN. MASTRIP,LEBAR BAHU KIRI TIDAK MEMENUHI,1.6,KM,2025
643,6428,35,JAWA TIMUR,2025,KOTA SURABAYA,JLN. MASTRIP,LEBAR JALAN MEMENUHI,6.5,KM,2025
643,6429,35,JAWA TIMUR,2025,KOTA SURABAYA,JLN. MASTRIP,LEBAR JALAN TIDAK MEMENUHI,0.9,KM,2025
643,6430,35,JAWA TIMUR,2025,KOTA SURABAYA,JLN. MASTRIP,PANJANG JALAN,7.85,KM,2025
644,6431,35,JAWA TIMUR,2025,KOTA SURABAYA,JLN. PRABU SILIWANGI,BANGUNAN PELENGKAP,0.0,KM,2025
644,6432,35,JAWA TIMUR,2025,KOTA SURABAYA,JLN. PRABU SILIWANGI,KELANDAIAN MEMENUHI,0.0,KM,2025
644,6433,35,JAWA TIMUR,2025,KOTA SURABAYA,JLN. PRABU SILIWANGI,KELANDAIAN TIDAK MEMENUHI,0.0,KM,2025
644,6434,35,JAWA TIMUR,2025,KOTA SURABAYA,JLN. PRABU SILIWANGI,LEBAR BAHU KANAN MEMENUHI,0.0,KM,2025
644,6435,35,JAWA TIMUR,2025,KOTA SURABAYA,JLN. PRABU SILIWANGI,LEBAR BAHU KANAN TIDAK MEMENUHI,0.62,KM,2025
644,6436,35,JAWA TIMUR,2025,KOTA SURABAYA,JLN. PRABU SILIWANGI,LEBAR BAHU KIRI MEMENUHI,0.0,KM,2025
644,6437,35,JAWA TIMUR,2025,KOTA SURABAYA,JLN. PRABU SILIWANGI,LEBAR BAHU KIRI TIDAK MEMENUHI,0.62,KM,2025
644,6438,35,JAWA TIMUR,2025,KOTA SURABAYA,JLN. PRABU SILIWANGI,LEBAR JALAN MEMENUHI,0.62,KM,2025
644,6439,35,JAWA TIMUR,2025,KOTA SURABAYA,JLN. PRABU SILIWANGI,LEBAR JALAN TIDAK MEMENUHI,0.0,KM,2025
644,6440,35,JAWA TIMUR,2025,KOTA SURABAYA,JLN. PRABU SILIWANGI,PANJANG JALAN,0.62,KM,2025
645,6441,35,JAWA TIMUR,2025,KOTA SURABAYA,JLN. GUNUNGSARI,BANGUNAN PELENGKAP,0.0,KM,2025
645,6442,35,JAWA TIMUR,2025,KOTA SURABAYA,JLN. GUNUNGSARI,KELANDAIAN MEMENUHI,0.0,KM,2025
645,6443,35,JAWA TIMUR,2025,KOTA SURABAYA,JLN. GUNUNGSARI,KELANDAIAN TIDAK MEMENUHI,0.0,KM,2025
645,6444,35,JAWA TIMUR,2025,KOTA SURABAYA,JLN. GUNUNGSARI,LEBAR BAHU KANAN MEMENUHI,0.0,KM,2025
645,6445,35,JAWA TIMUR,2025,KOTA SURABAYA,JLN. GUNUNGSARI,LEBAR BAHU KANAN TIDAK MEMENUHI,2.84,KM,2025
645,6446,35,JAWA TIMUR,2025,KOTA SURABAYA,JLN. GUNUNGSARI,LEBAR BAHU KIRI MEMENUHI,0.0,KM,2025
645,6447,35,JAWA TIMUR,2025,KOTA SURABAYA,JLN. GUNUNGSARI,LEBAR BAHU KIRI TIDAK MEMENUHI,2.84,KM,2025
645,6448,35,JAWA TIMUR,2025,KOTA SURABAYA,JLN. GUNUNGSARI,LEBAR JALAN MEMENUHI,2.84,KM,2025
645,6449,35,JAWA TIMUR,2025,KOTA SURABAYA,JLN. GUNUNGSARI,LEBAR JALAN TIDAK MEMENUHI,0.0,KM,2025
645,6450,35,JAWA TIMUR,2025,KOTA SURABAYA,JLN. GUNUNGSARI,PANJANG JALAN,2.84,KM,2025
646,6451,35,JAWA TIMUR,2025,KOTA SURABAYA,JLN. JOYOBOYO,BANGUNAN PELENGKAP,0.0,KM,2025
646,6452,35,JAWA TIMUR,2025,KOTA SURABAYA,JLN. JOYOBOYO,KELANDAIAN MEMENUHI,0.0,KM,2025
646,6453,35,JAWA TIMUR,2025,KOTA SURABAYA,JLN. JOYOBOYO,KELANDAIAN TIDAK MEMENUHI,0.0,KM,2025
646,6454,35,JAWA TIMUR,2025,KOTA SURABAYA,JLN. JOYOBOYO,LEBAR BAHU KANAN MEMENUHI,0.0,KM,2025
646,6455,35,JAWA TIMUR,2025,KOTA SURABAYA,JLN. JOYOBOYO,LEBAR BAHU KANAN TIDAK MEMENUHI,0.88,KM,2025
646,6456,35,JAWA TIMUR,2025,KOTA SURABAYA,JLN. JOYOBOYO,LEBAR BAHU KIRI MEMENUHI,0.0,KM,2025
646,6457,35,JAWA TIMUR,2025,KOTA SURABAYA,JLN. JOYOBOYO,LEBAR BAHU KIRI TIDAK MEMENUHI,0.88,KM,2025
646,6458,35,JAWA TIMUR,2025,KOTA SURABAYA,JLN. JOYOBOYO,LEBAR JALAN MEMENUHI,0.88,KM,2025
646,6459,35,JAWA TIMUR,2025,KOTA SURABAYA,JLN. JOYOBOYO,LEBAR JALAN TIDAK MEMENUHI,0.0,KM,2025
646,6460,35,JAWA TIMUR,2025,KOTA SURABAYA,JLN. JOYOBOYO,PANJANG JALAN,0.88,KM,2025
647,6461,35,JAWA TIMUR,2025,KOTA BATU,JLN. RAYA CANGAR,BANGUNAN PELENGKAP,0.0,KM,2025
647,6462,35,JAWA TIMUR,2025,KOTA BATU,JLN. RAYA CANGAR,KELANDAIAN MEMENUHI,0.0,KM,2025
647,6463,35,JAWA TIMUR,2025,KOTA BATU,JLN. RAYA CANGAR,KELANDAIAN TIDAK MEMENUHI,0.0,KM,2025
647,6464,35,JAWA TIMUR,2025,KOTA BATU,JLN. RAYA CANGAR,LEBAR BAHU KANAN MEMENUHI,7.07,KM,2025
647,6465,35,JAWA TIMUR,2025,KOTA BATU,JLN. RAYA CANGAR,LEBAR BAHU KANAN TIDAK MEMENUHI,0.5,KM,2025
647,6466,35,JAWA TIMUR,2025,KOTA BATU,JLN. RAYA CANGAR,LEBAR BAHU KIRI MEMENUHI,7.47,KM,2025
647,6467,35,JAWA TIMUR,2025,KOTA BATU,JLN. RAYA CANGAR,LEBAR BAHU KIRI TIDAK MEMENUHI,0.1,KM,2025
647,6468,35,JAWA TIMUR,2025,KOTA BATU,JLN. RAYA CANGAR,LEBAR JALAN MEMENUHI,0.5,KM,2025
647,6469,35,JAWA TIMUR,2025,KOTA BATU,JLN. RAYA CANGAR,LEBAR JALAN TIDAK MEMENUHI,7.07,KM,2025
647,6470,35,JAWA TIMUR,2025,KOTA BATU,JLN. RAYA CANGAR,PANJANG JALAN,7.57,KM,2025
648,6471,35,JAWA TIMUR,2025,KOTA BATU,JLN. RAYA TULUNGREJO,BANGUNAN PELENGKAP,0.0,KM,2025
648,6472,35,JAWA TIMUR,2025,KOTA BATU,JLN. RAYA TULUNGREJO,KELANDAIAN MEMENUHI,0.0,KM,2025
648,6473,35,JAWA TIMUR,2025,KOTA BATU,JLN. RAYA TULUNGREJO,KELANDAIAN TIDAK MEMENUHI,0.0,KM,2025
648,6474,35,JAWA TIMUR,2025,KOTA BATU,JLN. RAYA TULUNGREJO,LEBAR BAHU KANAN MEMENUHI,5.4,KM,2025
648,6475,35,JAWA TIMUR,2025,KOTA BATU,JLN. RAYA TULUNGREJO,LEBAR BAHU KANAN TIDAK MEMENUHI,1.95,KM,2025
648,6476,35,JAWA TIMUR,2025,KOTA BATU,JLN. RAYA TULUNGREJO,LEBAR BAHU KIRI MEMENUHI,6.35,KM,2025
648,6477,35,JAWA TIMUR,2025,KOTA BATU,JLN. RAYA TULUNGREJO,LEBAR BAHU KIRI TIDAK MEMENUHI,1.0,KM,2025
648,6478,35,JAWA TIMUR,2025,KOTA BATU,JLN. RAYA TULUNGREJO,LEBAR JALAN MEMENUHI,0.7,KM,2025
648,6479,35,JAWA TIMUR,2025,KOTA BATU,JLN. RAYA TULUNGREJO,LEBAR JALAN TIDAK MEMENUHI,6.65,KM,2025
648,6480,35,JAWA TIMUR,2025,KOTA BATU,JLN. RAYA TULUNGREJO,PANJANG JALAN,7.35,KM,2025
649,6481,35,JAWA TIMUR,2025,KOTA BATU,JLN. RAYA PUNTEN,BANGUNAN PELENGKAP,0.0,KM,2025
649,6482,35,JAWA TIMUR,2025,KOTA BATU,JLN. RAYA PUNTEN,KELANDAIAN MEMENUHI,0.0,KM,2025
649,6483,35,JAWA TIMUR,2025,KOTA BATU,JLN. RAYA PUNTEN,KELANDAIAN TIDAK MEMENUHI,0.0,KM,2025
649,6484,35,JAWA TIMUR,2025,KOTA BATU,JLN. RAYA PUNTEN,LEBAR BAHU KANAN MEMENUHI,0.8,KM,2025
649,6485,35,JAWA TIMUR,2025,KOTA BATU,JLN. RAYA PUNTEN,LEBAR BAHU KANAN TIDAK MEMENUHI,0.7,KM,2025
649,6486,35,JAWA TIMUR,2025,KOTA BATU,JLN. RAYA PUNTEN,LEBAR BAHU KIRI MEMENUHI,1.0,KM,2025
649,6487,35,JAWA TIMUR,2025,KOTA BATU,JLN. RAYA PUNTEN,LEBAR BAHU KIRI TIDAK MEMENUHI,0.5,KM,2025
649,6488,35,JAWA TIMUR,2025,KOTA BATU,JLN. RAYA PUNTEN,LEBAR JALAN MEMENUHI,1.0,KM,2025
649,6489,35,JAWA TIMUR,2025,KOTA BATU,JLN. RAYA PUNTEN,LEBAR JALAN TIDAK MEMENUHI,0.5,KM,2025
649,6490,35,JAWA TIMUR,2025,KOTA BATU,JLN. RAYA PUNTEN,PANJANG JALAN,1.5,KM,2025
650,6491,35,JAWA TIMUR,2025,KOTA BATU,JLN. BUKIT BERBUNGA,BANGUNAN PELENGKAP,0.0,KM,2025
650,6492,35,JAWA TIMUR,2025,KOTA BATU,JLN. BUKIT BERBUNGA,KELANDAIAN MEMENUHI,0.0,KM,2025
650,6493,35,JAWA TIMUR,2025,KOTA BATU,JLN. BUKIT BERBUNGA,KELANDAIAN TIDAK MEMENUHI,0.0,KM,2025
650,6494,35,JAWA TIMUR,2025,KOTA BATU,JLN. BUKIT BERBUNGA,LEBAR BAHU KANAN MEMENUHI,0.89,KM,2025
650,6495,35,JAWA TIMUR,2025,KOTA BATU,JLN. BUKIT BERBUNGA,LEBAR BAHU KANAN TIDAK MEMENUHI,1.5,KM,2025
650,6496,35,JAWA TIMUR,2025,KOTA BATU,JLN. BUKIT BERBUNGA,LEBAR BAHU KIRI MEMENUHI,1.19,KM,2025
650,6497,35,JAWA TIMUR,2025,KOTA BATU,JLN. BUKIT BERBUNGA,LEBAR BAHU KIRI TIDAK MEMENUHI,1.2,KM,2025
650,6498,35,JAWA TIMUR,2025,KOTA BATU,JLN. BUKIT BERBUNGA,LEBAR JALAN MEMENUHI,2.29,KM,2025
650,6499,35,JAWA TIMUR,2025,KOTA BATU,JLN. BUKIT BERBUNGA,LEBAR JALAN TIDAK MEMENUHI,0.1,KM,2025
650,6500,35,JAWA TIMUR,2025,KOTA BATU,JLN. BUKIT BERBUNGA,PANJANG JALAN,2.39,KM,2025
651,6501,35,JAWA TIMUR,2025,KOTA BATU,JLN. BRANTAS,BANGUNAN PELENGKAP,0.0,KM,2025
651,6502,35,JAWA TIMUR,2025,KOTA BATU,JLN. BRANTAS,KELANDAIAN MEMENUHI,0.0,KM,2025
651,6503,35,JAWA TIMUR,2025,KOTA BATU,JLN. BRANTAS,KELANDAIAN TIDAK MEMENUHI,0.0,KM,2025
651,6504,35,JAWA TIMUR,2025,KOTA BATU,JLN. BRANTAS,LEBAR BAHU KANAN MEMENUHI,0.3,KM,2025
651,6505,35,JAWA TIMUR,2025,KOTA BATU,JLN. BRANTAS,LEBAR BAHU KANAN TIDAK MEMENUHI,0.56,KM,2025
651,6506,35,JAWA TIMUR,2025,KOTA BATU,JLN. BRANTAS,LEBAR BAHU KIRI MEMENUHI,0.4,KM,2025
651,6507,35,JAWA TIMUR,2025,KOTA BATU,JLN. BRANTAS,LEBAR BAHU KIRI TIDAK MEMENUHI,0.46,KM,2025
651,6508,35,JAWA TIMUR,2025,KOTA BATU,JLN. BRANTAS,LEBAR JALAN MEMENUHI,0.86,KM,2025
651,6509,35,JAWA TIMUR,2025,KOTA BATU,JLN. BRANTAS,LEBAR JALAN TIDAK MEMENUHI,0.0,KM,2025
651,6510,35,JAWA TIMUR,2025,KOTA BATU,JLN. BRANTAS,PANJANG JALAN,0.86,KM,2025
652,6511,35,JAWA TIMUR,2025,KOTA BATU,JLN. TRUNOJOYO,BANGUNAN PELENGKAP,0.0,KM,2025
652,6512,35,JAWA TIMUR,2025,KOTA BATU,JLN. TRUNOJOYO,KELANDAIAN MEMENUHI,0.0,KM,2025
652,6513,35,JAWA TIMUR,2025,KOTA BATU,JLN. TRUNOJOYO,KELANDAIAN TIDAK MEMENUHI,0.0,KM,2025
652,6514,35,JAWA TIMUR,2025,KOTA BATU,JLN. TRUNOJOYO,LEBAR BAHU KANAN MEMENUHI,4.04,KM,2025
652,6515,35,JAWA TIMUR,2025,KOTA BATU,JLN. TRUNOJOYO,LEBAR BAHU KANAN TIDAK MEMENUHI,0.6,KM,2025
652,6516,35,JAWA TIMUR,2025,KOTA BATU,JLN. TRUNOJOYO,LEBAR BAHU KIRI MEMENUHI,3.34,KM,2025
652,6517,35,JAWA TIMUR,2025,KOTA BATU,JLN. TRUNOJOYO,LEBAR BAHU KIRI TIDAK MEMENUHI,1.3,KM,2025
652,6518,35,JAWA TIMUR,2025,KOTA BATU,JLN. TRUNOJOYO,LEBAR JALAN MEMENUHI,0.7,KM,2025
652,6519,35,JAWA TIMUR,2025,KOTA BATU,JLN. TRUNOJOYO,LEBAR JALAN TIDAK MEMENUHI,3.94,KM,2025
652,6520,35,JAWA TIMUR,2025,KOTA BATU,JLN. TRUNOJOYO,PANJANG JALAN,4.64,KM,2025
653,6521,35,JAWA TIMUR,2025,KOTA BATU,JLN. P. SUDIRMAN,BANGUNAN PELENGKAP,0.0,KM,2025
653,6522,35,JAWA TIMUR,2025,KOTA BATU,JLN. P. SUDIRMAN,KELANDAIAN MEMENUHI,0.0,KM,2025
653,6523,35,JAWA TIMUR,2025,KOTA BATU,JLN. P. SUDIRMAN,KELANDAIAN TIDAK MEMENUHI,0.0,KM,2025
653,6524,35,JAWA TIMUR,2025,KOTA BATU,JLN. P. SUDIRMAN,LEBAR BAHU KANAN MEMENUHI,0.0,KM,2025
653,6525,35,JAWA TIMUR,2025,KOTA BATU,JLN. P. SUDIRMAN,LEBAR BAHU KANAN TIDAK MEMENUHI,1.57,KM,2025
653,6526,35,JAWA TIMUR,2025,KOTA BATU,JLN. P. SUDIRMAN,LEBAR BAHU KIRI MEMENUHI,0.0,KM,2025
653,6527,35,JAWA TIMUR,2025,KOTA BATU,JLN. P. SUDIRMAN,LEBAR BAHU KIRI TIDAK MEMENUHI,1.57,KM,2025
653,6528,35,JAWA TIMUR,2025,KOTA BATU,JLN. P. SUDIRMAN,LEBAR JALAN MEMENUHI,1.57,KM,2025
653,6529,35,JAWA TIMUR,2025,KOTA BATU,JLN. P. SUDIRMAN,LEBAR JALAN TIDAK MEMENUHI,0.0,KM,2025
653,6530,35,JAWA TIMUR,2025,KOTA BATU,JLN. P. SUDIRMAN,PANJANG JALAN,1.57,KM,2025
654,6531,35,JAWA TIMUR,2025,KOTA BATU,JLN. GAJAH MADA,BANGUNAN PELENGKAP,0.0,KM,2025
654,6532,35,JAWA TIMUR,2025,KOTA BATU,JLN. GAJAH MADA,KELANDAIAN MEMENUHI,0.0,KM,2025
654,6533,35,JAWA TIMUR,2025,KOTA BATU,JLN. GAJAH MADA,KELANDAIAN TIDAK MEMENUHI,0.0,KM,2025
654,6534,35,JAWA TIMUR,2025,KOTA BATU,JLN. GAJAH MADA,LEBAR BAHU KANAN MEMENUHI,0.0,KM,2025
654,6535,35,JAWA TIMUR,2025,KOTA BATU,JLN. GAJAH MADA,LEBAR BAHU KANAN TIDAK MEMENUHI,0.26,KM,2025
654,6536,35,JAWA TIMUR,2025,KOTA BATU,JLN. GAJAH MADA,LEBAR BAHU KIRI MEMENUHI,0.0,KM,2025
654,6537,35,JAWA TIMUR,2025,KOTA BATU,JLN. GAJAH MADA,LEBAR BAHU KIRI TIDAK MEMENUHI,0.26,KM,2025
654,6538,35,JAWA TIMUR,2025,KOTA BATU,JLN. GAJAH MADA,LEBAR JALAN MEMENUHI,0.26,KM,2025
654,6539,35,JAWA TIMUR,2025,KOTA BATU,JLN. GAJAH MADA,LEBAR JALAN TIDAK MEMENUHI,0.0,KM,2025
654,6540,35,JAWA TIMUR,2025,KOTA BATU,JLN. GAJAH MADA,PANJANG JALAN,0.26,KM,2025
655,6541,35,JAWA TIMUR,2025,KOTA BATU,JLN. DIPONEGORO,BANGUNAN PELENGKAP,0.0,KM,2025
655,6542,35,JAWA TIMUR,2025,KOTA BATU,JLN. DIPONEGORO,KELANDAIAN MEMENUHI,0.0,KM,2025
655,6543,35,JAWA TIMUR,2025,KOTA BATU,JLN. DIPONEGORO,KELANDAIAN TIDAK MEMENUHI,0.0,KM,2025
655,6544,35,JAWA TIMUR,2025,KOTA BATU,JLN. DIPONEGORO,LEBAR BAHU KANAN MEMENUHI,0.3,KM,2025
655,6545,35,JAWA TIMUR,2025,KOTA BATU,JLN. DIPONEGORO,LEBAR BAHU KANAN TIDAK MEMENUHI,1.04,KM,2025
655,6546,35,JAWA TIMUR,2025,KOTA BATU,JLN. DIPONEGORO,LEBAR BAHU KIRI MEMENUHI,0.5,KM,2025
655,6547,35,JAWA TIMUR,2025,KOTA BATU,JLN. DIPONEGORO,LEBAR BAHU KIRI TIDAK MEMENUHI,0.84,KM,2025
655,6548,35,JAWA TIMUR,2025,KOTA BATU,JLN. DIPONEGORO,LEBAR JALAN MEMENUHI,1.34,KM,2025
655,6549,35,JAWA TIMUR,2025,KOTA BATU,JLN. DIPONEGORO,LEBAR JALAN TIDAK MEMENUHI,0.0,KM,2025
655,6550,35,JAWA TIMUR,2025,KOTA BATU,JLN. DIPONEGORO,PANJANG JALAN,1.34,KM,2025
656,6551,35,JAWA TIMUR,2025,KOTA BATU,JLN. PATIMURA,BANGUNAN PELENGKAP,0.0,KM,2025
656,6552,35,JAWA TIMUR,2025,KOTA BATU,JLN. PATIMURA,KELANDAIAN MEMENUHI,0.0,KM,2025
656,6553,35,JAWA TIMUR,2025,KOTA BATU,JLN. PATIMURA,KELANDAIAN TIDAK MEMENUHI,0.0,KM,2025
656,6554,35,JAWA TIMUR,2025,KOTA BATU,JLN. PATIMURA,LEBAR BAHU KANAN MEMENUHI,0.6,KM,2025
656,6555,35,JAWA TIMUR,2025,KOTA BATU,JLN. PATIMURA,LEBAR BAHU KANAN TIDAK MEMENUHI,0.76,KM,2025
656,6556,35,JAWA TIMUR,2025,KOTA BATU,JLN. PATIMURA,LEBAR BAHU KIRI MEMENUHI,0.96,KM,2025
656,6557,35,JAWA TIMUR,2025,KOTA BATU,JLN. PATIMURA,LEBAR BAHU KIRI TIDAK MEMENUHI,0.4,KM,2025
656,6558,35,JAWA TIMUR,2025,KOTA BATU,JLN. PATIMURA,LEBAR JALAN MEMENUHI,1.36,KM,2025
656,6559,35,JAWA TIMUR,2025,KOTA BATU,JLN. PATIMURA,LEBAR JALAN TIDAK MEMENUHI,0.0,KM,2025
656,6560,35,JAWA TIMUR,2025,KOTA BATU,JLN. PATIMURA,PANJANG JALAN,1.36,KM,2025
657,6561,35,JAWA TIMUR,2025,KOTA BATU,JLN. IR. SOEKARNO,BANGUNAN PELENGKAP,0.0,KM,2025
657,6562,35,JAWA TIMUR,2025,KOTA BATU,JLN. IR. SOEKARNO,KELANDAIAN MEMENUHI,0.0,KM,2025
657,6563,35,JAWA TIMUR,2025,KOTA BATU,JLN. IR. SOEKARNO,KELANDAIAN TIDAK MEMENUHI,0.0,KM,2025
657,6564,35,JAWA TIMUR,2025,KOTA BATU,JLN. IR. SOEKARNO,LEBAR BAHU KANAN MEMENUHI,4.48,KM,2025
657,6565,35,JAWA TIMUR,2025,KOTA BATU,JLN. IR. SOEKARNO,LEBAR BAHU KANAN TIDAK MEMENUHI,0.7,KM,2025
657,6566,35,JAWA TIMUR,2025,KOTA BATU,JLN. IR. SOEKARNO,LEBAR BAHU KIRI MEMENUHI,4.18,KM,2025
657,6567,35,JAWA TIMUR,2025,KOTA BATU,JLN. IR. SOEKARNO,LEBAR BAHU KIRI TIDAK MEMENUHI,1.0,KM,2025
657,6568,35,JAWA TIMUR,2025,KOTA BATU,JLN. IR. SOEKARNO,LEBAR JALAN MEMENUHI,5.18,KM,2025
657,6569,35,JAWA TIMUR,2025,KOTA BATU,JLN. IR. SOEKARNO,LEBAR JALAN TIDAK MEMENUHI,0.0,KM,2025
657,6570,35,JAWA TIMUR,2025,KOTA BATU,JLN. IR. SOEKARNO,PANJANG JALAN,5.18,KM,2025
658,6571,35,JAWA TIMUR,2025,KOTA BATU,JLN. DR. M. HATTA,BANGUNAN PELENGKAP,0.0,KM,2025
658,6572,35,JAWA TIMUR,2025,KOTA BATU,JLN. DR. M. HATTA,KELANDAIAN MEMENUHI,0.0,KM,2025
658,6573,35,JAWA TIMUR,2025,KOTA BATU,JLN. DR. M. HATTA,KELANDAIAN TIDAK MEMENUHI,0.0,KM,2025
658,6574,35,JAWA TIMUR,2025,KOTA BATU,JLN. DR. M. HATTA,LEBAR BAHU KANAN MEMENUHI,1.37,KM,2025
658,6575,35,JAWA TIMUR,2025,KOTA BATU,JLN. DR. M. HATTA,LEBAR BAHU KANAN TIDAK MEMENUHI,0.9,KM,2025
658,6576,35,JAWA TIMUR,2025,KOTA BATU,JLN. DR. M. HATTA,LEBAR BAHU KIRI MEMENUHI,2.07,KM,2025
658,6577,35,JAWA TIMUR,2025,KOTA BATU,JLN. DR. M. HATTA,LEBAR BAHU KIRI TIDAK MEMENUHI,0.2,KM,2025
658,6578,35,JAWA TIMUR,2025,KOTA BATU,JLN. DR. M. HATTA,LEBAR JALAN MEMENUHI,2.27,KM,2025
658,6579,35,JAWA TIMUR,2025,KOTA BATU,JLN. DR. M. HATTA,LEBAR JALAN TIDAK MEMENUHI,0.0,KM,2025
658,6580,35,JAWA TIMUR,2025,KOTA BATU,JLN. DR. M. HATTA,PANJANG JALAN,2.27,KM,2025
